区分,一般名コード,一般名処方の標準的な記載,成分名,規格,一般名処方加算対象,例外コード,同一剤形・規格内の最低薬価,備考,薬価基準収載医薬品コード_例外コード,品名_例外コード,備考_例外コード
内用薬,1124001F2ZZZ,【般】エスタゾラム錠２ｍｇ,エスタゾラム,２ｍｇ１錠,"加算1,2",,6.6,,,,
内用薬,1124003C1ZZZ,【般】ニトラゼパム細粒１％,ニトラゼパム,１％１ｇ,加算1,,10.6,,,,
内用薬,1124003F2ZZZ,【般】ニトラゼパム錠５ｍｇ,ニトラゼパム,５ｍｇ１錠,"加算1,2",,5.7,,,,
内用薬,1124003F3ZZZ,【般】ニトラゼパム錠１０ｍｇ,ニトラゼパム,１０ｍｇ１錠,"加算1,2",,5.9,,,,
内用薬,1124007F1ZZZ,【般】トリアゾラム錠０．１２５ｍｇ,トリアゾラム,０．１２５ｍｇ１錠,"加算1,2",,5.9,,,,
内用薬,1124007F2ZZZ,【般】トリアゾラム錠０．２５ｍｇ,トリアゾラム,０．２５ｍｇ１錠,"加算1,2",,6.1,,,,
内用薬,1124008F1ZZZ,【般】フルニトラゼパム錠１ｍｇ,フルニトラゼパム,１ｍｇ１錠,"加算1,2",,5.9,,,,
内用薬,1124008F2ZZZ,【般】フルニトラゼパム錠２ｍｇ,フルニトラゼパム,２ｍｇ１錠,"加算1,2",,6.1,,,,
内用薬,1124009F1ZZZ,【般】ブロチゾラム錠０．２５ｍｇ,ブロチゾラム,０．２５ｍｇ１錠,"加算1,2",,10.4,,,,
内用薬,1124009F2ZZZ,【般】ブロチゾラム口腔内崩壊錠０．２５ｍｇ,ブロチゾラム,０．２５ｍｇ１錠,"加算1,2",,10.4,,,,
内用薬,1124017F2ZZZ,【般】ジアゼパム錠２ｍｇ,ジアゼパム,２ｍｇ１錠,"加算1,2",,5.9,,,,
内用薬,1124017F4ZZZ,【般】ジアゼパム錠５ｍｇ,ジアゼパム,５ｍｇ１錠,"加算1,2",,6,,,,
内用薬,1124017F5ZZZ,【般】ジアゼパム錠１０ｍｇ,ジアゼパム,１０ｍｇ１錠,"加算1,2",,5.9,,,,
内用薬,1124020F2ZZZ,【般】ブロマゼパム錠２ｍｇ,ブロマゼパム,２ｍｇ１錠,"加算1,2",,5.9,,,,
内用薬,1124020F3ZZZ,【般】ブロマゼパム錠３ｍｇ,ブロマゼパム,３ｍｇ１錠,加算1,,6.1,,,,
内用薬,1124020F4ZZZ,【般】ブロマゼパム錠５ｍｇ,ブロマゼパム,５ｍｇ１錠,"加算1,2",,6.1,,,,
内用薬,1124022F1ZZZ,【般】ロラゼパム錠０．５ｍｇ,ロラゼパム,０．５ｍｇ１錠,"加算1,2",,5.3,,,,
内用薬,1124022F2ZZZ,【般】ロラゼパム錠１ｍｇ,ロラゼパム,１ｍｇ１錠,"加算1,2",,5.9,,,,
内用薬,1124023F1ZZZ,【般】アルプラゾラム錠０．４ｍｇ,アルプラゾラム,０．４ｍｇ１錠,"加算1,2",,5.9,,,,
内用薬,1124023F2ZZZ,【般】アルプラゾラム錠０．８ｍｇ,アルプラゾラム,０．８ｍｇ１錠,"加算1,2",,6.1,,,,
内用薬,1124026C1ZZZ,【般】トフィソパム細粒１０％,トフィソパム,１０％１ｇ,加算1,,10.4,,,,
内用薬,1124026F1ZZZ,【般】トフィソパム錠５０ｍｇ,トフィソパム,５０ｍｇ１錠,"加算1,2",,6.1,,,,
内用薬,1124029F1ZZZ,【般】ロフラゼプ酸エチル錠１ｍｇ,ロフラゼプ酸エチル,１ｍｇ１錠,"加算1,2",,6.1,,,,
内用薬,1124029F2ZZZ,【般】ロフラゼプ酸エチル錠２ｍｇ,ロフラゼプ酸エチル,２ｍｇ１錠,"加算1,2",,9.6,,,,
内用薬,1124030F1ZZZ,【般】クアゼパム錠１５ｍｇ,クアゼパム,１５ｍｇ１錠,"加算1,2",,21.7,,,,
内用薬,1124030F2ZZZ,【般】クアゼパム錠２０ｍｇ,クアゼパム,２０ｍｇ１錠,"加算1,2",,27.8,,,,
内用薬,1129007F1ZZZ,【般】ゾピクロン錠７．５ｍｇ,ゾピクロン,７．５ｍｇ１錠,"加算1,2",,6.7,,,,
内用薬,1129007F2ZZZ,【般】ゾピクロン錠１０ｍｇ,ゾピクロン,１０ｍｇ１錠,"加算1,2",,7.5,,,,
内用薬,1129008F1ZZZ,【般】タンドスピロンクエン酸塩錠５ｍｇ,タンドスピロンクエン酸塩,５ｍｇ１錠,"加算1,2",,6.1,,,,
内用薬,1129008F2ZZZ,【般】タンドスピロンクエン酸塩錠１０ｍｇ,タンドスピロンクエン酸塩,１０ｍｇ１錠,"加算1,2",,9.3,,,,
内用薬,1129008F3ZZZ,【般】タンドスピロンクエン酸塩錠２０ｍｇ,タンドスピロンクエン酸塩,２０ｍｇ１錠,"加算1,2",,18,,,,
内用薬,1129009F1ZZZ,【般】ゾルピデム酒石酸塩錠５ｍｇ,ゾルピデム酒石酸塩,５ｍｇ１錠,"加算1,2",,10.4,,,,
内用薬,1129009F2ZZZ,【般】ゾルピデム酒石酸塩錠１０ｍｇ,ゾルピデム酒石酸塩,１０ｍｇ１錠,"加算1,2",,10.4,,,,
内用薬,1129009F3ZZZ,【般】ゾルピデム酒石酸塩口腔内崩壊錠５ｍｇ,ゾルピデム酒石酸塩,５ｍｇ１錠,加算1,,10.4,,,,
内用薬,1129009F4ZZZ,【般】ゾルピデム酒石酸塩口腔内崩壊錠１０ｍｇ,ゾルピデム酒石酸塩,１０ｍｇ１錠,加算1,,10.4,,,,
内用薬,1129009S1ZZZ,【般】ゾルピデム酒石酸塩経口液５ｍｇ,ゾルピデム酒石酸塩,５ｍｇ１ｍＬ１包,加算1,,29.3,,,,
内用薬,1129009S2ZZZ,【般】ゾルピデム酒石酸塩経口液１０ｍｇ,ゾルピデム酒石酸塩,１０ｍｇ２ｍＬ１包,加算1,,40.4,,,,
内用薬,1129010F1ZZZ,【般】エスゾピクロン錠１ｍｇ,エスゾピクロン,１ｍｇ１錠,"加算1,2",,7.7,,,,
内用薬,1129010F2ZZZ,【般】エスゾピクロン錠２ｍｇ,エスゾピクロン,２ｍｇ１錠,"加算1,2",,12.5,,,,
内用薬,1129010F3ZZZ,【般】エスゾピクロン錠３ｍｇ,エスゾピクロン,３ｍｇ１錠,"加算1,2",,14.6,,,,
内用薬,1139002F1ZZZ,【般】カルバマゼピン錠２００ｍｇ,カルバマゼピン,２００ｍｇ１錠,加算1,,7.7,,,,
内用薬,1139002F2ZZZ,【般】カルバマゼピン錠１００ｍｇ,カルバマゼピン,１００ｍｇ１錠,"加算1,2",,5.9,,,,
内用薬,1139004C1ZZZ,【般】バルプロ酸Ｎａ細粒２０％,バルプロ酸ナトリウム,２０％１ｇ,加算1,,18.1,,,,
内用薬,1139004D1ZZZ,【般】バルプロ酸Ｎａ徐放顆粒４０％,バルプロ酸ナトリウム,４０％１ｇ,"加算1,2",,26.3,,,,
内用薬,1139004GAZZZ,【般】バルプロ酸Ｎａ徐放錠２００ｍｇ,バルプロ酸ナトリウム,２００ｍｇ１錠,"加算1,2",例外コード,10.4,先発品はデパケンＲ錠２００ｍｇ（該当する先発品及び後発品の用法から、一般名コードを例外コードへ変更）,1139004G2012,バルプロ酸ナトリウム２００ｍｇ徐放錠,
内用薬,1139004GAZZZ,【般】バルプロ酸Ｎａ徐放錠２００ｍｇ,バルプロ酸ナトリウム,２００ｍｇ１錠,"加算1,2",例外コード,10.4,先発品はデパケンＲ錠２００ｍｇ（該当する先発品及び後発品の用法から、一般名コードを例外コードへ変更）,1139004G2063,デパケンＲ錠２００ｍｇ,
内用薬,1139004Q1ZZZ,【般】バルプロ酸Ｎａシロップ５％,バルプロ酸ナトリウム,５％１ｍＬ,"加算1,2",,7,,,,
内用薬,1139005B1ZZZ,【般】ゾニサミド散２０％,ゾニサミド,２０％１ｇ,"加算1,2",,25.6,,,,
内用薬,1139005F1ZZZ,【般】ゾニサミド錠１００ｍｇ,ゾニサミド,１００ｍｇ１錠,"加算1,2",,11.7,,,,
内用薬,1139008F1ZZZ,【般】トピラマート錠５０ｍｇ,トピラマート,５０ｍｇ１錠,"加算1,2",,21,,,,
内用薬,1139008F2ZZZ,【般】トピラマート錠１００ｍｇ,トピラマート,１００ｍｇ１錠,"加算1,2",,30.5,,,,
内用薬,1139008F3ZZZ,【般】トピラマート錠２５ｍｇ,トピラマート,２５ｍｇ１錠,"加算1,2",,11.1,,,,
内用薬,1139009F2ZZZ,【般】ラモトリギン錠５ｍｇ,ラモトリギン,５ｍｇ１錠,"加算1,2",,6.1,,,,
内用薬,1139009F3ZZZ,【般】ラモトリギン錠２５ｍｇ,ラモトリギン,２５ｍｇ１錠,"加算1,2",,7.6,,,,
内用薬,1139009F4ZZZ,【般】ラモトリギン錠１００ｍｇ,ラモトリギン,１００ｍｇ１錠,"加算1,2",,28.7,,,,
内用薬,1139010F1ZZZ,【般】レベチラセタム錠２５０ｍｇ,レベチラセタム,２５０ｍｇ１錠,"加算1,2",,25.4,,,,
内用薬,1139010F2ZZZ,【般】レベチラセタム錠５００ｍｇ,レベチラセタム,５００ｍｇ１錠,"加算1,2",,41.6,,,,
内用薬,1139010F3ZZZ,【般】レベチラセタム粒状錠２５０ｍｇ,レベチラセタム,２５０ｍｇ１包,加算1,,25.4,,,,
内用薬,1139010F4ZZZ,【般】レベチラセタム粒状錠５００ｍｇ,レベチラセタム,５００ｍｇ１包,加算1,,41.6,,,,
内用薬,1139010R1ZZZ,【般】レベチラセタムシロップ用５０％,レベチラセタム,５０％１ｇ,"加算1,2",,63.7,,,,
内用薬,1141007F1ZZZ,【般】アセトアミノフェン錠２００ｍｇ,アセトアミノフェン,２００ｍｇ１錠,加算1,,6.1,,,,
内用薬,1141007F2ZZZ,【般】アセトアミノフェン錠３００ｍｇ,アセトアミノフェン,３００ｍｇ１錠,加算1,,6.1,,,,
内用薬,1141007F3ZZZ,【般】アセトアミノフェン錠５００ｍｇ,アセトアミノフェン,５００ｍｇ１錠,加算1,,11.2,,,,
内用薬,1141007Q1ZZZ,【般】アセトアミノフェンシロップ２％,アセトアミノフェン,２％１ｍＬ,加算1,,4.9,,,,
内用薬,1141007R1ZZZ,【般】アセトアミノフェンシロップ用２０％,アセトアミノフェン,２０％１ｇ,加算1,,7.2,,,,
内用薬,1141007R2ZZZ,【般】アセトアミノフェンシロップ用４０％,アセトアミノフェン,４０％１ｇ,加算1,,14.8,,,,
内用薬,1147002F1ZZZ,【般】ジクロフェナクＮａ錠２５ｍｇ,ジクロフェナクナトリウム,２５ｍｇ１錠,"加算1,2",,5.9,,,,
内用薬,1149001D1ZZZ,【般】イブプロフェン顆粒２０％,イブプロフェン,２０％１ｇ,"加算1,2",,6.5,,,,
内用薬,1149019F1ZZZ,【般】ロキソプロフェンＮａ錠６０ｍｇ,ロキソプロフェンナトリウム水和物,６０ｍｇ１錠,"加算1,2",,10.1,,,,
内用薬,1149029F1ZZZ,【般】ザルトプロフェン錠８０ｍｇ,ザルトプロフェン,８０ｍｇ１錠,"加算1,2",,10.4,,,,
内用薬,1149031F1ZZZ,【般】アクタリット錠１００ｍｇ,アクタリット,１００ｍｇ１錠,"加算1,2",,19.8,該当する後発品の経過措置期限が令和８年３月３１日であることから、同年４月１日以降は一般名処方マスタから削除される予定,,,
内用薬,1149032F1ZZZ,【般】エトドラク錠１００ｍｇ,エトドラク,１００ｍｇ１錠,"加算1,2",,6.1,,,,
内用薬,1149032F2ZZZ,【般】エトドラク錠２００ｍｇ,エトドラク,２００ｍｇ１錠,"加算1,2",,11.5,,,,
内用薬,1149035F1ZZZ,【般】メロキシカム錠５ｍｇ,メロキシカム,５ｍｇ１錠,"加算1,2",,8,,,,
内用薬,1149035F2ZZZ,【般】メロキシカム錠１０ｍｇ,メロキシカム,１０ｍｇ１錠,"加算1,2",,10.8,,,,
内用薬,1149036F1ZZZ,【般】ロルノキシカム錠２ｍｇ,ロルノキシカム,２ｍｇ１錠,"加算1,2",,6.1,,,,
内用薬,1149036F2ZZZ,【般】ロルノキシカム錠４ｍｇ,ロルノキシカム,４ｍｇ１錠,"加算1,2",,6.1,,,,
内用薬,1149037F1ZZZ,【般】セレコキシブ錠１００ｍｇ,セレコキシブ,１００ｍｇ１錠,"加算1,2",,6.1,,,,
内用薬,1149037F2ZZZ,【般】セレコキシブ錠２００ｍｇ,セレコキシブ,２００ｍｇ１錠,"加算1,2",,7.9,,,,
内用薬,1149038F1ZZZ,【般】トラマドール塩酸塩口腔内崩壊錠２５ｍｇ,トラマドール塩酸塩,２５ｍｇ１錠,"加算1,2",,9.4,,,,
内用薬,1149038F2ZZZ,【般】トラマドール塩酸塩口腔内崩壊錠５０ｍｇ,トラマドール塩酸塩,５０ｍｇ１錠,"加算1,2",,16.2,,,,
内用薬,1149117F1ZZZ,【般】トラマドール・アセトアミノフェン配合錠,トラマドール塩酸塩・アセトアミノフェン,１錠,"加算1,2",,7.2,先発品はトラムセット配合錠／後発品はトアラセット配合錠,,,
内用薬,1161001C1ZZZ,【般】アマンタジン塩酸塩細粒１０％,アマンタジン塩酸塩,１０％１ｇ,加算1,,6.7,,,,
内用薬,1161001F1ZZZ,【般】アマンタジン塩酸塩錠５０ｍｇ,アマンタジン塩酸塩,５０ｍｇ１錠,"加算1,2",,6.1,,,,
内用薬,1161001F2ZZZ,【般】アマンタジン塩酸塩錠１００ｍｇ,アマンタジン塩酸塩,１００ｍｇ１錠,"加算1,2",,6.1,,,,
内用薬,1162001B1ZZZ,【般】ビペリデン塩酸塩散１％,ビペリデン塩酸塩,１％１ｇ,加算1,,11,,,,
内用薬,1162001C1ZZZ,【般】ビペリデン塩酸塩細粒１％,ビペリデン塩酸塩,１％１ｇ,"加算1,2",,11,,,,
内用薬,1162001F1ZZZ,【般】ビペリデン塩酸塩錠１ｍｇ,ビペリデン塩酸塩,１ｍｇ１錠,加算1,,5.9,,,,
内用薬,1162001F2ZZZ,【般】ビペリデン塩酸塩錠２ｍｇ,ビペリデン塩酸塩,２ｍｇ１錠,加算1,,5.9,,,,
内用薬,1169002B1ZZZ,【般】トリヘキシフェニジル塩酸塩散１％,トリヘキシフェニジル塩酸塩,１％１ｇ,加算1,,12.1,,,,
内用薬,1169005F1ZZZ,【般】ブロモクリプチンメシル酸塩錠２．５ｍｇ,ブロモクリプチンメシル酸塩,２．５ｍｇ１錠,"加算1,2",,11.7,,,,
内用薬,1169008F1ZZZ,【般】ペルゴリドメシル酸塩錠５０μｇ,ペルゴリドメシル酸塩,５０μｇ１錠,"加算1,2",,15,,,,
内用薬,1169008F2ZZZ,【般】ペルゴリドメシル酸塩錠２５０μｇ,ペルゴリドメシル酸塩,２５０μｇ１錠,"加算1,2",,61.1,,,,
内用薬,1169010F1ZZZ,【般】セレギリン塩酸塩錠２．５ｍｇ,セレギリン塩酸塩,２．５ｍｇ１錠,加算1,,135,,,,
内用薬,1169010F2ZZZ,【般】セレギリン塩酸塩口腔内崩壊錠２．５ｍｇ,セレギリン塩酸塩,２．５ｍｇ１錠,"加算1,2",,135,,,,
内用薬,1169012F1ZZZ,【般】プラミペキソール塩酸塩錠０．１２５ｍｇ,プラミペキソール塩酸塩水和物,０．１２５ｍｇ１錠,"加算1,2",,9.4,先発品はビ・シフロール錠０．１２５ｍｇ,,,
内用薬,1169012F2ZZZ,【般】プラミペキソール塩酸塩錠０．５ｍｇ,プラミペキソール塩酸塩水和物,０．５ｍｇ１錠,"加算1,2",,33,先発品はビ・シフロール錠０．５ｍｇ,,,
内用薬,1169012F3ZZZ,【般】プラミペキソール塩酸塩口腔内崩壊錠０．１２５ｍｇ,プラミペキソール塩酸塩水和物,０．１２５ｍｇ１錠,加算1,,9.4,,,,
内用薬,1169012F4ZZZ,【般】プラミペキソール塩酸塩口腔内崩壊錠０．５ｍｇ,プラミペキソール塩酸塩水和物,０．５ｍｇ１錠,加算1,,33,,,,
内用薬,1169012G1ZZZ,【般】プラミペキソール塩酸塩徐放錠０．３７５ｍｇ,プラミペキソール塩酸塩水和物,０．３７５ｍｇ１錠,"加算1,2",,20.9,先発品はミラペックスＬＡ錠０．３７５ｍｇ,,,
内用薬,1169012G2ZZZ,【般】プラミペキソール塩酸塩徐放錠１．５ｍｇ,プラミペキソール塩酸塩水和物,１．５ｍｇ１錠,"加算1,2",,74,先発品はミラペックスＬＡ錠１．５ｍｇ,,,
内用薬,1169013F1ZZZ,【般】ロピニロール錠０．２５ｍｇ,ロピニロール塩酸塩,０．２５ｍｇ１錠,"加算1,2",,8.7,,,,
内用薬,1169013F2ZZZ,【般】ロピニロール錠１ｍｇ,ロピニロール塩酸塩,１ｍｇ１錠,"加算1,2",,29.9,,,,
内用薬,1169013F3ZZZ,【般】ロピニロール錠２ｍｇ,ロピニロール塩酸塩,２ｍｇ１錠,"加算1,2",,50.6,,,,
内用薬,1169013F4ZZZ,【般】ロピニロール口腔内崩壊錠０．２５ｍｇ,ロピニロール塩酸塩,０．２５ｍｇ１錠,加算1,,8.7,,,,
内用薬,1169013F5ZZZ,【般】ロピニロール口腔内崩壊錠１ｍｇ,ロピニロール塩酸塩,１ｍｇ１錠,加算1,,29.9,,,,
内用薬,1169013F6ZZZ,【般】ロピニロール口腔内崩壊錠２ｍｇ,ロピニロール塩酸塩,２ｍｇ１錠,加算1,,50.6,,,,
内用薬,1169013G1ZZZ,【般】ロピニロール徐放錠２ｍｇ,ロピニロール塩酸塩,２ｍｇ１錠,"加算1,2",,46.8,,,,
内用薬,1169013G2ZZZ,【般】ロピニロール徐放錠８ｍｇ,ロピニロール塩酸塩,８ｍｇ１錠,"加算1,2",,162.7,,,,
内用薬,1169014F1ZZZ,【般】エンタカポン錠１００ｍｇ,エンタカポン,１００ｍｇ１錠,"加算1,2",,26.3,,,,
内用薬,1169015F2ZZZ,【般】ゾニサミド口腔内崩壊錠２５ｍｇ：ＴＲＥ,ゾニサミド,２５ｍｇ１錠,"加算1,2",,275,先発品はトレリーフＯＤ錠２５ｍｇ,,,
内用薬,1169015F3ZZZ,【般】ゾニサミド口腔内崩壊錠５０ｍｇ：ＴＲＥ,ゾニサミド,５０ｍｇ１錠,"加算1,2",,414.4,先発品はトレリーフＯＤ錠５０ｍｇ,,,
内用薬,1169101F1ZZZ,【般】レボドパ１００ｍｇ・カルビドパ配合錠,レボドパ・カルビドパ水和物,１錠,"加算1,2",,8.1,先発品はネオドパストン配合錠Ｌ１００／メネシット配合錠１００,,,
内用薬,1169101F2ZZZ,【般】レボドパ２５０ｍｇ・カルビドパ配合錠,レボドパ・カルビドパ水和物,１錠,"加算1,2",,29.2,先発品はネオドパストン配合錠Ｌ２５０／メネシット配合錠２５０,,,
内用薬,1169101F3ZZZ,【般】レボドパ５０ｍｇ・カルビドパ配合錠,レボドパ・カルビドパ水和物,１錠,加算1,,6.1,,,,
内用薬,1172014F2ZZZ,【般】レボメプロマジンマレイン酸塩錠２５ｍｇ,レボメプロマジンマレイン酸塩,２５ｍｇ１錠,"加算1,2",,5.9,,,,
内用薬,1179008F2ZZZ,【般】マプロチリン塩酸塩錠２５ｍｇ,マプロチリン塩酸塩,２５ｍｇ１錠,"加算1,2",,8.7,,,,
内用薬,1179012F1ZZZ,【般】クロチアゼパム錠５ｍｇ,クロチアゼパム,５ｍｇ１錠,"加算1,2",,5.9,,,,
内用薬,1179012F2ZZZ,【般】クロチアゼパム錠１０ｍｇ,クロチアゼパム,１０ｍｇ１錠,"加算1,2",,8.6,,,,
内用薬,1179016F1ZZZ,【般】スルピリド錠１００ｍｇ,スルピリド,１００ｍｇ１錠,"加算1,2",,6.6,,,,
内用薬,1179016F2ZZZ,【般】スルピリド錠２００ｍｇ,スルピリド,２００ｍｇ１錠,"加算1,2",,8.3,,,,
内用薬,1179017F2ZZZ,【般】炭酸リチウム錠２００ｍｇ,炭酸リチウム,２００ｍｇ１錠,"加算1,2",,10.4,,,,
内用薬,1179019F1ZZZ,【般】ヒドロキシジンパモ酸塩錠２５ｍｇ,ヒドロキシジンパモ酸塩,２５ｍｇ１錠,加算1,,5.9,,,,
内用薬,1179019M1ZZZ,【般】ヒドロキシジンパモ酸塩カプセル２５ｍｇ,ヒドロキシジンパモ酸塩,２５ｍｇ１カプセル,"加算1,2",,5.9,,,,
内用薬,1179020C1ZZZ,【般】ハロペリドール細粒１％,ハロペリドール,１％１ｇ,"加算1,2",,7.7,,,,
内用薬,1179020F1ZZZ,【般】ハロペリドール錠０．７５ｍｇ,ハロペリドール,０．７５ｍｇ１錠,"加算1,2",,6.2,,,,
内用薬,1179020F2ZZZ,【般】ハロペリドール錠１ｍｇ,ハロペリドール,１ｍｇ１錠,"加算1,2",,6.3,,,,
内用薬,1179020F3ZZZ,【般】ハロペリドール錠１．５ｍｇ,ハロペリドール,１．５ｍｇ１錠,"加算1,2",,6.3,,,,
内用薬,1179020F4ZZZ,【般】ハロペリドール錠２ｍｇ,ハロペリドール,２ｍｇ１錠,加算1,,6.4,,,,
内用薬,1179020F5ZZZ,【般】ハロペリドール錠３ｍｇ,ハロペリドール,３ｍｇ１錠,"加算1,2",,6.6,,,,
内用薬,1179023F1ZZZ,【般】ペモリン錠１０ｍｇ,ペモリン,１０ｍｇ１錠,加算1,,6.8,,,,
内用薬,1179023F2ZZZ,【般】ペモリン錠２５ｍｇ,ペモリン,２５ｍｇ１錠,加算1,,13.6,,,,
内用薬,1179023F3ZZZ,【般】ペモリン錠５０ｍｇ,ペモリン,５０ｍｇ１錠,加算1,,30.2,,,,
内用薬,1179024F1ZZZ,【般】ゾテピン錠２５ｍｇ,ゾテピン,２５ｍｇ１錠,"加算1,2",,7.8,該当する後発品の経過措置期限が令和８年３月３１日であることから、同年４月１日以降は一般名処方マスタから削除される予定,,,
内用薬,1179025F1ZZZ,【般】エチゾラム錠０．５ｍｇ,エチゾラム,０．５ｍｇ１錠,"加算1,2",,6.6,,,,
内用薬,1179025F2ZZZ,【般】エチゾラム錠１ｍｇ,エチゾラム,１ｍｇ１錠,"加算1,2",,6.7,,,,
内用薬,1179025F3ZZZ,【般】エチゾラム錠０．２５ｍｇ,エチゾラム,０．２５ｍｇ１錠,"加算1,2",,6.1,,,,
内用薬,1179026C1ZZZ,【般】チミペロン細粒１％,チミペロン,１％１ｇ,"加算1,2",,40.3,該当する先発品及び後発品の経過措置期限が令和８年３月３１日であることから、同年４月１日以降は一般名処方マスタから削除される予定,,,
内用薬,1179026F2ZZZ,【般】チミペロン錠１ｍｇ,チミペロン,１ｍｇ１錠,"加算1,2",,6.1,該当する先発品及び後発品の経過措置期限が令和８年３月３１日であることから、同年４月１日以降は一般名処方マスタから削除される予定,,,
内用薬,1179026F3ZZZ,【般】チミペロン錠３ｍｇ,チミペロン,３ｍｇ１錠,"加算1,2",,15.9,該当する先発品及び後発品の経過措置期限が令和８年３月３１日であることから、同年４月１日以降は一般名処方マスタから削除される予定,,,
内用薬,1179028C1ZZZ,【般】ブロムペリドール細粒１％,ブロムペリドール,１％１ｇ,加算1,,26.5,,,,
内用薬,1179028F1ZZZ,【般】ブロムペリドール錠１ｍｇ,ブロムペリドール,１ｍｇ１錠,加算1,,5.9,,,,
内用薬,1179028F2ZZZ,【般】ブロムペリドール錠３ｍｇ,ブロムペリドール,３ｍｇ１錠,加算1,,6.7,,,,
内用薬,1179028F3ZZZ,【般】ブロムペリドール錠６ｍｇ,ブロムペリドール,６ｍｇ１錠,加算1,,13.3,,,,
内用薬,1179034F1ZZZ,【般】セチプチリンマレイン酸塩錠１ｍｇ,セチプチリンマレイン酸塩,１ｍｇ１錠,"加算1,2",,6.1,,,,
内用薬,1179037F1ZZZ,【般】トラゾドン塩酸塩錠２５ｍｇ,トラゾドン塩酸塩,２５ｍｇ１錠,"加算1,2",,6.1,,,,
内用薬,1179037F2ZZZ,【般】トラゾドン塩酸塩錠５０ｍｇ,トラゾドン塩酸塩,５０ｍｇ１錠,"加算1,2",,7.2,,,,
内用薬,1179038C1ZZZ,【般】リスペリドン細粒１％,リスペリドン,１％１ｇ,"加算1,2",,46.9,,,,
内用薬,1179038F1ZZZ,【般】リスペリドン錠１ｍｇ,リスペリドン,１ｍｇ１錠,"加算1,2",,10.4,,,,
内用薬,1179038F2ZZZ,【般】リスペリドン錠２ｍｇ,リスペリドン,２ｍｇ１錠,"加算1,2",,10.4,,,,
内用薬,1179038F3ZZZ,【般】リスペリドン錠３ｍｇ,リスペリドン,３ｍｇ１錠,"加算1,2",,10.9,,,,
内用薬,1179038F5ZZZ,【般】リスペリドン口腔内崩壊錠１ｍｇ,リスペリドン,１ｍｇ１錠,"加算1,2",,10.4,,,,
内用薬,1179038F6ZZZ,【般】リスペリドン口腔内崩壊錠２ｍｇ,リスペリドン,２ｍｇ１錠,"加算1,2",,10.4,,,,
内用薬,1179038F8ZZZ,【般】リスペリドン口腔内崩壊錠３ｍｇ,リスペリドン,３ｍｇ１錠,加算1,,10.9,,,,
内用薬,1179038S1ZZZ,【般】リスペリドン経口液０．１％,リスペリドン,０．１％１ｍＬ,"加算1,2",,21.9,,,,
内用薬,1179038S2ZZZ,【般】リスペリドン経口液０．１％０．５ｍＬ,リスペリドン,０．１％０．５ｍＬ１包,加算1,,15,,,,
内用薬,1179038S3ZZZ,【般】リスペリドン経口液０．１％１ｍＬ,リスペリドン,０．１％１ｍＬ１包,加算1,,29.7,,,,
内用薬,1179038S4ZZZ,【般】リスペリドン経口液０．１％２ｍＬ,リスペリドン,０．１％２ｍＬ１包,加算1,,36.6,,,,
内用薬,1179038S5ZZZ,【般】リスペリドン経口液０．１％３ｍＬ,リスペリドン,０．１％３ｍＬ１包,加算1,,52.8,,,,
内用薬,1179039F1ZZZ,【般】フルボキサミンマレイン酸塩錠２５ｍｇ,フルボキサミンマレイン酸塩,２５ｍｇ１錠,"加算1,2",,10.4,,,,
内用薬,1179039F2ZZZ,【般】フルボキサミンマレイン酸塩錠５０ｍｇ,フルボキサミンマレイン酸塩,５０ｍｇ１錠,"加算1,2",,13.1,,,,
内用薬,1179039F3ZZZ,【般】フルボキサミンマレイン酸塩錠７５ｍｇ,フルボキサミンマレイン酸塩,７５ｍｇ１錠,"加算1,2",,18.8,,,,
内用薬,1179040F1ZZZ,【般】ミルナシプラン塩酸塩錠１５ｍｇ,ミルナシプラン塩酸塩,１５ｍｇ１錠,"加算1,2",,7.8,,,,
内用薬,1179040F2ZZZ,【般】ミルナシプラン塩酸塩錠２５ｍｇ,ミルナシプラン塩酸塩,２５ｍｇ１錠,"加算1,2",,7.5,,,,
内用薬,1179040F4ZZZ,【般】ミルナシプラン塩酸塩錠５０ｍｇ,ミルナシプラン塩酸塩,５０ｍｇ１錠,"加算1,2",,17.6,,,,
内用薬,1179041F1ZZZ,【般】パロキセチン錠１０ｍｇ,パロキセチン塩酸塩水和物,１０ｍｇ１錠,加算1,,11.6,,,,
内用薬,1179041F2ZZZ,【般】パロキセチン錠２０ｍｇ,パロキセチン塩酸塩水和物,２０ｍｇ１錠,加算1,,18.7,,,,
内用薬,1179041F3ZZZ,【般】パロキセチン錠５ｍｇ,パロキセチン塩酸塩水和物,５ｍｇ１錠,加算1,,10.4,,,,
内用薬,1179041F4ZZZ,【般】パロキセチン口腔内崩壊錠１０ｍｇ,パロキセチン塩酸塩水和物,１０ｍｇ１錠,加算1,,11.6,該当する後発品の経過措置期限が令和８年３月３１日であることから、同年４月１日以降は一般名処方マスタから削除される予定,,,
内用薬,1179041F5ZZZ,【般】パロキセチン口腔内崩壊錠２０ｍｇ,パロキセチン塩酸塩水和物,２０ｍｇ１錠,加算1,,18.7,該当する後発品の経過措置期限が令和８年３月３１日であることから、同年４月１日以降は一般名処方マスタから削除される予定,,,
内用薬,1179041F6ZZZ,【般】パロキセチン口腔内崩壊錠５ｍｇ,パロキセチン塩酸塩水和物,５ｍｇ１錠,加算1,,10.4,該当する後発品の経過措置期限が令和８年３月３１日であることから、同年４月１日以降は一般名処方マスタから削除される予定,,,
内用薬,1179042C1ZZZ,【般】クエチアピン細粒５０％,クエチアピンフマル酸塩,５０％１ｇ,"加算1,2",,134.9,,,,
内用薬,1179042C2ZZZ,【般】クエチアピン細粒１０％,クエチアピンフマル酸塩,１０％１ｇ,加算1,,25.8,,,,
内用薬,1179042F1ZZZ,【般】クエチアピン錠２５ｍｇ,クエチアピンフマル酸塩,２５ｍｇ１錠,"加算1,2",,10.4,,,,
内用薬,1179042F2ZZZ,【般】クエチアピン錠１００ｍｇ,クエチアピンフマル酸塩,１００ｍｇ１錠,"加算1,2",,16.8,,,,
内用薬,1179042F3ZZZ,【般】クエチアピン錠２００ｍｇ,クエチアピンフマル酸塩,２００ｍｇ１錠,"加算1,2",,29.3,,,,
内用薬,1179042F4ZZZ,【般】クエチアピン錠１２．５ｍｇ,クエチアピンフマル酸塩,１２．５ｍｇ１錠,加算1,,10.4,,,,
内用薬,1179042F5ZZZ,【般】クエチアピン錠５０ｍｇ,クエチアピンフマル酸塩,５０ｍｇ１錠,加算1,,11.8,,,,
内用薬,1179043F1ZZZ,【般】ペロスピロン塩酸塩錠４ｍｇ,ペロスピロン塩酸塩水和物,４ｍｇ１錠,"加算1,2",,6.1,,,,
内用薬,1179043F2ZZZ,【般】ペロスピロン塩酸塩錠８ｍｇ,ペロスピロン塩酸塩水和物,８ｍｇ１錠,"加算1,2",,10.5,,,,
内用薬,1179043F3ZZZ,【般】ペロスピロン塩酸塩錠１６ｍｇ,ペロスピロン塩酸塩水和物,１６ｍｇ１錠,"加算1,2",,16.8,,,,
内用薬,1179044C1ZZZ,【般】オランザピン細粒１％,オランザピン,１％１ｇ,"加算1,2",,38.6,,,,
内用薬,1179044F1ZZZ,【般】オランザピン錠２．５ｍｇ,オランザピン,２．５ｍｇ１錠,"加算1,2",,8.2,,,,
内用薬,1179044F2ZZZ,【般】オランザピン錠５ｍｇ,オランザピン,５ｍｇ１錠,"加算1,2",,17,,,,
内用薬,1179044F3ZZZ,【般】オランザピン錠１０ｍｇ,オランザピン,１０ｍｇ１錠,"加算1,2",,30.7,,,,
内用薬,1179044F4ZZZ,【般】オランザピン口腔内崩壊錠５ｍｇ,オランザピン,５ｍｇ１錠,"加算1,2",,17,,,,
内用薬,1179044F5ZZZ,【般】オランザピン口腔内崩壊錠１０ｍｇ,オランザピン,１０ｍｇ１錠,"加算1,2",,30.7,,,,
内用薬,1179044F6ZZZ,【般】オランザピン口腔内崩壊錠２．５ｍｇ,オランザピン,２．５ｍｇ１錠,"加算1,2",,8.2,,,,
内用薬,1179044F7ZZZ,【般】オランザピン錠１．２５ｍｇ,オランザピン,１．２５ｍｇ１錠,加算1,,6.1,,,,
内用薬,1179044F8ZZZ,【般】オランザピン錠２０ｍｇ,オランザピン,２０ｍｇ１錠,加算1,,44.4,,,,
内用薬,1179044F9ZZZ,【般】オランザピン口腔内崩壊錠１．２５ｍｇ,オランザピン,１．２５ｍｇ１錠,加算1,,6.1,,,,
内用薬,1179045B1ZZZ,【般】アリピプラゾール散１％,アリピプラゾール,１％１ｇ,"加算1,2",,18.6,,,,
内用薬,1179045C1ZZZ,【般】アリピプラゾール細粒１％,アリピプラゾール,１％１ｇ,加算1,,18.6,,,,
内用薬,1179045F1ZZZ,【般】アリピプラゾール錠３ｍｇ,アリピプラゾール,３ｍｇ１錠,"加算1,2",,6.4,,,,
内用薬,1179045F2ZZZ,【般】アリピプラゾール錠６ｍｇ,アリピプラゾール,６ｍｇ１錠,"加算1,2",,11.8,,,,
内用薬,1179045F3ZZZ,【般】アリピプラゾール錠１２ｍｇ,アリピプラゾール,１２ｍｇ１錠,"加算1,2",,22.7,,,,
内用薬,1179045F4ZZZ,【般】アリピプラゾール口腔内崩壊錠３ｍｇ,アリピプラゾール,３ｍｇ１錠,"加算1,2",,6.4,,,,
内用薬,1179045F5ZZZ,【般】アリピプラゾール口腔内崩壊錠６ｍｇ,アリピプラゾール,６ｍｇ１錠,"加算1,2",,11.8,,,,
内用薬,1179045F6ZZZ,【般】アリピプラゾール口腔内崩壊錠１２ｍｇ,アリピプラゾール,１２ｍｇ１錠,"加算1,2",,22.7,,,,
内用薬,1179045F7ZZZ,【般】アリピプラゾール口腔内崩壊錠２４ｍｇ,アリピプラゾール,２４ｍｇ１錠,"加算1,2",,47.7,,,,
内用薬,1179045F8ZZZ,【般】アリピプラゾール錠１ｍｇ,アリピプラゾール,１ｍｇ１錠,"加算1,2",,6.1,,,,
内用薬,1179045F9ZZZ,【般】アリピプラゾール錠２４ｍｇ,アリピプラゾール,２４ｍｇ１錠,加算1,,47.7,,,,
内用薬,1179045S2ZZZ,【般】アリピプラゾール経口液０．１％３ｍＬ,アリピプラゾール,０．１％３ｍＬ１包,加算1,,31.7,,,,
内用薬,1179045S3ZZZ,【般】アリピプラゾール経口液０．１％６ｍＬ,アリピプラゾール,０．１％６ｍＬ１包,加算1,,59.7,,,,
内用薬,1179045S4ZZZ,【般】アリピプラゾール経口液０．１％１２ｍＬ,アリピプラゾール,０．１％１２ｍＬ１包,加算1,,133.1,,,,
内用薬,1179045S5ZZZ,【般】アリピプラゾール経口液０．１％１ｍＬ,アリピプラゾール,０．１％１ｍＬ１包,加算1,,18.6,,,,
内用薬,1179046F1ZZZ,【般】セルトラリン錠２５ｍｇ,セルトラリン塩酸塩,２５ｍｇ１錠,"加算1,2",,9.5,,,,
内用薬,1179046F2ZZZ,【般】セルトラリン錠５０ｍｇ,セルトラリン塩酸塩,５０ｍｇ１錠,"加算1,2",,14.7,,,,
内用薬,1179046F3ZZZ,【般】セルトラリン錠１００ｍｇ,セルトラリン塩酸塩,１００ｍｇ１錠,"加算1,2",,24.4,,,,
内用薬,1179046F4ZZZ,【般】セルトラリン口腔内崩壊錠２５ｍｇ,セルトラリン塩酸塩,２５ｍｇ１錠,"加算1,2",,9.5,,,,
内用薬,1179046F5ZZZ,【般】セルトラリン口腔内崩壊錠５０ｍｇ,セルトラリン塩酸塩,５０ｍｇ１錠,"加算1,2",,14.7,,,,
内用薬,1179046F6ZZZ,【般】セルトラリン口腔内崩壊錠１００ｍｇ,セルトラリン塩酸塩,１００ｍｇ１錠,"加算1,2",,24.4,,,,
内用薬,1179048B1ZZZ,【般】ブロナンセリン散２％,ブロナンセリン,２％１ｇ,"加算1,2",,99.2,,,,
内用薬,1179048F1ZZZ,【般】ブロナンセリン錠２ｍｇ,ブロナンセリン,２ｍｇ１錠,"加算1,2",,9.3,,,,
内用薬,1179048F2ZZZ,【般】ブロナンセリン錠４ｍｇ,ブロナンセリン,４ｍｇ１錠,"加算1,2",,18,,,,
内用薬,1179048F3ZZZ,【般】ブロナンセリン錠８ｍｇ,ブロナンセリン,８ｍｇ１錠,"加算1,2",,27.1,,,,
内用薬,1179050F1ZZZ,【般】アトモキセチン錠５ｍｇ,アトモキセチン塩酸塩,５ｍｇ１錠,加算1,,44.5,,,,
内用薬,1179050F2ZZZ,【般】アトモキセチン錠１０ｍｇ,アトモキセチン塩酸塩,１０ｍｇ１錠,加算1,,50.3,,,,
内用薬,1179050F3ZZZ,【般】アトモキセチン錠２５ｍｇ,アトモキセチン塩酸塩,２５ｍｇ１錠,加算1,,62.3,,,,
内用薬,1179050F4ZZZ,【般】アトモキセチン錠４０ｍｇ,アトモキセチン塩酸塩,４０ｍｇ１錠,加算1,,64.7,,,,
内用薬,1179050M1ZZZ,【般】アトモキセチンカプセル５ｍｇ,アトモキセチン塩酸塩,５ｍｇ１カプセル,"加算1,2",,44.5,,,,
内用薬,1179050M2ZZZ,【般】アトモキセチンカプセル１０ｍｇ,アトモキセチン塩酸塩,１０ｍｇ１カプセル,"加算1,2",,50.3,,,,
内用薬,1179050M3ZZZ,【般】アトモキセチンカプセル２５ｍｇ,アトモキセチン塩酸塩,２５ｍｇ１カプセル,"加算1,2",,62.3,,,,
内用薬,1179050M4ZZZ,【般】アトモキセチンカプセル４０ｍｇ,アトモキセチン塩酸塩,４０ｍｇ１カプセル,"加算1,2",,64.7,,,,
内用薬,1179050S1ZZZ,【般】アトモキセチン経口液０．４％,アトモキセチン塩酸塩,０．４％１ｍＬ,"加算1,2",,39.5,,,,
内用薬,1179051F1ZZZ,【般】ミルタザピン錠１５ｍｇ,ミルタザピン,１５ｍｇ１錠,"加算1,2",,13.3,先発品はリフレックス錠１５ｍｇ／レメロン錠１５ｍｇ,,,
内用薬,1179051F2ZZZ,【般】ミルタザピン錠３０ｍｇ,ミルタザピン,３０ｍｇ１錠,"加算1,2",,24.4,先発品はリフレックス錠３０ｍｇ／レメロン錠３０ｍｇ,,,
内用薬,1179051F3ZZZ,【般】ミルタザピン口腔内崩壊錠１５ｍｇ,ミルタザピン,１５ｍｇ１錠,加算1,,13.3,,,,
内用薬,1179051F4ZZZ,【般】ミルタザピン口腔内崩壊錠３０ｍｇ,ミルタザピン,３０ｍｇ１錠,加算1,,24.4,,,,
内用薬,1179052F1ZZZ,【般】デュロキセチン錠２０ｍｇ,デュロキセチン塩酸塩,２０ｍｇ１錠,加算1,,21.7,,,,
内用薬,1179052F2ZZZ,【般】デュロキセチン錠３０ｍｇ,デュロキセチン塩酸塩,３０ｍｇ１錠,加算1,,24.7,,,,
内用薬,1179052F3ZZZ,【般】デュロキセチン口腔内崩壊錠２０ｍｇ,デュロキセチン塩酸塩,２０ｍｇ１錠,加算1,,21.7,,,,
内用薬,1179052F4ZZZ,【般】デュロキセチン口腔内崩壊錠３０ｍｇ,デュロキセチン塩酸塩,３０ｍｇ１錠,加算1,,24.7,,,,
内用薬,1179052M1ZZZ,【般】デュロキセチンカプセル２０ｍｇ,デュロキセチン塩酸塩,２０ｍｇ１カプセル,"加算1,2",,21.7,,,,
内用薬,1179052M2ZZZ,【般】デュロキセチンカプセル３０ｍｇ,デュロキセチン塩酸塩,３０ｍｇ１カプセル,"加算1,2",,24.7,,,,
内用薬,1179054F1ZZZ,【般】エスシタロプラム錠１０ｍｇ,エスシタロプラムシュウ酸塩,１０ｍｇ１錠,"加算1,2",,46,,,,
内用薬,1179054F2ZZZ,【般】エスシタロプラム錠２０ｍｇ,エスシタロプラムシュウ酸塩,２０ｍｇ１錠,"加算1,2",,66.1,,,,
内用薬,1179054F3ZZZ,【般】エスシタロプラム口腔内崩壊錠１０ｍｇ,エスシタロプラムシュウ酸塩,１０ｍｇ１錠,加算1,,46,,,,
内用薬,1179054F4ZZZ,【般】エスシタロプラム口腔内崩壊錠２０ｍｇ,エスシタロプラムシュウ酸塩,２０ｍｇ１錠,加算1,,66.1,,,,
内用薬,1180107D1ZZZ,【般】プロメタジン１．３５％等配合非ピリン系感冒剤,非ピリン系感冒剤,１ｇ,"加算1,2",,6.5,準先発品はＰＬ配合顆粒,,,
内用薬,1180109F1ZZZ,【般】プロメタジン６．７５ｍｇ等配合非ピリン系感冒剤,非ピリン系感冒剤,１錠,加算1,,4.9,,,,
内用薬,1190004C1ZZZ,【般】チアプリド塩酸塩細粒１０％,チアプリド塩酸塩,１０％１ｇ,"加算1,2",,10.7,,,,
内用薬,1190004F1ZZZ,【般】チアプリド塩酸塩錠２５ｍｇ,チアプリド塩酸塩,２５ｍｇ１錠,"加算1,2",,8.2,,,,
内用薬,1190004F2ZZZ,【般】チアプリド塩酸塩錠５０ｍｇ,チアプリド塩酸塩,５０ｍｇ１錠,"加算1,2",,10.4,,,,
内用薬,1190011F1ZZZ,【般】リルゾール錠５０ｍｇ,リルゾール,５０ｍｇ１錠,"加算1,2",,383.5,,,,
内用薬,1190012C1ZZZ,【般】ドネペジル塩酸塩細粒０．５％,ドネペジル塩酸塩,０．５％１ｇ,"加算1,2",,42,,,,
内用薬,1190012F1ZZZ,【般】ドネペジル塩酸塩錠３ｍｇ,ドネペジル塩酸塩,３ｍｇ１錠,"加算1,2",,13,,,,
内用薬,1190012F2ZZZ,【般】ドネペジル塩酸塩錠５ｍｇ,ドネペジル塩酸塩,５ｍｇ１錠,"加算1,2",,23.5,,,,
内用薬,1190012F3ZZZ,【般】ドネペジル塩酸塩口腔内崩壊錠３ｍｇ,ドネペジル塩酸塩,３ｍｇ１錠,"加算1,2",,13,,,,
内用薬,1190012F4ZZZ,【般】ドネペジル塩酸塩口腔内崩壊錠５ｍｇ,ドネペジル塩酸塩,５ｍｇ１錠,"加算1,2",,23.5,,,,
内用薬,1190012F5ZZZ,【般】ドネペジル塩酸塩錠１０ｍｇ,ドネペジル塩酸塩,１０ｍｇ１錠,"加算1,2",,41.1,,,,
内用薬,1190012F6ZZZ,【般】ドネペジル塩酸塩口腔内崩壊錠１０ｍｇ,ドネペジル塩酸塩,１０ｍｇ１錠,"加算1,2",,41.1,,,,
内用薬,1190012Q1ZZZ,【般】ドネペジル塩酸塩経口ゼリー３ｍｇ,ドネペジル塩酸塩,３ｍｇ１個,"加算1,2",,44,,,,
内用薬,1190012Q3ZZZ,【般】ドネペジル塩酸塩経口ゼリー１０ｍｇ,ドネペジル塩酸塩,１０ｍｇ１個,"加算1,2",,116.4,,,,
内用薬,1190012S1ZZZ,【般】ドネペジル塩酸塩経口液３ｍｇ１．５ｍＬ,ドネペジル塩酸塩,３ｍｇ１．５ｍＬ１包,加算1,,44,,,,
内用薬,1190012S3ZZZ,【般】ドネペジル塩酸塩経口液１０ｍｇ５ｍＬ,ドネペジル塩酸塩,１０ｍｇ５ｍＬ１包,加算1,,116.4,,,,
内用薬,1190014F1ZZZ,【般】タルチレリン錠５ｍｇ,タルチレリン水和物,５ｍｇ１錠,"加算1,2",,190.6,,,,
内用薬,1190014F2ZZZ,【般】タルチレリン口腔内崩壊錠５ｍｇ,タルチレリン水和物,５ｍｇ１錠,"加算1,2",,190.6,,,,
内用薬,1190015F1ZZZ,【般】ナルフラフィン塩酸塩口腔内崩壊錠２．５μｇ,ナルフラフィン塩酸塩,２．５μｇ１錠,"加算1,2",,114.4,,,,
内用薬,1190015M1ZZZ,【般】ナルフラフィン塩酸塩カプセル２．５μｇ,ナルフラフィン塩酸塩,２．５μｇ１カプセル,加算1,,114.4,,,,
内用薬,1190016F1ZZZ,【般】ラメルテオン錠８ｍｇ,ラメルテオン,８ｍｇ１錠,"加算1,2",,18.9,,,,
内用薬,1190017F1ZZZ,【般】プレガバリン口腔内崩壊錠２５ｍｇ,プレガバリン,２５ｍｇ１錠,"加算1,2",,7.1,,,,
内用薬,1190017F2ZZZ,【般】プレガバリン口腔内崩壊錠７５ｍｇ,プレガバリン,７５ｍｇ１錠,"加算1,2",,12.1,,,,
内用薬,1190017F3ZZZ,【般】プレガバリン口腔内崩壊錠１５０ｍｇ,プレガバリン,１５０ｍｇ１錠,"加算1,2",,16.4,,,,
内用薬,1190017F4ZZZ,【般】プレガバリン口腔内崩壊錠５０ｍｇ,プレガバリン,５０ｍｇ１錠,加算1,,11.9,,,,
内用薬,1190017M1ZZZ,【般】プレガバリンカプセル２５ｍｇ,プレガバリン,２５ｍｇ１カプセル,"加算1,2",,7.1,,,,
内用薬,1190017M2ZZZ,【般】プレガバリンカプセル７５ｍｇ,プレガバリン,７５ｍｇ１カプセル,"加算1,2",,12.1,,,,
内用薬,1190017M3ZZZ,【般】プレガバリンカプセル１５０ｍｇ,プレガバリン,１５０ｍｇ１カプセル,"加算1,2",,16.4,,,,
内用薬,1190018F1ZZZ,【般】メマンチン塩酸塩錠５ｍｇ,メマンチン塩酸塩,５ｍｇ１錠,"加算1,2",,14,,,,
内用薬,1190018F2ZZZ,【般】メマンチン塩酸塩錠１０ｍｇ,メマンチン塩酸塩,１０ｍｇ１錠,"加算1,2",,26.4,,,,
内用薬,1190018F3ZZZ,【般】メマンチン塩酸塩錠２０ｍｇ,メマンチン塩酸塩,２０ｍｇ１錠,"加算1,2",,46.3,,,,
内用薬,1190018F4ZZZ,【般】メマンチン塩酸塩口腔内崩壊錠５ｍｇ,メマンチン塩酸塩,５ｍｇ１錠,"加算1,2",,14,,,,
内用薬,1190018F5ZZZ,【般】メマンチン塩酸塩口腔内崩壊錠１０ｍｇ,メマンチン塩酸塩,１０ｍｇ１錠,"加算1,2",,26.4,,,,
内用薬,1190018F6ZZZ,【般】メマンチン塩酸塩口腔内崩壊錠２０ｍｇ,メマンチン塩酸塩,２０ｍｇ１錠,"加算1,2",,46.3,,,,
内用薬,1190018F7ZZZ,【般】メマンチン塩酸塩口腔内崩壊錠１５ｍｇ,メマンチン塩酸塩,１５ｍｇ１錠,加算1,,45.4,,,,
内用薬,1190018R1ZZZ,【般】メマンチン塩酸塩シロップ用２％,メマンチン塩酸塩,２％１ｇ,"加算1,2",,98,,,,
内用薬,1190019F1ZZZ,【般】ガランタミン錠４ｍｇ,ガランタミン臭化水素酸塩,４ｍｇ１錠,"加算1,2",,18.4,,,,
内用薬,1190019F2ZZZ,【般】ガランタミン錠８ｍｇ,ガランタミン臭化水素酸塩,８ｍｇ１錠,"加算1,2",,24.1,,,,
内用薬,1190019F3ZZZ,【般】ガランタミン錠１２ｍｇ,ガランタミン臭化水素酸塩,１２ｍｇ１錠,"加算1,2",,27.6,,,,
内用薬,1190019F4ZZZ,【般】ガランタミン口腔内崩壊錠４ｍｇ,ガランタミン臭化水素酸塩,４ｍｇ１錠,"加算1,2",,18.4,,,,
内用薬,1190019F5ZZZ,【般】ガランタミン口腔内崩壊錠８ｍｇ,ガランタミン臭化水素酸塩,８ｍｇ１錠,"加算1,2",,24.1,,,,
内用薬,1190019F6ZZZ,【般】ガランタミン口腔内崩壊錠１２ｍｇ,ガランタミン臭化水素酸塩,１２ｍｇ１錠,"加算1,2",,27.6,,,,
内用薬,1225001F1ZZZ,【般】クロルフェネシンカルバミン酸エステル錠１２５ｍｇ,クロルフェネシンカルバミン酸エステル,１２５ｍｇ１錠,"加算1,2",,6.5,,,,
内用薬,1225001F2ZZZ,【般】クロルフェネシンカルバミン酸エステル錠２５０ｍｇ,クロルフェネシンカルバミン酸エステル,２５０ｍｇ１錠,"加算1,2",,6.5,,,,
内用薬,1231009F1ZZZ,【般】メペンゾラート臭化物錠７．５ｍｇ,メペンゾラート臭化物,７．５ｍｇ１錠,加算1,,5.9,,,,
内用薬,1231013D1ZZZ,【般】チキジウム臭化物顆粒２％,チキジウム臭化物,２％１ｇ,加算1,,8.2,,,,
内用薬,1231013M2ZZZ,【般】チキジウム臭化物カプセル１０ｍｇ,チキジウム臭化物,１０ｍｇ１カプセル,"加算1,2",,6.1,,,,
内用薬,1242002F1ZZZ,【般】ブチルスコポラミン臭化物錠１０ｍｇ,ブチルスコポラミン臭化物,１０ｍｇ１錠,加算1,,6.1,,,,
内用薬,1249005F1ZZZ,【般】チメピジウム臭化物錠３０ｍｇ,チメピジウム臭化物水和物,３０ｍｇ１錠,加算1,,5.9,,,,
内用薬,1249005M1ZZZ,【般】チメピジウム臭化物カプセル３０ｍｇ,チメピジウム臭化物水和物,３０ｍｇ１カプセル,"加算1,2",,5.9,,,,
内用薬,1249009F1ZZZ,【般】エペリゾン塩酸塩錠５０ｍｇ,エペリゾン塩酸塩,５０ｍｇ１錠,"加算1,2",,6.1,,,,
内用薬,1249010F1ZZZ,【般】チザニジン錠１ｍｇ,チザニジン塩酸塩,１ｍｇ１錠,"加算1,2",,6.1,,,,
内用薬,1339002F1ZZZ,【般】ジフェニドール塩酸塩錠２５ｍｇ,ジフェニドール塩酸塩,２５ｍｇ１錠,"加算1,2",,5.9,,,,
内用薬,1339005F1ZZZ,【般】ベタヒスチンメシル酸塩錠６ｍｇ,ベタヒスチンメシル酸塩,６ｍｇ１錠,"加算1,2",,6.3,,,,
内用薬,1339005F2ZZZ,【般】ベタヒスチンメシル酸塩錠１２ｍｇ,ベタヒスチンメシル酸塩,１２ｍｇ１錠,"加算1,2",,6.6,,,,
内用薬,2113005F1ZZZ,【般】メチルジゴキシン錠０．１ｍｇ,メチルジゴキシン,０．１ｍｇ１錠,加算1,,6.1,,,,
内用薬,2119003D1ZZZ,【般】ユビデカレノン顆粒１％,ユビデカレノン,１％１ｇ,加算1,,6.7,,,,
内用薬,2119003F1ZZZ,【般】ユビデカレノン錠５ｍｇ,ユビデカレノン,５ｍｇ１錠,"加算1,2",,6.1,,,,
内用薬,2119003F2ZZZ,【般】ユビデカレノン錠１０ｍｇ,ユビデカレノン,１０ｍｇ１錠,"加算1,2",,6.1,,,,
内用薬,2119003M1ZZZ,【般】ユビデカレノンカプセル５ｍｇ,ユビデカレノン,５ｍｇ１カプセル,加算1,,6.1,,,,
内用薬,2119004F1ZZZ,【般】デノパミン錠５ｍｇ,デノパミン,５ｍｇ１錠,"加算1,2",,11.3,,,,
内用薬,2119004F2ZZZ,【般】デノパミン錠１０ｍｇ,デノパミン,１０ｍｇ１錠,"加算1,2",,18.6,,,,
内用薬,2119006F1ZZZ,【般】ピモベンダン錠１．２５ｍｇ,ピモベンダン,１．２５ｍｇ１錠,加算1,,31.9,,,,
内用薬,2119006F2ZZZ,【般】ピモベンダン錠２．５ｍｇ,ピモベンダン,２．５ｍｇ１錠,加算1,,59.6,,,,
内用薬,2119006F3ZZZ,【般】ピモベンダン錠０．６２５ｍｇ,ピモベンダン,０．６２５ｍｇ１錠,加算1,,19.6,,,,
内用薬,2123005F1ZZZ,【般】カルテオロール塩酸塩錠５ｍｇ,カルテオロール塩酸塩,５ｍｇ１錠,"加算1,2",,6.1,,,,
内用薬,2123008F1ZZZ,【般】プロプラノロール塩酸塩錠１０ｍｇ,プロプラノロール塩酸塩,１０ｍｇ１錠,"加算1,2",,6.6,,,,
内用薬,2123011F1ZZZ,【般】アテノロール錠２５ｍｇ,アテノロール,２５ｍｇ１錠,"加算1,2",,6.1,,,,
内用薬,2123011F2ZZZ,【般】アテノロール錠５０ｍｇ,アテノロール,５０ｍｇ１錠,"加算1,2",,6.1,,,,
内用薬,2123014F1ZZZ,【般】アロチノロール塩酸塩錠５ｍｇ,アロチノロール塩酸塩,５ｍｇ１錠,"加算1,2",,6.1,,,,
内用薬,2123014F2ZZZ,【般】アロチノロール塩酸塩錠１０ｍｇ,アロチノロール塩酸塩,１０ｍｇ１錠,"加算1,2",,7.6,,,,
内用薬,2123016F1ZZZ,【般】ビソプロロールフマル酸塩錠２．５ｍｇ,ビソプロロールフマル酸塩,２．５ｍｇ１錠,"加算1,2",,10.4,,,,
内用薬,2123016F2ZZZ,【般】ビソプロロールフマル酸塩錠５ｍｇ,ビソプロロールフマル酸塩,５ｍｇ１錠,"加算1,2",,10.4,,,,
内用薬,2129003F1ZZZ,【般】メキシレチン塩酸塩錠５０ｍｇ,メキシレチン塩酸塩,５０ｍｇ１錠,加算1,,6.1,,,,
内用薬,2129003F2ZZZ,【般】メキシレチン塩酸塩錠１００ｍｇ,メキシレチン塩酸塩,１００ｍｇ１錠,加算1,,6.6,,,,
内用薬,2129003M1ZZZ,【般】メキシレチン塩酸塩カプセル５０ｍｇ,メキシレチン塩酸塩,５０ｍｇ１カプセル,"加算1,2",,6.1,,,,
内用薬,2129003M2ZZZ,【般】メキシレチン塩酸塩カプセル１００ｍｇ,メキシレチン塩酸塩,１００ｍｇ１カプセル,"加算1,2",,6.6,,,,
内用薬,2129004M1ZZZ,【般】アプリンジン塩酸塩カプセル１０ｍｇ,アプリンジン塩酸塩,１０ｍｇ１カプセル,"加算1,2",,12,,,,
内用薬,2129004M2ZZZ,【般】アプリンジン塩酸塩カプセル２０ｍｇ,アプリンジン塩酸塩,２０ｍｇ１カプセル,"加算1,2",,18.6,,,,
内用薬,2129005F1ZZZ,【般】ジソピラミドリン酸塩徐放錠１５０ｍｇ,リン酸ジソピラミド,１５０ｍｇ１錠,"加算1,2",,11.8,,,,
内用薬,2129006F1ZZZ,【般】プロパフェノン塩酸塩錠１５０ｍｇ,プロパフェノン塩酸塩,１５０ｍｇ１錠,"加算1,2",,14.2,,,,
内用薬,2129006F2ZZZ,【般】プロパフェノン塩酸塩錠１００ｍｇ,プロパフェノン塩酸塩,１００ｍｇ１錠,"加算1,2",,16.5,,,,
内用薬,2129007F1ZZZ,【般】シベンゾリンコハク酸塩錠５０ｍｇ,シベンゾリンコハク酸塩,５０ｍｇ１錠,"加算1,2",,10.4,,,,
内用薬,2129007F2ZZZ,【般】シベンゾリンコハク酸塩錠１００ｍｇ,シベンゾリンコハク酸塩,１００ｍｇ１錠,"加算1,2",,15.9,,,,
内用薬,2129008M1ZZZ,【般】ピルシカイニド塩酸塩カプセル２５ｍｇ,ピルシカイニド塩酸塩水和物,２５ｍｇ１カプセル,"加算1,2",,11.9,,,,
内用薬,2129008M2ZZZ,【般】ピルシカイニド塩酸塩カプセル５０ｍｇ,ピルシカイニド塩酸塩水和物,５０ｍｇ１カプセル,"加算1,2",,19.8,,,,
内用薬,2129009F1ZZZ,【般】フレカイニド酢酸塩錠５０ｍｇ,フレカイニド酢酸塩,５０ｍｇ１錠,"加算1,2",,14.4,,,,
内用薬,2129009F2ZZZ,【般】フレカイニド酢酸塩錠１００ｍｇ,フレカイニド酢酸塩,１００ｍｇ１錠,"加算1,2",,25,,,,
内用薬,2129010F1ZZZ,【般】アミオダロン塩酸塩錠１００ｍｇ,アミオダロン塩酸塩,１００ｍｇ１錠,"加算1,2",,72,,,,
内用薬,2129010F3ZZZ,【般】アミオダロン塩酸塩錠５０ｍｇ,アミオダロン塩酸塩,５０ｍｇ１錠,加算1,,44.1,,,,
内用薬,2129011F1ZZZ,【般】ベプリジル塩酸塩錠５０ｍｇ,ベプリジル塩酸塩水和物,５０ｍｇ１錠,"加算1,2",,17.9,,,,
内用薬,2129011F2ZZZ,【般】ベプリジル塩酸塩錠１００ｍｇ,ベプリジル塩酸塩水和物,１００ｍｇ１錠,"加算1,2",,35.2,,,,
内用薬,2129013F1ZZZ,【般】ソタロール塩酸塩錠４０ｍｇ,ソタロール塩酸塩,４０ｍｇ１錠,"加算1,2",,33,該当する先発品の経過措置期限が令和８年３月３１日であることから、同年４月１日以降は一般名処方加算対象が１のみとなる予定,,,
内用薬,2129013F2ZZZ,【般】ソタロール塩酸塩錠８０ｍｇ,ソタロール塩酸塩,８０ｍｇ１錠,"加算1,2",,60.3,該当する先発品の経過措置期限が令和８年３月３１日であることから、同年４月１日以降は一般名処方加算対象が１のみとなる予定,,,
内用薬,2132003F1ZZZ,【般】トリクロルメチアジド錠２ｍｇ,トリクロルメチアジド,２ｍｇ１錠,"加算1,2",,6.4,,,,
内用薬,2132003F3ZZZ,【般】トリクロルメチアジド錠１ｍｇ,トリクロルメチアジド,１ｍｇ１錠,"加算1,2",,6.4,,,,
内用薬,2132004F1ZZZ,【般】ヒドロクロロチアジド錠２５ｍｇ,ヒドロクロロチアジド,２５ｍｇ１錠,加算1,,5.9,,,,
内用薬,2132004F2ZZZ,【般】ヒドロクロロチアジド錠１２．５ｍｇ,ヒドロクロロチアジド,１２．５ｍｇ１錠,加算1,,5.9,,,,
内用薬,2132004F3ZZZ,【般】ヒドロクロロチアジド口腔内崩壊錠１２．５ｍｇ,ヒドロクロロチアジド,１２．５ｍｇ１錠,加算1,,5.9,該当する後発品の経過措置期限が令和８年３月３１日であることから、同年４月１日以降は一般名処方マスタから削除される予定,,,
内用薬,2133001F1ZZZ,【般】スピロノラクトン錠２５ｍｇ,スピロノラクトン,２５ｍｇ１錠,"加算1,2",,5.9,,,,
内用薬,2133001F2ZZZ,【般】スピロノラクトン錠５０ｍｇ,スピロノラクトン,５０ｍｇ１錠,"加算1,2",,7.8,該当する後発品の経過措置期限が令和８年３月３１日であることから、同年４月１日以降は一般名処方マスタから削除される予定,,,
内用薬,2135001F1ZZZ,【般】メフルシド錠２５ｍｇ,メフルシド,２５ｍｇ１錠,"加算1,2",,6.3,,,,
内用薬,2139001S1ZZZ,【般】イソソルビド経口液７０％１ｍＬ,イソソルビド,７０％１ｍＬ,"加算1,2",,2.6,,,,
内用薬,2139001S5ZZZ,【般】イソソルビド経口液７０％４０ｍＬ,イソソルビド,７０％４０ｍＬ１包,加算1,,125.8,該当する後発品の経過措置期限が令和８年３月３１日であることから、同年４月１日以降は一般名処方マスタから削除される予定,,,
内用薬,2139005F1ZZZ,【般】フロセミド錠２０ｍｇ,フロセミド,２０ｍｇ１錠,"加算1,2",,6.3,,,,
内用薬,2139005F2ZZZ,【般】フロセミド錠４０ｍｇ,フロセミド,４０ｍｇ１錠,"加算1,2",,6.6,,,,
内用薬,2139005F3ZZZ,【般】フロセミド錠１０ｍｇ,フロセミド,１０ｍｇ１錠,"加算1,2",,6.3,,,,
内用薬,2139008F1ZZZ,【般】アゾセミド錠６０ｍｇ,アゾセミド,６０ｍｇ１錠,"加算1,2",,11.3,,,,
内用薬,2139008F2ZZZ,【般】アゾセミド錠３０ｍｇ,アゾセミド,３０ｍｇ１錠,"加算1,2",,10.4,,,,
内用薬,2139009F1ZZZ,【般】トラセミド錠４ｍｇ,トラセミド,４ｍｇ１錠,"加算1,2",,6.1,,,,
内用薬,2139009F2ZZZ,【般】トラセミド錠８ｍｇ,トラセミド,８ｍｇ１錠,"加算1,2",,7.3,,,,
内用薬,2139009F3ZZZ,【般】トラセミド口腔内崩壊錠４ｍｇ,トラセミド,４ｍｇ１錠,加算1,,6.1,,,,
内用薬,2139009F4ZZZ,【般】トラセミド口腔内崩壊錠８ｍｇ,トラセミド,８ｍｇ１錠,加算1,,7.3,,,,
内用薬,2139011D1ZZZ,【般】トルバプタン顆粒１％,トルバプタン,１％１ｇ,"加算1,2",,522.8,,,,
内用薬,2139011F3ZZZ,【般】トルバプタン口腔内崩壊錠７．５ｍｇ,トルバプタン,７．５ｍｇ１錠,"加算1,2",,309,,,,
内用薬,2139011F4ZZZ,【般】トルバプタン口腔内崩壊錠１５ｍｇ,トルバプタン,１５ｍｇ１錠,"加算1,2",,538.2,,,,
内用薬,2144002C1ZZZ,【般】エナラプリルマレイン酸塩細粒１％,エナラプリルマレイン酸塩,１％１ｇ,加算1,,53.2,,,,
内用薬,2144002F1ZZZ,【般】エナラプリルマレイン酸塩錠２．５ｍｇ,エナラプリルマレイン酸塩,２．５ｍｇ１錠,"加算1,2",,10.4,,,,
内用薬,2144002F2ZZZ,【般】エナラプリルマレイン酸塩錠５ｍｇ,エナラプリルマレイン酸塩,５ｍｇ１錠,"加算1,2",,10.4,,,,
内用薬,2144002F3ZZZ,【般】エナラプリルマレイン酸塩錠１０ｍｇ,エナラプリルマレイン酸塩,１０ｍｇ１錠,"加算1,2",,10.4,,,,
内用薬,2144003F1ZZZ,【般】アラセプリル錠１２．５ｍｇ,アラセプリル,１２．５ｍｇ１錠,加算1,,9.4,,,,
内用薬,2144003F2ZZZ,【般】アラセプリル錠２５ｍｇ,アラセプリル,２５ｍｇ１錠,"加算1,2",,10.1,,,,
内用薬,2144003F3ZZZ,【般】アラセプリル錠５０ｍｇ,アラセプリル,５０ｍｇ１錠,加算1,,10.1,,,,
内用薬,2144006F1ZZZ,【般】リシノプリル錠５ｍｇ,リシノプリル水和物,５ｍｇ１錠,"加算1,2",,10.4,,,,
内用薬,2144006F2ZZZ,【般】リシノプリル錠１０ｍｇ,リシノプリル水和物,１０ｍｇ１錠,"加算1,2",,10.4,,,,
内用薬,2144006F3ZZZ,【般】リシノプリル錠２０ｍｇ,リシノプリル水和物,２０ｍｇ１錠,"加算1,2",,10.4,,,,
内用薬,2144008F1ZZZ,【般】イミダプリル塩酸塩錠２．５ｍｇ,イミダプリル塩酸塩,２．５ｍｇ１錠,"加算1,2",,10.4,,,,
内用薬,2144008F2ZZZ,【般】イミダプリル塩酸塩錠５ｍｇ,イミダプリル塩酸塩,５ｍｇ１錠,"加算1,2",,15.1,,,,
内用薬,2144008F3ZZZ,【般】イミダプリル塩酸塩錠１０ｍｇ,イミダプリル塩酸塩,１０ｍｇ１錠,"加算1,2",,30.2,,,,
内用薬,2144009F1ZZZ,【般】テモカプリル塩酸塩錠１ｍｇ,テモカプリル塩酸塩,１ｍｇ１錠,"加算1,2",,10.4,,,,
内用薬,2144009F2ZZZ,【般】テモカプリル塩酸塩錠２ｍｇ,テモカプリル塩酸塩,２ｍｇ１錠,"加算1,2",,17.1,,,,
内用薬,2144009F3ZZZ,【般】テモカプリル塩酸塩錠４ｍｇ,テモカプリル塩酸塩,４ｍｇ１錠,"加算1,2",,34.4,,,,
内用薬,2144011F1ZZZ,【般】トランドラプリル錠０．５ｍｇ,トランドラプリル,０．５ｍｇ１錠,"加算1,2",,14.5,,,,
内用薬,2144011F2ZZZ,【般】トランドラプリル錠１ｍｇ,トランドラプリル,１ｍｇ１錠,"加算1,2",,15.1,,,,
内用薬,2144012F1ZZZ,【般】ペリンドプリルエルブミン錠２ｍｇ,ペリンドプリルエルブミン,２ｍｇ１錠,"加算1,2",,15.8,該当する先発品の経過措置期限が令和８年３月３１日であることから、同年４月１日以降は一般名処方加算対象が１のみとなる予定,,,
内用薬,2144012F2ZZZ,【般】ペリンドプリルエルブミン錠４ｍｇ,ペリンドプリルエルブミン,４ｍｇ１錠,"加算1,2",,27.7,該当する先発品の経過措置期限が令和８年３月３１日であることから、同年４月１日以降は一般名処方加算対象が１のみとなる予定,,,
内用薬,2149009F1ZZZ,【般】ラベタロール塩酸塩錠５０ｍｇ,ラベタロール塩酸塩,５０ｍｇ１錠,"加算1,2",,6.4,該当する後発品の経過措置期限が令和８年３月３１日であることから、同年４月１日以降は一般名処方マスタから削除される予定,,,
内用薬,2149009F2ZZZ,【般】ラベタロール塩酸塩錠１００ｍｇ,ラベタロール塩酸塩,１００ｍｇ１錠,"加算1,2",,10.1,該当する後発品の経過措置期限が令和８年３月３１日であることから、同年４月１日以降は一般名処方マスタから削除される予定,,,
内用薬,2149010F1ZZZ,【般】メトプロロール酒石酸塩錠２０ｍｇ,メトプロロール酒石酸塩,２０ｍｇ１錠,"加算1,2",,7.6,,,,
内用薬,2149010F2ZZZ,【般】メトプロロール酒石酸塩錠４０ｍｇ,メトプロロール酒石酸塩,４０ｍｇ１錠,"加算1,2",,7.7,,,,
内用薬,2149014M1ZZZ,【般】プロプラノロール塩酸塩徐放カプセル６０ｍｇ,プロプラノロール塩酸塩,６０ｍｇ１カプセル,加算1,,19.3,該当する後発品の経過措置期限が令和８年３月３１日であることから、同年４月１日以降は一般名処方マスタから削除される予定,,,
内用薬,2149019F2ZZZ,【般】ニカルジピン塩酸塩錠２０ｍｇ,ニカルジピン塩酸塩,２０ｍｇ１錠,"加算1,2",,8.6,,,,
内用薬,2149022F1ZZZ,【般】ニルバジピン錠２ｍｇ,ニルバジピン,２ｍｇ１錠,"加算1,2",,10.1,,,,
内用薬,2149022F2ZZZ,【般】ニルバジピン錠４ｍｇ,ニルバジピン,４ｍｇ１錠,"加算1,2",,10.4,,,,
内用薬,2149026F2ZZZ,【般】ドキサゾシンメシル酸塩錠１ｍｇ,ドキサゾシンメシル酸塩,１ｍｇ１錠,"加算1,2",,10.4,,,,
内用薬,2149026F3ZZZ,【般】ドキサゾシンメシル酸塩錠２ｍｇ,ドキサゾシンメシル酸塩,２ｍｇ１錠,"加算1,2",,10.4,,,,
内用薬,2149026F4ZZZ,【般】ドキサゾシンメシル酸塩錠４ｍｇ,ドキサゾシンメシル酸塩,４ｍｇ１錠,"加算1,2",,10.4,,,,
内用薬,2149026F6ZZZ,【般】ドキサゾシンメシル酸塩口腔内崩壊錠１ｍｇ,ドキサゾシンメシル酸塩,１ｍｇ１錠,"加算1,2",,10.4,,,,
内用薬,2149026F7ZZZ,【般】ドキサゾシンメシル酸塩口腔内崩壊錠２ｍｇ,ドキサゾシンメシル酸塩,２ｍｇ１錠,"加算1,2",,10.4,,,,
内用薬,2149026F8ZZZ,【般】ドキサゾシンメシル酸塩口腔内崩壊錠４ｍｇ,ドキサゾシンメシル酸塩,４ｍｇ１錠,"加算1,2",,10.4,,,,
内用薬,2149027F1ZZZ,【般】マニジピン塩酸塩錠５ｍｇ,マニジピン塩酸塩,５ｍｇ１錠,"加算1,2",,10.4,,,,
内用薬,2149027F2ZZZ,【般】マニジピン塩酸塩錠１０ｍｇ,マニジピン塩酸塩,１０ｍｇ１錠,"加算1,2",,10.4,,,,
内用薬,2149027F3ZZZ,【般】マニジピン塩酸塩錠２０ｍｇ,マニジピン塩酸塩,２０ｍｇ１錠,"加算1,2",,13,,,,
内用薬,2149029F1ZZZ,【般】セリプロロール塩酸塩錠１００ｍｇ,セリプロロール塩酸塩,１００ｍｇ１錠,"加算1,2",,8.3,,,,
内用薬,2149029F2ZZZ,【般】セリプロロール塩酸塩錠２００ｍｇ,セリプロロール塩酸塩,２００ｍｇ１錠,"加算1,2",,16.4,,,,
内用薬,2149031F1ZZZ,【般】ベタキソロール塩酸塩錠５ｍｇ,ベタキソロール塩酸塩,５ｍｇ１錠,"加算1,2",,11.8,,,,
内用薬,2149031F2ZZZ,【般】ベタキソロール塩酸塩錠１０ｍｇ,ベタキソロール塩酸塩,１０ｍｇ１錠,"加算1,2",,11.3,,,,
内用薬,2149032F1ZZZ,【般】カルベジロール錠１０ｍｇ,カルベジロール,１０ｍｇ１錠,"加算1,2",,10.4,,,,
内用薬,2149032F2ZZZ,【般】カルベジロール錠２０ｍｇ,カルベジロール,２０ｍｇ１錠,"加算1,2",,10.4,,,,
内用薬,2149032F4ZZZ,【般】カルベジロール錠２．５ｍｇ,カルベジロール,２．５ｍｇ１錠,"加算1,2",,10.4,,,,
内用薬,2149035F1ZZZ,【般】フェロジピン錠２．５ｍｇ,フェロジピン,２．５ｍｇ１錠,"加算1,2",,7.7,,,,
内用薬,2149035F2ZZZ,【般】フェロジピン錠５ｍｇ,フェロジピン,５ｍｇ１錠,"加算1,2",,11.3,,,,
内用薬,2149037F1ZZZ,【般】シルニジピン錠５ｍｇ,シルニジピン,５ｍｇ１錠,"加算1,2",,10.4,,,,
内用薬,2149037F2ZZZ,【般】シルニジピン錠１０ｍｇ,シルニジピン,１０ｍｇ１錠,"加算1,2",,13.8,,,,
内用薬,2149037F3ZZZ,【般】シルニジピン錠２０ｍｇ,シルニジピン,２０ｍｇ１錠,"加算1,2",,21.5,,,,
内用薬,2149039F1ZZZ,【般】ロサルタンＫ錠２５ｍｇ,ロサルタンカリウム,２５ｍｇ１錠,"加算1,2",,10.4,,,,
内用薬,2149039F2ZZZ,【般】ロサルタンＫ錠５０ｍｇ,ロサルタンカリウム,５０ｍｇ１錠,"加算1,2",,14.7,,,,
内用薬,2149039F3ZZZ,【般】ロサルタンＫ錠１００ｍｇ,ロサルタンカリウム,１００ｍｇ１錠,"加算1,2",,25.3,,,,
内用薬,2149040F1ZZZ,【般】カンデサルタン錠２ｍｇ,カンデサルタンシレキセチル,２ｍｇ１錠,"加算1,2",,10.4,,,,
内用薬,2149040F2ZZZ,【般】カンデサルタン錠４ｍｇ,カンデサルタンシレキセチル,４ｍｇ１錠,"加算1,2",,10.4,,,,
内用薬,2149040F3ZZZ,【般】カンデサルタン錠８ｍｇ,カンデサルタンシレキセチル,８ｍｇ１錠,"加算1,2",,10.7,,,,
内用薬,2149040F4ZZZ,【般】カンデサルタン錠１２ｍｇ,カンデサルタンシレキセチル,１２ｍｇ１錠,"加算1,2",,14.3,,,,
内用薬,2149040F5ZZZ,【般】カンデサルタン口腔内崩壊錠２ｍｇ,カンデサルタンシレキセチル,２ｍｇ１錠,加算1,,10.4,,,,
内用薬,2149040F6ZZZ,【般】カンデサルタン口腔内崩壊錠４ｍｇ,カンデサルタンシレキセチル,４ｍｇ１錠,加算1,,10.4,,,,
内用薬,2149040F7ZZZ,【般】カンデサルタン口腔内崩壊錠８ｍｇ,カンデサルタンシレキセチル,８ｍｇ１錠,加算1,,10.7,,,,
内用薬,2149040F8ZZZ,【般】カンデサルタン口腔内崩壊錠１２ｍｇ,カンデサルタンシレキセチル,１２ｍｇ１錠,加算1,,14.3,,,,
内用薬,2149041F1ZZZ,【般】バルサルタン錠２０ｍｇ,バルサルタン,２０ｍｇ１錠,"加算1,2",,10.4,,,,
内用薬,2149041F2ZZZ,【般】バルサルタン錠４０ｍｇ,バルサルタン,４０ｍｇ１錠,"加算1,2",,10.4,,,,
内用薬,2149041F3ZZZ,【般】バルサルタン錠８０ｍｇ,バルサルタン,８０ｍｇ１錠,"加算1,2",,13.2,,,,
内用薬,2149041F4ZZZ,【般】バルサルタン錠１６０ｍｇ,バルサルタン,１６０ｍｇ１錠,"加算1,2",,18.2,,,,
内用薬,2149041F5ZZZ,【般】バルサルタン口腔内崩壊錠２０ｍｇ,バルサルタン,２０ｍｇ１錠,"加算1,2",,10.4,,,,
内用薬,2149041F6ZZZ,【般】バルサルタン口腔内崩壊錠４０ｍｇ,バルサルタン,４０ｍｇ１錠,"加算1,2",,10.4,,,,
内用薬,2149041F7ZZZ,【般】バルサルタン口腔内崩壊錠８０ｍｇ,バルサルタン,８０ｍｇ１錠,"加算1,2",,13.2,,,,
内用薬,2149041F8ZZZ,【般】バルサルタン口腔内崩壊錠１６０ｍｇ,バルサルタン,１６０ｍｇ１錠,"加算1,2",,18.2,,,,
内用薬,2149042F1ZZZ,【般】テルミサルタン錠２０ｍｇ,テルミサルタン,２０ｍｇ１錠,"加算1,2",,10.4,,,,
内用薬,2149042F2ZZZ,【般】テルミサルタン錠４０ｍｇ,テルミサルタン,４０ｍｇ１錠,"加算1,2",,10.4,,,,
内用薬,2149042F3ZZZ,【般】テルミサルタン錠８０ｍｇ,テルミサルタン,８０ｍｇ１錠,"加算1,2",,11.2,,,,
内用薬,2149042F4ZZZ,【般】テルミサルタン口腔内崩壊錠２０ｍｇ,テルミサルタン,２０ｍｇ１錠,加算1,,10.4,,,,
内用薬,2149042F5ZZZ,【般】テルミサルタン口腔内崩壊錠４０ｍｇ,テルミサルタン,４０ｍｇ１錠,加算1,,10.4,,,,
内用薬,2149043F1ZZZ,【般】アゼルニジピン錠８ｍｇ,アゼルニジピン,８ｍｇ１錠,"加算1,2",,10.4,,,,
内用薬,2149043F2ZZZ,【般】アゼルニジピン錠１６ｍｇ,アゼルニジピン,１６ｍｇ１錠,"加算1,2",,11.4,,,,
内用薬,2149044F1ZZZ,【般】オルメサルタン錠１０ｍｇ,オルメサルタンメドキソミル,１０ｍｇ１錠,加算1,,10.4,,,,
内用薬,2149044F2ZZZ,【般】オルメサルタン錠２０ｍｇ,オルメサルタンメドキソミル,２０ｍｇ１錠,加算1,,10.4,,,,
内用薬,2149044F3ZZZ,【般】オルメサルタン錠５ｍｇ,オルメサルタンメドキソミル,５ｍｇ１錠,加算1,,10.4,,,,
内用薬,2149044F4ZZZ,【般】オルメサルタン錠４０ｍｇ,オルメサルタンメドキソミル,４０ｍｇ１錠,加算1,,13.4,,,,
内用薬,2149044F5ZZZ,【般】オルメサルタン口腔内崩壊錠１０ｍｇ,オルメサルタンメドキソミル,１０ｍｇ１錠,"加算1,2",,10.4,,,,
内用薬,2149044F6ZZZ,【般】オルメサルタン口腔内崩壊錠２０ｍｇ,オルメサルタンメドキソミル,２０ｍｇ１錠,"加算1,2",,10.4,,,,
内用薬,2149044F7ZZZ,【般】オルメサルタン口腔内崩壊錠４０ｍｇ,オルメサルタンメドキソミル,４０ｍｇ１錠,"加算1,2",,13.4,,,,
内用薬,2149044F8ZZZ,【般】オルメサルタン口腔内崩壊錠５ｍｇ,オルメサルタンメドキソミル,５ｍｇ１錠,"加算1,2",,10.4,,,,
内用薬,2149045F1ZZZ,【般】エプレレノン錠２５ｍｇ,エプレレノン,２５ｍｇ１錠,"加算1,2",,10.9,,,,
内用薬,2149045F2ZZZ,【般】エプレレノン錠５０ｍｇ,エプレレノン,５０ｍｇ１錠,"加算1,2",,21.2,,,,
内用薬,2149045F3ZZZ,【般】エプレレノン錠１００ｍｇ,エプレレノン,１００ｍｇ１錠,"加算1,2",,41.4,,,,
内用薬,2149046F1ZZZ,【般】イルベサルタン錠５０ｍｇ,イルベサルタン,５０ｍｇ１錠,"加算1,2",,10.4,,,,
内用薬,2149046F2ZZZ,【般】イルベサルタン錠１００ｍｇ,イルベサルタン,１００ｍｇ１錠,"加算1,2",,11.4,,,,
内用薬,2149046F3ZZZ,【般】イルベサルタン錠２００ｍｇ,イルベサルタン,２００ｍｇ１錠,"加算1,2",,15.3,,,,
内用薬,2149046F4ZZZ,【般】イルベサルタン口腔内崩壊錠５０ｍｇ,イルベサルタン,５０ｍｇ１錠,加算1,,10.4,該当する後発品の経過措置期限が令和８年３月３１日であることから、同年４月１日以降は一般名処方マスタから削除される予定,,,
内用薬,2149046F5ZZZ,【般】イルベサルタン口腔内崩壊錠１００ｍｇ,イルベサルタン,１００ｍｇ１錠,加算1,,11.4,該当する後発品の経過措置期限が令和８年３月３１日であることから、同年４月１日以降は一般名処方マスタから削除される予定,,,
内用薬,2149046F6ZZZ,【般】イルベサルタン口腔内崩壊錠２００ｍｇ,イルベサルタン,２００ｍｇ１錠,加算1,,15.3,該当する後発品の経過措置期限が令和８年３月３１日であることから、同年４月１日以降は一般名処方マスタから削除される予定,,,
内用薬,2149048F1ZZZ,【般】アジルサルタン錠２０ｍｇ,アジルサルタン,２０ｍｇ１錠,"加算1,2",,27.4,,,,
内用薬,2149048F2ZZZ,【般】アジルサルタン錠４０ｍｇ,アジルサルタン,４０ｍｇ１錠,"加算1,2",,40.9,,,,
内用薬,2149048F3ZZZ,【般】アジルサルタン錠１０ｍｇ,アジルサルタン,１０ｍｇ１錠,"加算1,2",,18.2,,,,
内用薬,2149048F4ZZZ,【般】アジルサルタン口腔内崩壊錠１０ｍｇ,アジルサルタン,１０ｍｇ１錠,加算1,,18.2,,,,
内用薬,2149048F5ZZZ,【般】アジルサルタン口腔内崩壊錠２０ｍｇ,アジルサルタン,２０ｍｇ１錠,加算1,,27.4,,,,
内用薬,2149048F6ZZZ,【般】アジルサルタン口腔内崩壊錠４０ｍｇ,アジルサルタン,４０ｍｇ１錠,加算1,,40.9,,,,
内用薬,2149110F1ZZZ,【般】ロサルタン５０ｍｇ・ヒドロクロロチアジド配合錠,ロサルタンカリウム・ヒドロクロロチアジド,１錠,"加算1,2",,17.4,先発品はプレミネント配合錠ＬＤ／後発品はロサルヒド配合錠ＬＤ,,,
内用薬,2149110F2ZZZ,【般】ロサルタン１００ｍｇ・ヒドロクロロチアジド配合錠,ロサルタンカリウム・ヒドロクロロチアジド,１錠,"加算1,2",,23.6,先発品はプレミネント配合錠ＨＤ／後発品はロサルヒド配合錠ＨＤ,,,
内用薬,2149111F1ZZZ,【般】カンデサルタン４ｍｇ・ヒドロクロロチアジド配合錠,カンデサルタンシレキセチル・ヒドロクロロチアジド,１錠,"加算1,2",,12.9,先発品はエカード配合錠ＬＤ／後発品はカデチア配合錠ＬＤ,,,
内用薬,2149111F2ZZZ,【般】カンデサルタン８ｍｇ・ヒドロクロロチアジド配合錠,カンデサルタンシレキセチル・ヒドロクロロチアジド,１錠,"加算1,2",,23.8,先発品はエカード配合錠ＨＤ／後発品はカデチア配合錠ＨＤ,,,
内用薬,2149112F1ZZZ,【般】バルサルタン・ヒドロクロロチアジド６．２５ｍｇ配合錠,バルサルタン・ヒドロクロロチアジド,１錠,"加算1,2",,19.6,先発品はコディオ配合錠ＭＤ／後発品はバルヒディオ配合錠ＭＤ,,,
内用薬,2149112F2ZZZ,【般】バルサルタン・ヒドロクロロチアジド１２．５ｍｇ配合錠,バルサルタン・ヒドロクロロチアジド,１錠,"加算1,2",,20.8,先発品はコディオ配合錠ＥＸ／後発品はバルヒディオ配合錠ＥＸ,,,
内用薬,2149113F1ZZZ,【般】テルミサルタン４０ｍｇ・ヒドロクロロチアジド配合錠,テルミサルタン・ヒドロクロロチアジド,１錠,"加算1,2",,10.4,先発品はミコンビ配合錠ＡＰ／後発品はテルチア配合錠ＡＰ,,,
内用薬,2149113F2ZZZ,【般】テルミサルタン８０ｍｇ・ヒドロクロロチアジド配合錠,テルミサルタン・ヒドロクロロチアジド,１錠,"加算1,2",,11.6,先発品はミコンビ配合錠ＢＰ／後発品はテルチア配合錠ＢＰ,,,
内用薬,2149114F1ZZZ,【般】バルサルタン・アムロジピン配合錠,バルサルタン・アムロジピンベシル酸塩,１錠,"加算1,2",,11.8,先発品はエックスフォージ配合錠／後発品はアムバロ配合錠,,,
内用薬,2149114F2ZZZ,【般】バルサルタン・アムロジピン配合口腔内崩壊錠,バルサルタン・アムロジピンベシル酸塩,１錠,"加算1,2",,11.8,先発品はエックスフォージ配合ＯＤ錠／後発品はアムバロ配合ＯＤ錠,,,
内用薬,2149116F1ZZZ,【般】カンデサルタン・アムロジピン２．５ｍｇ配合錠,カンデサルタンシレキセチル・アムロジピンベシル酸塩,１錠,"加算1,2",,21,先発品はユニシア配合錠ＬＤ／後発品はカムシア配合錠ＬＤ,,,
内用薬,2149116F2ZZZ,【般】カンデサルタン・アムロジピン５ｍｇ配合錠,カンデサルタンシレキセチル・アムロジピンベシル酸塩,１錠,"加算1,2",,21,先発品はユニシア配合錠ＨＤ／後発品はカムシア配合錠ＨＤ,,,
内用薬,2149117F1ZZZ,【般】テルミサルタン４０ｍｇ・アムロジピン配合錠,テルミサルタン・アムロジピンベシル酸塩,１錠,"加算1,2",,10.4,先発品はミカムロ配合錠ＡＰ／後発品はテラムロ配合錠ＡＰ,,,
内用薬,2149117F2ZZZ,【般】テルミサルタン８０ｍｇ・アムロジピン配合錠,テルミサルタン・アムロジピンベシル酸塩,１錠,"加算1,2",,14,先発品はミカムロ配合錠ＢＰ／後発品はテラムロ配合錠ＢＰ,,,
内用薬,2149118F1ZZZ,【般】イルベサルタン・アムロジピン５ｍｇ配合錠,イルベサルタン・アムロジピンベシル酸塩,１錠,"加算1,2",,12.8,先発品はアイミクス配合錠ＬＤ／後発品はイルアミクス配合錠ＬＤ,,,
内用薬,2149118F2ZZZ,【般】イルベサルタン・アムロジピン１０ｍｇ配合錠,イルベサルタン・アムロジピンベシル酸塩,１錠,"加算1,2",,14.1,先発品はアイミクス配合錠ＨＤ／後発品はイルアミクス配合錠ＨＤ,,,
内用薬,2149121F1ZZZ,【般】アジルサルタン・アムロジピン２．５ｍｇ配合錠,アジルサルタン・アムロジピンベシル酸塩,１錠,"加算1,2",,26.9,先発品はザクラス配合錠ＬＤ／後発品はジルムロ配合錠ＬＤ,,,
内用薬,2149121F2ZZZ,【般】アジルサルタン・アムロジピン５ｍｇ配合錠,アジルサルタン・アムロジピンベシル酸塩,１錠,"加算1,2",,27.7,先発品はザクラス配合錠ＨＤ／後発品はジルムロ配合錠ＨＤ,,,
内用薬,2149121F3ZZZ,【般】アジルサルタン・アムロジピン２．５ｍｇ配合口腔内崩壊錠,アジルサルタン・アムロジピンベシル酸塩,１錠,加算1,,26.9,,,,
内用薬,2149121F4ZZZ,【般】アジルサルタン・アムロジピン５ｍｇ配合口腔内崩壊錠,アジルサルタン・アムロジピンベシル酸塩,１錠,加算1,,27.7,,,,
内用薬,2160002F1ZZZ,【般】ミドドリン塩酸塩錠２ｍｇ,ミドドリン塩酸塩,２ｍｇ１錠,"加算1,2",,6.1,,,,
内用薬,2160002F2ZZZ,【般】ミドドリン塩酸塩口腔内崩壊錠２ｍｇ,ミドドリン塩酸塩,２ｍｇ１錠,"加算1,2",,6.1,,,,
内用薬,2160003F1ZZZ,【般】スマトリプタン錠５０ｍｇ,スマトリプタンコハク酸塩,５０ｍｇ１錠,"加算1,2",,94.6,,,,
内用薬,2160003S1ZZZ,【般】スマトリプタン経口液５０ｍｇ２ｍＬ,スマトリプタンコハク酸塩,５０ｍｇ２ｍＬ１包,加算1,,407.5,,,,
内用薬,2160004F1ZZZ,【般】ゾルミトリプタン錠２．５ｍｇ,ゾルミトリプタン,２．５ｍｇ１錠,"加算1,2",,122.9,,,,
内用薬,2160004F2ZZZ,【般】ゾルミトリプタン口腔内崩壊錠２．５ｍｇ,ゾルミトリプタン,２．５ｍｇ１錠,"加算1,2",,122.9,,,,
内用薬,2160005F1ZZZ,【般】エレトリプタン錠２０ｍｇ,エレトリプタン臭化水素酸塩,２０ｍｇ１錠,"加算1,2",,119.4,,,,
内用薬,2160006F1ZZZ,【般】リザトリプタン錠１０ｍｇ,リザトリプタン安息香酸塩,１０ｍｇ１錠,"加算1,2",,71,,,,
内用薬,2160006F2ZZZ,【般】リザトリプタン口腔内崩壊錠１０ｍｇ,リザトリプタン安息香酸塩,１０ｍｇ１錠,"加算1,2",,71,,,,
内用薬,2160007F1ZZZ,【般】ナラトリプタン錠２．５ｍｇ,ナラトリプタン塩酸塩,２．５ｍｇ１錠,"加算1,2",,159.7,,,,
内用薬,2171005F1ZZZ,【般】ジラゼプ塩酸塩錠５０ｍｇ,ジラゼプ塩酸塩水和物,５０ｍｇ１錠,"加算1,2",,5.9,,,,
内用薬,2171005F2ZZZ,【般】ジラゼプ塩酸塩錠１００ｍｇ,ジラゼプ塩酸塩水和物,１００ｍｇ１錠,"加算1,2",,6.1,,,,
内用薬,2171006F1ZZZ,【般】ジルチアゼム塩酸塩錠３０ｍｇ,ジルチアゼム塩酸塩,３０ｍｇ１錠,"加算1,2",,5.9,,,,
内用薬,2171006F2ZZZ,【般】ジルチアゼム塩酸塩錠６０ｍｇ,ジルチアゼム塩酸塩,６０ｍｇ１錠,"加算1,2",,6.1,,,,
内用薬,2171006N1ZZZ,【般】ジルチアゼム塩酸塩徐放カプセル１００ｍｇ,ジルチアゼム塩酸塩,１００ｍｇ１カプセル,"加算1,2",,10.4,,,,
内用薬,2171006N2ZZZ,【般】ジルチアゼム塩酸塩徐放カプセル２００ｍｇ,ジルチアゼム塩酸塩,２００ｍｇ１カプセル,"加算1,2",,17.6,,,,
内用薬,2171008F1ZZZ,【般】ベラパミル塩酸塩錠４０ｍｇ,ベラパミル塩酸塩,４０ｍｇ１錠,"加算1,2",,6.6,,,,
内用薬,2171010B1ZZZ,【般】ジピリダモール散１２．５％,ジピリダモール,１２．５％１ｇ,加算1,,16.2,,,,
内用薬,2171010F1ZZZ,【般】ジピリダモール錠１２．５ｍｇ,ジピリダモール,１２．５ｍｇ１錠,"加算1,2",,6,,,,
内用薬,2171010F2ZZZ,【般】ジピリダモール錠２５ｍｇ,ジピリダモール,２５ｍｇ１錠,"加算1,2",,6,,,,
内用薬,2171010F3ZZZ,【般】ジピリダモール錠１００ｍｇ,ジピリダモール,１００ｍｇ１錠,"加算1,2",,6.1,,,,
内用薬,2171011G1ZZZ,【般】硝酸イソソルビド徐放錠２０ｍｇ,硝酸イソソルビド,２０ｍｇ１錠,"加算1,2",,6.1,該当する先発品の経過措置期限が令和８年３月３１日であることから、同年４月１日以降は一般名処方加算対象が１のみとなる予定,,,
内用薬,2171011N1ZZZ,【般】硝酸イソソルビド徐放カプセル２０ｍｇ,硝酸イソソルビド,２０ｍｇ１カプセル,"加算1,2",,6.1,,,,
内用薬,2171012F1ZZZ,【般】トラピジル錠５０ｍｇ,トラピジル,５０ｍｇ１錠,"加算1,2",,5.9,,,,
内用薬,2171012F2ZZZ,【般】トラピジル錠１００ｍｇ,トラピジル,１００ｍｇ１錠,"加算1,2",,5.9,,,,
内用薬,2171014C1ZZZ,【般】ニフェジピン細粒１％,ニフェジピン,１％１ｇ,加算1,,7.7,,,,
内用薬,2171014F1ZZZ,【般】ニフェジピン錠１０ｍｇ,ニフェジピン,１０ｍｇ１錠,加算1,,6.1,,,,
内用薬,2171014G1ZZZ,【般】ニフェジピン徐放錠１０ｍｇ（１２時間持続）,ニフェジピン,１０ｍｇ１錠,加算1,,5.9,,,,
内用薬,2171014G2ZZZ,【般】ニフェジピン徐放錠２０ｍｇ（１２時間持続）,ニフェジピン,２０ｍｇ１錠,加算1,,6.1,,,,
内用薬,2171014G3ZZZ,【般】ニフェジピン徐放錠１０ｍｇ（２４時間持続）,ニフェジピン,１０ｍｇ１錠,"加算1,2",,6.1,先発品はアダラートＣＲ錠１０ｍｇ,,,
内用薬,2171014G4ZZZ,【般】ニフェジピン徐放錠２０ｍｇ（２４時間持続）,ニフェジピン,２０ｍｇ１錠,"加算1,2",,6.9,先発品はアダラートＣＲ錠２０ｍｇ,,,
内用薬,2171014G5ZZZ,【般】ニフェジピン徐放錠４０ｍｇ（２４時間持続）,ニフェジピン,４０ｍｇ１錠,"加算1,2",,13.3,先発品はアダラートＣＲ錠４０ｍｇ,,,
内用薬,2171014M1ZZZ,【般】ニフェジピンカプセル５ｍｇ,ニフェジピン,５ｍｇ１カプセル,加算1,,6.1,,,,
内用薬,2171014M2ZZZ,【般】ニフェジピンカプセル１０ｍｇ,ニフェジピン,１０ｍｇ１カプセル,加算1,,6.1,,,,
内用薬,2171014N1ZZZ,【般】ニフェジピン徐放カプセル１０ｍｇ（１２時間持続）,ニフェジピン,１０ｍｇ１カプセル,"加算1,2",,5.9,先発品はセパミット－Ｒカプセル１０／該当する先発品の経過措置期限が令和８年３月３１日であることから、同年４月１日以降は一般名処方マスタから削除される予定,,,
内用薬,2171014N2ZZZ,【般】ニフェジピン徐放カプセル２０ｍｇ（１２時間持続）,ニフェジピン,２０ｍｇ１カプセル,"加算1,2",,6.1,先発品はセパミット－Ｒカプセル２０／該当する先発品の経過措置期限が令和８年３月３１日であることから、同年４月１日以降は一般名処方マスタから削除される予定,,,
内用薬,2171017F1ZZZ,【般】ニコランジル錠２．５ｍｇ,ニコランジル,２．５ｍｇ１錠,"加算1,2",,5.9,,,,
内用薬,2171017F2ZZZ,【般】ニコランジル錠５ｍｇ,ニコランジル,５ｍｇ１錠,"加算1,2",,6.1,,,,
内用薬,2171018K1ZZZ,【般】ニトログリセリン舌下錠０．３ｍｇ,ニトログリセリン,０．３ｍｇ１錠,加算1,,10,,,,
内用薬,2171020F1ZZZ,【般】ニトレンジピン錠５ｍｇ,ニトレンジピン,５ｍｇ１錠,"加算1,2",,10.1,,,,
内用薬,2171020F2ZZZ,【般】ニトレンジピン錠１０ｍｇ,ニトレンジピン,１０ｍｇ１錠,"加算1,2",,10.4,,,,
内用薬,2171021F1ZZZ,【般】ベニジピン塩酸塩錠２ｍｇ,ベニジピン塩酸塩,２ｍｇ１錠,"加算1,2",,10.4,,,,
内用薬,2171021F2ZZZ,【般】ベニジピン塩酸塩錠４ｍｇ,ベニジピン塩酸塩,４ｍｇ１錠,"加算1,2",,10.4,,,,
内用薬,2171021F3ZZZ,【般】ベニジピン塩酸塩錠８ｍｇ,ベニジピン塩酸塩,８ｍｇ１錠,"加算1,2",,18.9,,,,
内用薬,2171022F1ZZZ,【般】アムロジピン錠２．５ｍｇ,アムロジピンベシル酸塩,２．５ｍｇ１錠,"加算1,2",,10.4,,,,
内用薬,2171022F2ZZZ,【般】アムロジピン錠５ｍｇ,アムロジピンベシル酸塩,５ｍｇ１錠,"加算1,2",,10.4,,,,
内用薬,2171022F3ZZZ,【般】アムロジピン口腔内崩壊錠２．５ｍｇ,アムロジピンベシル酸塩,２．５ｍｇ１錠,"加算1,2",,10.4,,,,
内用薬,2171022F4ZZZ,【般】アムロジピン口腔内崩壊錠５ｍｇ,アムロジピンベシル酸塩,５ｍｇ１錠,"加算1,2",,10.4,,,,
内用薬,2171022F5ZZZ,【般】アムロジピン錠１０ｍｇ,アムロジピンベシル酸塩,１０ｍｇ１錠,"加算1,2",,10.4,,,,
内用薬,2171022F6ZZZ,【般】アムロジピン口腔内崩壊錠１０ｍｇ,アムロジピンベシル酸塩,１０ｍｇ１錠,"加算1,2",,10.4,,,,
内用薬,2171023F1ZZZ,【般】一硝酸イソソルビド錠１０ｍｇ,一硝酸イソソルビド,１０ｍｇ１錠,"加算1,2",,5.9,,,,
内用薬,2171023F2ZZZ,【般】一硝酸イソソルビド錠２０ｍｇ,一硝酸イソソルビド,２０ｍｇ１錠,"加算1,2",,7.9,,,,
内用薬,2183005G1ZZZ,【般】ベザフィブラート徐放錠２００ｍｇ,ベザフィブラート,２００ｍｇ１錠,"加算1,2",,10.4,,,,
内用薬,2183005G2ZZZ,【般】ベザフィブラート徐放錠１００ｍｇ,ベザフィブラート,１００ｍｇ１錠,"加算1,2",,10.4,,,,
内用薬,2183006F3ZZZ,【般】フェノフィブラート錠５３．３ｍｇ,フェノフィブラート,５３．３ｍｇ１錠,"加算1,2",,8.8,,,,
内用薬,2183006F4ZZZ,【般】フェノフィブラート錠８０ｍｇ,フェノフィブラート,８０ｍｇ１錠,"加算1,2",,10.4,,,,
内用薬,2189006M1ZZZ,【般】ポリエンホスファチジルコリンカプセル２５０ｍｇ,ポリエンホスファチジルコリン,２５０ｍｇ１カプセル,加算1,,6.1,該当する後発品の経過措置期限が令和８年３月３１日であることから、同年４月１日以降は一般名処方マスタから削除される予定,,,
内用薬,2189008F1ZZZ,【般】プロブコール錠２５０ｍｇ,プロブコール,２５０ｍｇ１錠,"加算1,2",,7.8,,,,
内用薬,2189010F1ZZZ,【般】プラバスタチンＮａ錠５ｍｇ,プラバスタチンナトリウム,５ｍｇ１錠,"加算1,2",,10.4,,,,
内用薬,2189010F2ZZZ,【般】プラバスタチンＮａ錠１０ｍｇ,プラバスタチンナトリウム,１０ｍｇ１錠,"加算1,2",,10.4,,,,
内用薬,2189011F1ZZZ,【般】シンバスタチン錠５ｍｇ,シンバスタチン,５ｍｇ１錠,"加算1,2",,10.4,,,,
内用薬,2189011F2ZZZ,【般】シンバスタチン錠１０ｍｇ,シンバスタチン,１０ｍｇ１錠,"加算1,2",,24.2,,,,
内用薬,2189011F3ZZZ,【般】シンバスタチン錠２０ｍｇ,シンバスタチン,２０ｍｇ１錠,"加算1,2",,36.7,,,,
内用薬,2189012F1ZZZ,【般】フルバスタチン錠１０ｍｇ,フルバスタチンナトリウム,１０ｍｇ１錠,"加算1,2",,10.3,,,,
内用薬,2189012F2ZZZ,【般】フルバスタチン錠２０ｍｇ,フルバスタチンナトリウム,２０ｍｇ１錠,"加算1,2",,17.2,,,,
内用薬,2189012F3ZZZ,【般】フルバスタチン錠３０ｍｇ,フルバスタチンナトリウム,３０ｍｇ１錠,"加算1,2",,25.6,,,,
内用薬,2189015F1ZZZ,【般】アトルバスタチン錠５ｍｇ,アトルバスタチンカルシウム水和物,５ｍｇ１錠,"加算1,2",,10.4,,,,
内用薬,2189015F2ZZZ,【般】アトルバスタチン錠１０ｍｇ,アトルバスタチンカルシウム水和物,１０ｍｇ１錠,"加算1,2",,10.4,,,,
内用薬,2189015F3ZZZ,【般】アトルバスタチン口腔内崩壊錠５ｍｇ,アトルバスタチンカルシウム水和物,５ｍｇ１錠,加算1,,10.4,,,,
内用薬,2189015F4ZZZ,【般】アトルバスタチン口腔内崩壊錠１０ｍｇ,アトルバスタチンカルシウム水和物,１０ｍｇ１錠,加算1,,10.4,,,,
内用薬,2189016F1ZZZ,【般】ピタバスタチンＣａ錠１ｍｇ,ピタバスタチンカルシウム,１ｍｇ１錠,"加算1,2",,10.4,,,,
内用薬,2189016F2ZZZ,【般】ピタバスタチンＣａ錠２ｍｇ,ピタバスタチンカルシウム,２ｍｇ１錠,"加算1,2",,12.9,,,,
内用薬,2189016F3ZZZ,【般】ピタバスタチンＣａ錠４ｍｇ,ピタバスタチンカルシウム,４ｍｇ１錠,"加算1,2",,23.7,,,,
内用薬,2189016F4ZZZ,【般】ピタバスタチンＣａ口腔内崩壊錠１ｍｇ,ピタバスタチンカルシウム,１ｍｇ１錠,"加算1,2",,10.4,,,,
内用薬,2189016F5ZZZ,【般】ピタバスタチンＣａ口腔内崩壊錠２ｍｇ,ピタバスタチンカルシウム,２ｍｇ１錠,"加算1,2",,12.9,,,,
内用薬,2189016F6ZZZ,【般】ピタバスタチンＣａ口腔内崩壊錠４ｍｇ,ピタバスタチンカルシウム,４ｍｇ１錠,"加算1,2",,23.7,,,,
内用薬,2189017F1ZZZ,【般】ロスバスタチン錠２．５ｍｇ,ロスバスタチンカルシウム,２．５ｍｇ１錠,"加算1,2",,10.4,,,,
内用薬,2189017F2ZZZ,【般】ロスバスタチン錠５ｍｇ,ロスバスタチンカルシウム,５ｍｇ１錠,"加算1,2",,10.4,,,,
内用薬,2189017F3ZZZ,【般】ロスバスタチン口腔内崩壊錠２．５ｍｇ,ロスバスタチンカルシウム,２．５ｍｇ１錠,"加算1,2",,10.4,該当する先発品の経過措置期限が令和８年３月３１日であることから、同年４月１日以降は一般名処方加算対象が１のみとなる予定,,,
内用薬,2189017F4ZZZ,【般】ロスバスタチン口腔内崩壊錠５ｍｇ,ロスバスタチンカルシウム,５ｍｇ１錠,"加算1,2",,10.4,該当する先発品の経過措置期限が令和８年３月３１日であることから、同年４月１日以降は一般名処方加算対象が１のみとなる予定,,,
内用薬,2189017F5ZZZ,【般】ロスバスタチン錠１０ｍｇ,ロスバスタチンカルシウム,１０ｍｇ１錠,加算1,,16,,,,
内用薬,2189017F6ZZZ,【般】ロスバスタチン口腔内崩壊錠１０ｍｇ,ロスバスタチンカルシウム,１０ｍｇ１錠,加算1,,16,,,,
内用薬,2189018F1ZZZ,【般】エゼチミブ錠１０ｍｇ,エゼチミブ,１０ｍｇ１錠,"加算1,2",,19.3,,,,
内用薬,2189018F2ZZZ,【般】エゼチミブ口腔内崩壊錠１０ｍｇ,エゼチミブ,１０ｍｇ１錠,加算1,,19.3,,,,
内用薬,2189019M1ZZZ,【般】オメガ－３脂肪酸エチル粒状カプセル２ｇ,オメガ－３脂肪酸エチル,２ｇ１包,"加算1,2",,71,,,,
内用薬,2189101F1ZZZ,【般】エゼチミブ・アトルバスタチン１０ｍｇ配合錠,エゼチミブ・アトルバスタチンカルシウム水和物,１錠,"加算1,2",,57.8,先発品はアトーゼット配合錠ＬＤ／後発品はエゼアト配合錠ＬＤ,,,
内用薬,2189101F2ZZZ,【般】エゼチミブ・アトルバスタチン２０ｍｇ配合錠,エゼチミブ・アトルバスタチンカルシウム水和物,１錠,"加算1,2",,56.9,先発品はアトーゼット配合錠ＨＤ／後発品はエゼアト配合錠ＨＤ,,,
内用薬,2189102F1ZZZ,【般】エゼチミブ・ロスバスタチン２．５ｍｇ配合錠,エゼチミブ・ロスバスタチンカルシウム,１錠,"加算1,2",,37.7,先発品はロスーゼット配合錠ＬＤ／後発品はエゼロス配合錠ＬＤ,,,
内用薬,2189102F2ZZZ,【般】エゼチミブ・ロスバスタチン５ｍｇ配合錠,エゼチミブ・ロスバスタチンカルシウム,１錠,"加算1,2",,37.7,先発品はロスーゼット配合錠ＨＤ／後発品はエゼロス配合錠ＨＤ,,,
内用薬,2190005F1ZZZ,【般】イフェンプロジル酒石酸塩錠１０ｍｇ,イフェンプロジル酒石酸塩,１０ｍｇ１錠,"加算1,2",,5.9,,,,
内用薬,2190005F2ZZZ,【般】イフェンプロジル酒石酸塩錠２０ｍｇ,イフェンプロジル酒石酸塩,２０ｍｇ１錠,"加算1,2",,6.1,,,,
内用薬,2190006M1ZZZ,【般】トコフェロールニコチン酸エステルカプセル１００ｍｇ,トコフェロールニコチン酸エステル,１００ｍｇ１カプセル,"加算1,2",,5.7,,,,
内用薬,2190006M2ZZZ,【般】トコフェロールニコチン酸エステルカプセル２００ｍｇ,トコフェロールニコチン酸エステル,２００ｍｇ１カプセル,"加算1,2",,5.9,,,,
内用薬,2190009A1ZZZ,【般】ポリスチレンスルホン酸Ｎａ原末,ポリスチレンスルホン酸ナトリウム,１ｇ,"加算1,2",,8.2,,,,
内用薬,2190016B1ZZZ,【般】ポリスチレンスルホン酸Ｃａ散９６．７％,ポリスチレンスルホン酸カルシウム,９６．７％１ｇ,加算1,,7.6,,,,
内用薬,2190016D1ZZZ,【般】ポリスチレンスルホン酸Ｃａ顆粒８９．２９％,ポリスチレンスルホン酸カルシウム,８９．２９％１ｇ,加算1,,13.6,,,,
内用薬,2190016Q2ZZZ,【般】ポリスチレンスルホン酸Ｃａ経口ゼリー２０％２５ｇ,ポリスチレンスルホン酸カルシウム,２０％２５ｇ１個,加算1,,77.8,,,,
内用薬,2190021B1ZZZ,【般】ニセルゴリン散１％,ニセルゴリン,１％１ｇ,"加算1,2",,10.9,,,,
内用薬,2190021C1ZZZ,【般】ニセルゴリン細粒１％,ニセルゴリン,１％１ｇ,加算1,,10.9,,,,
内用薬,2190021F1ZZZ,【般】ニセルゴリン錠５ｍｇ,ニセルゴリン,５ｍｇ１錠,"加算1,2",,10.1,,,,
内用薬,2190022F1ZZZ,【般】アメジニウムメチル硫酸塩錠１０ｍｇ,アメジニウムメチル硫酸塩,１０ｍｇ１錠,"加算1,2",,6.4,,,,
内用薬,2190024F1ZZZ,【般】沈降炭酸カルシウム錠５００ｍｇ（高リン血症用）,沈降炭酸カルシウム,５００ｍｇ１錠,"加算1,2",,6,先発品はカルタン錠５００（同一成分で制酸剤として用いるものがある）,,,
内用薬,2190024F2ZZZ,【般】沈降炭酸カルシウム錠２５０ｍｇ（高リン血症用）,沈降炭酸カルシウム,２５０ｍｇ１錠,"加算1,2",,5.9,先発品はカルタン錠２５０（同一成分で制酸剤として用いるものがある）,,,
内用薬,2190024F3ZZZ,【般】沈降炭酸カルシウム口腔内崩壊錠２５０ｍｇ（高リン血症用）,沈降炭酸カルシウム,２５０ｍｇ１錠,"加算1,2",,5.9,先発品はカルタンＯＤ錠２５０ｍｇ（同一成分で制酸剤として用いるものがある）,,,
内用薬,2190024F4ZZZ,【般】沈降炭酸カルシウム口腔内崩壊錠５００ｍｇ（高リン血症用）,沈降炭酸カルシウム,５００ｍｇ１錠,"加算1,2",,6,先発品はカルタンＯＤ錠５００ｍｇ（同一成分で制酸剤として用いるものがある）,,,
内用薬,2190026F1ZZZ,【般】ボセンタン錠６２．５ｍｇ,ボセンタン水和物,６２．５ｍｇ１錠,"加算1,2",,460.9,,,,
内用薬,2190026R1ZZZ,【般】ボセンタン成人用シロップ用６．２５％,ボセンタン水和物,６．２５％１ｇ,加算1,,718.8,,,,
内用薬,2190028F1ZZZ,【般】シルデナフィル錠２０ｍｇ：ＲＥ,シルデナフィルクエン酸塩,２０ｍｇ１錠,"加算1,2",,345.4,先発品はレバチオ錠２０ｍｇ,,,
内用薬,2190028F2ZZZ,【般】シルデナフィル口腔内崩壊錠２０ｍｇ：ＲＥ,シルデナフィルクエン酸塩,２０ｍｇ１錠,"加算1,2",,345.4,先発品はレバチオＯＤフィルム２０ｍｇ,,,
内用薬,2190029D1ZZZ,【般】炭酸ランタン顆粒２５０ｍｇ,炭酸ランタン水和物,２５０ｍｇ１包,"加算1,2",,30.9,,,,
内用薬,2190029D2ZZZ,【般】炭酸ランタン顆粒５００ｍｇ,炭酸ランタン水和物,５００ｍｇ１包,"加算1,2",,48.8,,,,
内用薬,2190029F3ZZZ,【般】炭酸ランタン口腔内崩壊錠２５０ｍｇ,炭酸ランタン水和物,２５０ｍｇ１錠,"加算1,2",,31.9,,,,
内用薬,2190029F4ZZZ,【般】炭酸ランタン口腔内崩壊錠５００ｍｇ,炭酸ランタン水和物,５００ｍｇ１錠,"加算1,2",,46.2,,,,
内用薬,2190030F1ZZZ,【般】タダラフィル錠２０ｍｇ：ＡＤ,タダラフィル,２０ｍｇ１錠,"加算1,2",,339,先発品はアドシルカ錠２０ｍｇ,,,
内用薬,2190031F1ZZZ,【般】アンブリセンタン錠２．５ｍｇ,アンブリセンタン,２．５ｍｇ１錠,"加算1,2",,1119.8,,,,
内用薬,2190101F1ZZZ,【般】アムロジピン２．５ｍｇ・アトルバスタチン５ｍｇ配合錠：１,アムロジピンベシル酸塩・アトルバスタチンカルシウム水和物,１錠,"加算1,2",,11.6,先発品はカデュエット配合錠１番／後発品はアマルエット配合錠１番,,,
内用薬,2190102F1ZZZ,【般】アムロジピン２．５ｍｇ・アトルバスタチン１０ｍｇ配合錠：２,アムロジピンベシル酸塩・アトルバスタチンカルシウム水和物,１錠,"加算1,2",,16.5,先発品はカデュエット配合錠２番／後発品はアマルエット配合錠２番,,,
内用薬,2190103F1ZZZ,【般】アムロジピン５ｍｇ・アトルバスタチン５ｍｇ配合錠：３,アムロジピンベシル酸塩・アトルバスタチンカルシウム水和物,１錠,"加算1,2",,14,先発品はカデュエット配合錠３番／後発品はアマルエット配合錠３番,,,
内用薬,2190104F1ZZZ,【般】アムロジピン５ｍｇ・アトルバスタチン１０ｍｇ配合錠：４,アムロジピンベシル酸塩・アトルバスタチンカルシウム水和物,１錠,"加算1,2",,20.4,先発品はカデュエット配合錠４番／後発品はアマルエット配合錠４番,,,
内用薬,2223001C1ZZZ,【般】デキストロメトルファン臭化水素酸塩細粒１０％,デキストロメトルファン臭化水素酸塩水和物,１０％１ｇ,加算1,,20.8,,,,
内用薬,2223001F2ZZZ,【般】デキストロメトルファン臭化水素酸塩錠１５ｍｇ,デキストロメトルファン臭化水素酸塩水和物,１５ｍｇ１錠,"加算1,2",,5.9,,,,
内用薬,2224001F3ZZZ,【般】ペントキシベリンクエン酸塩錠１５ｍｇ,ペントキシベリンクエン酸塩,１５ｍｇ１錠,加算1,,8.3,,,,
内用薬,2229001R1ZZZ,【般】ジメモルファンリン酸塩シロップ用２．５％,ジメモルファンリン酸塩,２．５％１ｇ,加算1,,22.7,,,,
内用薬,2229102Q1ZZZ,【般】ジヒドロコデイン・ｄｌ－メチルエフェドリン等配合シロップ,鎮咳配合剤,１ｍＬ,加算1,,6.9,,,,
内用薬,2233002C1ZZZ,【般】カルボシステイン細粒５０％,Ｌ－カルボシステイン,５０％１ｇ,加算1,,19.6,,,,
内用薬,2233002Q1ZZZ,【般】カルボシステインシロップ５％,Ｌ－カルボシステイン,５％１ｍＬ,"加算1,2",,2.7,,,,
内用薬,2233002R2ZZZ,【般】カルボシステインシロップ用５０％,Ｌ－カルボシステイン,５０％１ｇ,"加算1,2",,12.5,,,,
内用薬,2234001F1ZZZ,【般】ブロムヘキシン塩酸塩錠４ｍｇ,ブロムヘキシン塩酸塩,４ｍｇ１錠,加算1,,5.3,,,,
内用薬,2234001Q1ZZZ,【般】ブロムヘキシン塩酸塩シロップ０．０８％,ブロムヘキシン塩酸塩,０．０８％１ｍＬ,加算1,,1.8,,,,
内用薬,2239001F1ZZZ,【般】アンブロキソール塩酸塩錠１５ｍｇ,アンブロキソール塩酸塩,１５ｍｇ１錠,"加算1,2",,5.9,,,,
内用薬,2239001G1ZZZ,【般】アンブロキソール塩酸塩徐放口腔内崩壊錠４５ｍｇ,アンブロキソール塩酸塩,４５ｍｇ１錠,加算1,,12.2,,,,
内用薬,2239001G2ZZZ,【般】アンブロキソール塩酸塩徐放錠４５ｍｇ,アンブロキソール塩酸塩,４５ｍｇ１錠,"加算1,2",,12.2,,,,
内用薬,2239001N1ZZZ,【般】アンブロキソール塩酸塩徐放カプセル４５ｍｇ,アンブロキソール塩酸塩,４５ｍｇ１カプセル,加算1,,12.2,,,,
内用薬,2239001Q1ZZZ,【般】アンブロキソール塩酸塩シロップ０．３％,アンブロキソール塩酸塩,０．３％１ｍＬ,"加算1,2",,5.4,,,,
内用薬,2239001R1ZZZ,【般】アンブロキソール塩酸塩シロップ用１．５％,アンブロキソール塩酸塩,１．５％１ｇ,"加算1,2",,19.4,,,,
内用薬,2239001R2ZZZ,【般】アンブロキソール塩酸塩シロップ用３％,アンブロキソール塩酸塩,３％１ｇ,加算1,,18.7,,,,
内用薬,2239001S1ZZZ,【般】アンブロキソール塩酸塩経口液０．７５％,アンブロキソール塩酸塩,０．７５％１ｍＬ,"加算1,2",,3.4,,,,
内用薬,2239001S2ZZZ,【般】アンブロキソール塩酸塩経口液０．３％,アンブロキソール塩酸塩,０．３％１ｍＬ,加算1,,7.4,,,,
内用薬,2241003S1ZZZ,【般】オウヒエキスシロップ３．３％,オウヒエキス,１０ｍＬ,加算1,,13,,,,
内用薬,2251001F2ZZZ,【般】テオフィリン徐放錠１００ｍｇ（１２～２４時間持続）,テオフィリン,１００ｍｇ１錠,"加算1,2",,5.9,先発品はテオドール錠１００ｍｇ,,,
内用薬,2251001F3ZZZ,【般】テオフィリン徐放錠２００ｍｇ（１２～２４時間持続）,テオフィリン,２００ｍｇ１錠,"加算1,2",,6.1,先発品はテオドール錠２００ｍｇ,,,
内用薬,2251001G1ZZZ,【般】テオフィリン徐放錠２００ｍｇ（２４時間持続）,テオフィリン,２００ｍｇ１錠,"加算1,2",,6.1,先発品はユニコン錠２００／ユニフィルＬＡ錠２００ｍｇ,,,
内用薬,2251001G2ZZZ,【般】テオフィリン徐放錠４００ｍｇ（２４時間持続）,テオフィリン,４００ｍｇ１錠,"加算1,2",,6.1,先発品はユニコン錠４００／ユニフィルＬＡ錠４００ｍｇ,,,
内用薬,2251001G3ZZZ,【般】テオフィリン徐放錠１００ｍｇ（２４時間持続）,テオフィリン,１００ｍｇ１錠,"加算1,2",,5.9,先発品はユニコン錠１００／ユニフィルＬＡ錠１００ｍｇ,,,
内用薬,2251001R1ZZZ,【般】テオフィリンシロップ用２０％,テオフィリン,２０％１ｇ,加算1,,30.6,,,,
内用薬,2252006R2ZZZ,【般】フェノテロール臭化水素酸塩シロップ用０．５％,フェノテロール臭化水素酸塩,０．５％１ｇ,加算1,,34.5,,,,
内用薬,2254001F1ZZZ,【般】サルブタモール硫酸塩錠２ｍｇ,サルブタモール硫酸塩,２ｍｇ１錠,加算1,,5.7,,,,
内用薬,2259002R1ZZZ,【般】ツロブテロール塩酸塩シロップ用０．１％,ツロブテロール塩酸塩,０．１％１ｇ,"加算1,2",,6.7,該当する後発品の経過措置期限が令和８年３月３１日であることから、同年４月１日以降は一般名処方マスタから削除される予定,,,
内用薬,2259004Q1ZZZ,【般】プロカテロール塩酸塩シロップ０．０００５％,プロカテロール塩酸塩水和物,０．０００５％１ｍＬ,"加算1,2",,4,,,,
内用薬,2259004R1ZZZ,【般】プロカテロール塩酸塩シロップ用０．０１％,プロカテロール塩酸塩水和物,０．０１％１ｇ,加算1,,26.4,,,,
内用薬,2259006F1ZZZ,【般】クレンブテロール塩酸塩錠１０μｇ,クレンブテロール塩酸塩,１０μｇ１錠,"加算1,2",,6,,,,
内用薬,2316003B1ZZZ,【般】ビフィズス菌・ラクトミン配合散,ビフィズス菌,１ｇ,加算1,,6.5,,,,
内用薬,2316003F1ZZZ,【般】ビフィズス菌・ラクトミン配合錠,ビフィズス菌,１錠,加算1,,6.5,,,,
内用薬,2316004B1ZZZ,【般】耐性乳酸菌散０．６％,耐性乳酸菌,１ｇ,加算1,,6.5,,,,
内用薬,2316004F1ZZZ,【般】耐性乳酸菌錠６ｍｇ,耐性乳酸菌,１錠,加算1,,6.1,,,,
内用薬,2316012AAZZZ,【般】ラクトミン原末,ラクトミン,１ｇ,加算1,例外コード,6.5,該当する後発品の経過措置期限が令和８年３月３１日であることから、同年４月１日以降は一般名処方マスタから削除される予定,2316012A1124,ビオヂアスミンＦ－２散,
内用薬,2316016B1ZZZ,【般】耐性乳酸菌散１．８％,耐性乳酸菌,１ｇ,加算1,,6.5,,,,
内用薬,2316016F1ZZZ,【般】耐性乳酸菌錠１８ｍｇ,耐性乳酸菌,１錠,加算1,,6.1,,,,
内用薬,2316018B1ZZZ,【般】ビフィズス菌散２％,ビフィズス菌,２％１ｇ,加算1,,6.5,,,,
内用薬,2316019B1ZZZ,【般】耐性乳酸菌散１％,耐性乳酸菌,１ｇ,加算1,,6.5,,,,
内用薬,2316020B1ZZZ,【般】ビフィズス菌散１．２％,ビフィズス菌,１ｇ,加算1,,6.5,,,,
内用薬,2316020F1ZZZ,【般】ビフィズス菌錠１２ｍｇ,ビフィズス菌,１錠,加算1,,5.9,,,,
内用薬,2318001F1ZZZ,【般】ジメチコン錠４０ｍｇ,ジメチコン,４０ｍｇ１錠,加算1,,5.9,,,,
内用薬,2318001F3ZZZ,【般】ジメチコン錠８０ｍｇ,ジメチコン,８０ｍｇ１錠,"加算1,2",,5.9,,,,
内用薬,2318001Q1ZZZ,【般】ジメチコンシロップ２％,ジメチコン,２％１ｍＬ,"加算1,2",,3,,,,
内用薬,2319001F1ZZZ,【般】ロペラミド塩酸塩錠１ｍｇ,ロペラミド塩酸塩,１ｍｇ１錠,加算1,,6.1,,,,
内用薬,2319001M1ZZZ,【般】ロペラミド塩酸塩カプセル１ｍｇ,ロペラミド塩酸塩,１ｍｇ１カプセル,"加算1,2",,6.1,,,,
内用薬,2319100F1ZZZ,【般】ベルベリン・ゲンノショウコエキス配合錠,ベルベリン塩化物水和物・ゲンノショウコエキス,１錠,"加算1,2",,5.9,準先発品はフェロベリン配合錠,,,
内用薬,2323001D3ZZZ,【般】アズレンスルホン酸Ｎａ顆粒１％,アズレンスルホン酸ナトリウム水和物,１％１ｇ,加算1,,9.5,,,,
内用薬,2323001F1ZZZ,【般】アズレンスルホン酸Ｎａ錠２ｍｇ,アズレンスルホン酸ナトリウム水和物,２ｍｇ１錠,加算1,,5.3,,,,
内用薬,2325001C1ZZZ,【般】シメチジン細粒２０％,シメチジン,２０％１ｇ,加算1,,6.5,,,,
内用薬,2325001F1ZZZ,【般】シメチジン錠２００ｍｇ,シメチジン,２００ｍｇ１錠,"加算1,2",,5.9,,,,
内用薬,2325001F2ZZZ,【般】シメチジン錠４００ｍｇ,シメチジン,４００ｍｇ１錠,加算1,,6.1,,,,
内用薬,2325003B1ZZZ,【般】ファモチジン散１０％,ファモチジン,１０％１ｇ,"加算1,2",,40.9,,,,
内用薬,2325003B2ZZZ,【般】ファモチジン散２％,ファモチジン,２％１ｇ,"加算1,2",,10.2,,,,
内用薬,2325003F1ZZZ,【般】ファモチジン錠１０ｍｇ,ファモチジン,１０ｍｇ１錠,"加算1,2",,10.4,,,,
内用薬,2325003F2ZZZ,【般】ファモチジン錠２０ｍｇ,ファモチジン,２０ｍｇ１錠,"加算1,2",,10.4,,,,
内用薬,2325003F3ZZZ,【般】ファモチジン口腔内崩壊錠１０ｍｇ,ファモチジン,１０ｍｇ１錠,"加算1,2",,10.4,,,,
内用薬,2325003F4ZZZ,【般】ファモチジン口腔内崩壊錠２０ｍｇ,ファモチジン,２０ｍｇ１錠,"加算1,2",,10.4,,,,
内用薬,2325004M1ZZZ,【般】ロキサチジン酢酸エステル塩酸塩徐放カプセル７５ｍｇ,ロキサチジン酢酸エステル塩酸塩,７５ｍｇ１カプセル,"加算1,2",,20.6,,,,
内用薬,2325004M2ZZZ,【般】ロキサチジン酢酸エステル塩酸塩徐放カプセル３７．５ｍｇ,ロキサチジン酢酸エステル塩酸塩,３７．５ｍｇ１カプセル,"加算1,2",,10.4,,,,
内用薬,2325005F1ZZZ,【般】ニザチジン錠１５０ｍｇ,ニザチジン,１５０ｍｇ１錠,"加算1,2",,10.4,,,,
内用薬,2325006F2ZZZ,【般】ラフチジン錠１０ｍｇ,ラフチジン,１０ｍｇ１錠,"加算1,2",,10.4,,,,
内用薬,2325006F4ZZZ,【般】ラフチジン口腔内崩壊錠１０ｍｇ,ラフチジン,１０ｍｇ１錠,"加算1,2",,10.4,,,,
内用薬,2329002D3ZZZ,【般】アルジオキサ顆粒２５％,アルジオキサ,２５％１ｇ,加算1,,7.7,,,,
内用薬,2329002D4ZZZ,【般】アルジオキサ顆粒５０％,アルジオキサ,５０％１ｇ,加算1,,6.5,,,,
内用薬,2329002F2ZZZ,【般】アルジオキサ錠１００ｍｇ,アルジオキサ,１００ｍｇ１錠,加算1,,5.9,,,,
内用薬,2329005F1ZZZ,【般】ピレンゼピン塩酸塩錠２５ｍｇ,ピレンゼピン塩酸塩水和物,２５ｍｇ１錠,加算1,,6.1,,,,
内用薬,2329008C1ZZZ,【般】スクラルファート細粒９０％,スクラルファート水和物,９０％１ｇ,"加算1,2",,6.5,,,,
内用薬,2329008S1ZZZ,【般】スクラルファート経口液１０％,スクラルファート水和物,１０％１ｍＬ,"加算1,2",,1.7,,,,
内用薬,2329009C2ZZZ,【般】スルピリド細粒１０％,スルピリド,１０％１ｇ,"加算1,2",,6.5,該当する後発品の経過措置期限が令和８年３月３１日であることから、同年４月１日以降は一般名処方マスタから削除される予定,,,
内用薬,2329009C3ZZZ,【般】スルピリド細粒５０％,スルピリド,５０％１ｇ,"加算1,2",,21,該当する後発品の経過措置期限が令和８年３月３１日であることから、同年４月１日以降は一般名処方マスタから削除される予定,,,
内用薬,2329009F1ZZZ,【般】スルピリド錠５０ｍｇ,スルピリド,５０ｍｇ１錠,"加算1,2",,6.6,,,,
内用薬,2329009M1ZZZ,【般】スルピリドカプセル５０ｍｇ,スルピリド,５０ｍｇ１カプセル,"加算1,2",,6.6,,,,
内用薬,2329011F1ZZZ,【般】ソファルコン錠５０ｍｇ,ソファルコン,５０ｍｇ１錠,加算1,,6.1,該当する後発品の経過措置期限が令和８年３月３１日であることから、同年４月１日以降は一般名処方マスタから削除される予定,,,
内用薬,2329011M2ZZZ,【般】ソファルコンカプセル１００ｍｇ,ソファルコン,１００ｍｇ１カプセル,加算1,,7.9,該当する後発品の経過措置期限が令和８年３月３１日であることから、同年４月１日以降は一般名処方マスタから削除される予定,,,
内用薬,2329012M1ZZZ,【般】テプレノンカプセル５０ｍｇ,テプレノン,５０ｍｇ１カプセル,"加算1,2",,6.5,,,,
内用薬,2329015F2ZZZ,【般】トロキシピド錠１００ｍｇ,トロキシピド,１００ｍｇ１錠,加算1,,6.4,該当する後発品の経過措置期限が令和８年３月３１日であることから、同年４月１日以降は一般名処方マスタから削除される予定,,,
内用薬,2329020F1ZZZ,【般】イルソグラジンマレイン酸塩錠２ｍｇ,イルソグラジンマレイン酸塩,２ｍｇ１錠,"加算1,2",,10.2,,,,
内用薬,2329020F2ZZZ,【般】イルソグラジンマレイン酸塩錠４ｍｇ,イルソグラジンマレイン酸塩,４ｍｇ１錠,"加算1,2",,10.4,,,,
内用薬,2329020F3ZZZ,【般】イルソグラジンマレイン酸塩口腔内崩壊錠２ｍｇ,イルソグラジンマレイン酸塩,２ｍｇ１錠,"加算1,2",,10.2,,,,
内用薬,2329020F4ZZZ,【般】イルソグラジンマレイン酸塩口腔内崩壊錠４ｍｇ,イルソグラジンマレイン酸塩,４ｍｇ１錠,"加算1,2",,10.4,,,,
内用薬,2329021D1ZZZ,【般】レバミピド顆粒２０％,レバミピド,２０％１ｇ,加算1,,15.9,,,,
内用薬,2329022H1ZZZ,【般】オメプラゾール錠２０ｍｇ,オメプラゾール,２０ｍｇ１錠,"加算1,2",,20.7,,,,
内用薬,2329022H2ZZZ,【般】オメプラゾール錠１０ｍｇ,オメプラゾール,１０ｍｇ１錠,"加算1,2",,13.5,,,,
内用薬,2329023F1ZZZ,【般】ランソプラゾール口腔内崩壊錠１５ｍｇ,ランソプラゾール,１５ｍｇ１錠,"加算1,2",,11.3,,,,
内用薬,2329023F2ZZZ,【般】ランソプラゾール口腔内崩壊錠３０ｍｇ,ランソプラゾール,３０ｍｇ１錠,"加算1,2",,19,,,,
内用薬,2329023M1ZZZ,【般】ランソプラゾールカプセル１５ｍｇ,ランソプラゾール,１５ｍｇ１カプセル,"加算1,2",,11.3,,,,
内用薬,2329023M2ZZZ,【般】ランソプラゾールカプセル３０ｍｇ,ランソプラゾール,３０ｍｇ１カプセル,"加算1,2",,19,,,,
内用薬,2329027D1ZZZ,【般】ポラプレジンク顆粒１５％,ポラプレジンク,１５％１ｇ,"加算1,2",,29.7,,,,
内用薬,2329027F1ZZZ,【般】ポラプレジンク口腔内崩壊錠７５ｍｇ,ポラプレジンク,７５ｍｇ１錠,"加算1,2",,9.3,,,,
内用薬,2329028F1ZZZ,【般】ラベプラゾールＮａ錠１０ｍｇ,ラベプラゾールナトリウム,１０ｍｇ１錠,"加算1,2",,19,,,,
内用薬,2329028F2ZZZ,【般】ラベプラゾールＮａ錠２０ｍｇ,ラベプラゾールナトリウム,２０ｍｇ１錠,"加算1,2",,32.1,,,,
内用薬,2329028F3ZZZ,【般】ラベプラゾールＮａ錠５ｍｇ,ラベプラゾールナトリウム,５ｍｇ１錠,"加算1,2",,8.3,,,,
内用薬,2329029M1ZZZ,【般】エソメプラゾールカプセル１０ｍｇ,エソメプラゾールマグネシウム水和物,１０ｍｇ１カプセル,"加算1,2",,21.7,,,,
内用薬,2329029M2ZZZ,【般】エソメプラゾールカプセル２０ｍｇ,エソメプラゾールマグネシウム水和物,２０ｍｇ１カプセル,"加算1,2",,37.8,,,,
内用薬,2329107D1ZZZ,【般】ジサイクロミン・乾燥水酸化アルミニウムゲル等配合顆粒,ジサイクロミン・水酸化アルミニウム配合剤,１ｇ,加算1,,8.6,,,,
内用薬,2329122D1ZZZ,【般】アズレンスルホン酸Ｎａ・Ｌ－グルタミン配合顆粒,アズレンスルホン酸ナトリウム水和物・Ｌ－グルタミン,１ｇ,"加算1,2",,6.7,準先発品はマーズレンＳ配合顆粒,,,
内用薬,2339105X1ZZZ,【般】炭酸水素ナトリウム・ゲンチアナ・ジアスターゼ配合散,炭酸水素ナトリウム・ゲンチアナ末配合剤,１ｇ,加算1,,6.5,該当する後発品の経過措置期限が令和８年３月３１日であることから、同年４月１日以降は一般名処方マスタから削除される予定,,,
内用薬,2339161P1ZZZ,【般】ビオヂアスターゼ１０００等消化酵素配合カプセル,ビオヂアスターゼ１０００配合剤,１カプセル,加算1,,6.1,,,,
内用薬,2339178BAZZZ,【般】ジアスターゼ・生薬等配合散,ジアスターゼ・生薬配合剤,１ｇ,加算1,例外コード,5.9,各品目により成分・含量が異なる,2339178B1040,ＨＭ散,
内用薬,2339178BAZZZ,【般】ジアスターゼ・生薬等配合散,ジアスターゼ・生薬配合剤,１ｇ,加算1,例外コード,5.9,各品目により成分・含量が異なる,2339178B1075,ＮＩＭ配合散,
内用薬,2339226D1ZZZ,【般】ビオヂアスターゼ２０００等消化酵素配合顆粒,ビオヂアスターゼ２０００配合剤,１ｇ,加算1,,9.8,,,,
内用薬,2339265F1ZZZ,【般】ビオヂアスターゼ２０００等消化酵素配合錠,ビオヂアスターゼ２０００配合剤,１錠,加算1,,5.9,,,,
内用薬,2344005F1ZZZ,【般】炭酸水素ナトリウム錠５００ｍｇ,炭酸水素ナトリウム,５００ｍｇ１錠,加算1,,5.9,,,,
内用薬,2344008F1ZZZ,【般】沈降炭酸カルシウム錠５００ｍｇ（制酸剤）,沈降炭酸カルシウム,５００ｍｇ１錠,加算1,,6.1,,,,
内用薬,2344009C1ZZZ,【般】酸化マグネシウム細粒８３％,酸化マグネシウム,８３％１ｇ,加算1,,8.4,,,,
内用薬,2344009F1ZZZ,【般】酸化マグネシウム錠２５０ｍｇ,酸化マグネシウム,２５０ｍｇ１錠,加算1,,5.9,,,,
内用薬,2344009F2ZZZ,【般】酸化マグネシウム錠３３０ｍｇ,酸化マグネシウム,３３０ｍｇ１錠,加算1,,5.9,,,,
内用薬,2344009F3ZZZ,【般】酸化マグネシウム錠２００ｍｇ,酸化マグネシウム,２００ｍｇ１錠,加算1,,5.9,,,,
内用薬,2344009F4ZZZ,【般】酸化マグネシウム錠５００ｍｇ,酸化マグネシウム,５００ｍｇ１錠,加算1,,5.9,,,,
内用薬,2344009F5ZZZ,【般】酸化マグネシウム錠３００ｍｇ,酸化マグネシウム,３００ｍｇ１錠,加算1,,5.9,,,,
内用薬,2344009F6ZZZ,【般】酸化マグネシウム錠４００ｍｇ,酸化マグネシウム,４００ｍｇ１錠,加算1,,5.9,,,,
内用薬,2349101D1ZZZ,【般】水酸化アルミニウムゲル・水酸化マグネシウム配合シロップ用,水酸化アルミニウムゲル・水酸化マグネシウム,１ｇ,加算1,,6.7,,,,
内用薬,2354001X1ZZZ,【般】カスカラサグラダ流エキス経口液,カスカラサグラダ流エキス,１０ｍＬ,加算1,,13.4,,,,
内用薬,2354002F2ZZZ,【般】センナエキス錠８０ｍｇ,センナエキス,８０ｍｇ１錠,加算1,,6.1,,,,
内用薬,2354003F2ZZZ,【般】センノシド錠１２ｍｇ,センノシド,１２ｍｇ１錠,"加算1,2",,5.3,,,,
内用薬,2359005D1ZZZ,【般】ピコスルファートＮａ顆粒１％,ピコスルファートナトリウム水和物,１％１ｇ,加算1,,14.1,,,,
内用薬,2359005R1ZZZ,【般】ピコスルファートＮａシロップ用１％,ピコスルファートナトリウム水和物,１％１ｇ,加算1,,20,,,,
内用薬,2359005S1ZZZ,【般】ピコスルファートＮａ経口液０．７５％,ピコスルファートナトリウム水和物,０．７５％１ｍＬ,"加算1,2",,7.5,,,,
内用薬,2359102X1ZZZ,【般】センナ・センナ実配合顆粒,センナ・センナ実,１ｇ,加算1,,6.7,,,,
内用薬,2359106B1ZZZ,【般】複方カンゾウ散,複方カンゾウ,１ｇ,加算1,,6.2,,,,
内用薬,2359108F1ZZZ,【般】ジオクチルソジウムスルホサクシネート等配合錠,ジオクチルソジウムスルホサクシネート・カサンスラノール,１錠,加算1,,5.9,該当する後発品の経過措置期限が令和８年３月３１日であることから、同年４月１日以降は一般名処方マスタから削除される予定,,,
内用薬,2362001F1ZZZ,【般】ウルソデオキシコール酸錠５０ｍｇ,ウルソデオキシコール酸,５０ｍｇ１錠,加算1,,10.4,,,,
内用薬,2362001F2ZZZ,【般】ウルソデオキシコール酸錠１００ｍｇ,ウルソデオキシコール酸,１００ｍｇ１錠,加算1,,10.4,,,,
内用薬,2391001F3ZZZ,【般】オンダンセトロン口腔内崩壊錠２ｍｇ,オンダンセトロン塩酸塩水和物,２ｍｇ１錠,加算1,,286.5,,,,
内用薬,2391001F4ZZZ,【般】オンダンセトロン口腔内崩壊錠４ｍｇ,オンダンセトロン塩酸塩水和物,４ｍｇ１錠,加算1,,341.3,,,,
内用薬,2391002Q1ZZZ,【般】グラニセトロン経口ゼリー１ｍｇ,グラニセトロン塩酸塩,１ｍｇ１包,加算1,,366.1,,,,
内用薬,2391002Q2ZZZ,【般】グラニセトロン経口ゼリー２ｍｇ,グラニセトロン塩酸塩,２ｍｇ１包,加算1,,588.2,,,,
内用薬,2391008M1ZZZ,【般】アプレピタントカプセル８０ｍｇ,アプレピタント,８０ｍｇ１カプセル,"加算1,2",,636,該当する先発品の経過措置期限が令和８年３月３１日であることから、同年４月１日以降は一般名処方加算対象が１のみとなる予定,,,
内用薬,2391008M2ZZZ,【般】アプレピタントカプセル１２５ｍｇ,アプレピタント,１２５ｍｇ１カプセル,"加算1,2",,1032.1,該当する先発品の経過措置期限が令和８年３月３１日であることから、同年４月１日以降は一般名処方加算対象が１のみとなる予定,,,
内用薬,2391008M3ZZZ,【般】アプレピタントカプセルセット（８０ｍｇ・１２５ｍｇ）,アプレピタント,１セット,"加算1,2",,2304.1,先発品はイメンドカプセルセット／該当する先発品の経過措置期限が令和８年３月３１日であることから、同年４月１日以降は一般名処方加算対象が１のみとなる予定,,,
内用薬,2399004C1ZZZ,【般】メトクロプラミド細粒２％,メトクロプラミド,２％１ｇ,"加算1,2",,6.5,,,,
内用薬,2399004F1ZZZ,【般】メトクロプラミド錠５ｍｇ,メトクロプラミド,５ｍｇ１錠,"加算1,2",,5.9,,,,
内用薬,2399005F2ZZZ,【般】ドンペリドン錠１０ｍｇ,ドンペリドン,１０ｍｇ１錠,"加算1,2",,6.1,,,,
内用薬,2399005F4ZZZ,【般】ドンペリドン口腔内崩壊錠１０ｍｇ,ドンペリドン,１０ｍｇ１錠,"加算1,2",,6.1,,,,
内用薬,2399005R1ZZZ,【般】ドンペリドンシロップ用１％,ドンペリドン,１％１ｇ,"加算1,2",,6.7,,,,
内用薬,2399006C1ZZZ,【般】トリメブチンマレイン酸塩細粒２０％,トリメブチンマレイン酸塩,２０％１ｇ,加算1,,13.7,,,,
内用薬,2399006F1ZZZ,【般】トリメブチンマレイン酸塩錠１００ｍｇ,トリメブチンマレイン酸塩,１００ｍｇ１錠,加算1,,6.1,,,,
内用薬,2399008F1ZZZ,【般】イトプリド塩酸塩錠５０ｍｇ,イトプリド塩酸塩,５０ｍｇ１錠,"加算1,2",,6.1,,,,
内用薬,2399009F1ZZZ,【般】メサラジン錠２５０ｍｇ,メサラジン,２５０ｍｇ１錠,"加算1,2",,14.7,先発品はペンタサ錠２５０ｍｇ,,,
内用薬,2399009F2ZZZ,【般】メサラジン錠５００ｍｇ,メサラジン,５００ｍｇ１錠,"加算1,2",,26.6,先発品はペンタサ錠５００ｍｇ,,,
内用薬,2399009F3ZZZ,【般】メサラジン腸溶錠４００ｍｇ,メサラジン,４００ｍｇ１錠,"加算1,2",,17.1,先発品はアサコール錠４００ｍｇ,,,
内用薬,2399010B1ZZZ,【般】モサプリドクエン酸塩散１％,モサプリドクエン酸塩水和物,１％１ｇ,"加算1,2",,9.6,,,,
内用薬,2399010F1ZZZ,【般】モサプリドクエン酸塩錠２．５ｍｇ,モサプリドクエン酸塩水和物,２．５ｍｇ１錠,"加算1,2",,10.1,,,,
内用薬,2454002S1ZZZ,【般】デキサメタゾンエリキシル０．０１％,デキサメタゾン,０．０１％１ｍＬ,加算1,,3.8,,,,
内用薬,2454004B1ZZZ,【般】ベタメタゾン散０．１％,ベタメタゾン,０．１％１ｇ,"加算1,2",,16.6,,,,
内用薬,2454004F2ZZZ,【般】ベタメタゾン錠０．５ｍｇ,ベタメタゾン,０．５ｍｇ１錠,加算1,,10.4,,,,
内用薬,2459100F1ZZZ,【般】ベタメタゾン・ｄ－クロルフェニラミン配合錠,ベタメタゾン・ｄ－クロルフェニラミンマレイン酸塩,１錠,"加算1,2",,6.1,準先発品はセレスタミン配合錠,,,
内用薬,2473001F1ZZZ,【般】エストラジオール錠０．５ｍｇ,エストラジオール,０．５ｍｇ１錠,"加算1,2",,20.8,,,,
内用薬,2478001F2ZZZ,【般】クロルマジノン酢酸エステル錠２５ｍｇ,クロルマジノン酢酸エステル,２５ｍｇ１錠,"加算1,2",,11.4,,,,
内用薬,2478002F1ZZZ,【般】メドロキシプロゲステロン酢酸エステル錠２．５ｍｇ,メドロキシプロゲステロン酢酸エステル,２．５ｍｇ１錠,"加算1,2",,6.1,,,,
内用薬,2478002F2ZZZ,【般】メドロキシプロゲステロン酢酸エステル錠５ｍｇ,メドロキシプロゲステロン酢酸エステル,５ｍｇ１錠,"加算1,2",,14.7,,,,
内用薬,2478002F3ZZZ,【般】メドロキシプロゲステロン酢酸エステル錠２００ｍｇ,メドロキシプロゲステロン酢酸エステル,２００ｍｇ１錠,"加算1,2",,64.8,,,,
内用薬,2482009F1ZZZ,【般】ノルエチステロン・エチニルエストラジオール０．０３５配合錠,ノルエチステロン・エチニルエストラジオール,１錠,"加算1,2",,66.6,先発品はルナベル配合錠ＬＤ／後発品はフリウェル配合錠ＬＤ,,,
内用薬,2482009F2ZZZ,【般】ノルエチステロン・エチニルエストラジオール０．０２配合錠,ノルエチステロン・エチニルエストラジオール,１錠,"加算1,2",,63.3,先発品はルナベル配合錠ＵＬＤ／後発品はフリウェル配合錠ＵＬＤ,,,
内用薬,2482011F1ZZZ,【般】ドロスピレノン・エチニルエストラジオール配合錠・プラセボ錠,ドロスピレノン・エチニルエストラジオール　ベータデクス,１シート,"加算1,2",,2302.5,先発品はヤーズ配合錠／後発品はドロエチ配合錠,,,
内用薬,2491001F5ZZZ,【般】カリジノゲナーゼ錠２５単位,カリジノゲナーゼ,２５単位１錠,"加算1,2",,6.1,,,,
内用薬,2491001F6ZZZ,【般】カリジノゲナーゼ錠５０単位,カリジノゲナーゼ,５０単位１錠,"加算1,2",,6.1,,,,
内用薬,2491001M3ZZZ,【般】カリジノゲナーゼカプセル２５単位,カリジノゲナーゼ,２５単位１カプセル,"加算1,2",,6.1,,,,
内用薬,2499010F1ZZZ,【般】ジエノゲスト錠１ｍｇ,ジエノゲスト,１ｍｇ１錠,"加算1,2",,53.5,,,,
内用薬,2499010F2ZZZ,【般】ジエノゲスト口腔内崩壊錠１ｍｇ,ジエノゲスト,１ｍｇ１錠,"加算1,2",,53.5,該当する先発品の経過措置期限が令和８年３月３１日であることから、同年４月１日以降は一般名処方加算対象が１のみとなる予定,,,
内用薬,2499010F3ZZZ,【般】ジエノゲスト錠０．５ｍｇ,ジエノゲスト,０．５ｍｇ１錠,"加算1,2",,41,,,,
内用薬,2499011F1ZZZ,【般】デュタステリド錠０．５ｍｇ：ＡＶ,デュタステリド,０．５ｍｇ１錠,加算1,,22.9,,,,
内用薬,2499011M1ZZZ,【般】デュタステリドカプセル０．５ｍｇ：ＡＶ,デュタステリド,０．５ｍｇ１カプセル,"加算1,2",,22.9,先発品はアボルブカプセル０．５ｍｇ,,,
内用薬,2590004F1ZZZ,【般】リトドリン塩酸塩錠５ｍｇ,リトドリン塩酸塩,５ｍｇ１錠,"加算1,2",,11.1,,,,
内用薬,2590005F1ZZZ,【般】オキシブチニン塩酸塩錠２ｍｇ,オキシブチニン塩酸塩,２ｍｇ１錠,"加算1,2",,6.1,,,,
内用薬,2590005F2ZZZ,【般】オキシブチニン塩酸塩錠３ｍｇ,オキシブチニン塩酸塩,３ｍｇ１錠,"加算1,2",,6.1,,,,
内用薬,2590005F3ZZZ,【般】オキシブチニン塩酸塩錠１ｍｇ,オキシブチニン塩酸塩,１ｍｇ１錠,"加算1,2",,5.9,,,,
内用薬,2590007F1ZZZ,【般】プロピベリン塩酸塩錠１０ｍｇ,プロピベリン塩酸塩,１０ｍｇ１錠,"加算1,2",,12,,,,
内用薬,2590007F2ZZZ,【般】プロピベリン塩酸塩錠２０ｍｇ,プロピベリン塩酸塩,２０ｍｇ１錠,"加算1,2",,19.9,,,,
内用薬,2590008F1ZZZ,【般】タムスロシン塩酸塩口腔内崩壊錠０．１ｍｇ,タムスロシン塩酸塩,０．１ｍｇ１錠,"加算1,2",,6.3,,,,
内用薬,2590008F2ZZZ,【般】タムスロシン塩酸塩口腔内崩壊錠０．２ｍｇ,タムスロシン塩酸塩,０．２ｍｇ１錠,"加算1,2",,15,,,,
内用薬,2590008N1ZZZ,【般】タムスロシン塩酸塩カプセル０．１ｍｇ,タムスロシン塩酸塩,０．１ｍｇ１カプセル,加算1,,6.3,,,,
内用薬,2590008N2ZZZ,【般】タムスロシン塩酸塩カプセル０．２ｍｇ,タムスロシン塩酸塩,０．２ｍｇ１カプセル,加算1,,15,,,,
内用薬,2590009F1ZZZ,【般】ナフトピジル錠２５ｍｇ,ナフトピジル,２５ｍｇ１錠,"加算1,2",,10.4,,,,
内用薬,2590009F2ZZZ,【般】ナフトピジル錠５０ｍｇ,ナフトピジル,５０ｍｇ１錠,"加算1,2",,10.4,,,,
内用薬,2590009F3ZZZ,【般】ナフトピジル錠７５ｍｇ,ナフトピジル,７５ｍｇ１錠,"加算1,2",,15.5,,,,
内用薬,2590009F4ZZZ,【般】ナフトピジル口腔内崩壊錠５０ｍｇ,ナフトピジル,５０ｍｇ１錠,"加算1,2",,10.4,,,,
内用薬,2590009F5ZZZ,【般】ナフトピジル口腔内崩壊錠７５ｍｇ,ナフトピジル,７５ｍｇ１錠,"加算1,2",,15.5,,,,
内用薬,2590009F6ZZZ,【般】ナフトピジル口腔内崩壊錠２５ｍｇ,ナフトピジル,２５ｍｇ１錠,"加算1,2",,10.4,,,,
内用薬,2590010F1ZZZ,【般】シロドシン錠２ｍｇ,シロドシン,２ｍｇ１錠,"加算1,2",,10.4,,,,
内用薬,2590010F2ZZZ,【般】シロドシン錠４ｍｇ,シロドシン,４ｍｇ１錠,"加算1,2",,10.4,,,,
内用薬,2590010F3ZZZ,【般】シロドシン口腔内崩壊錠２ｍｇ,シロドシン,２ｍｇ１錠,"加算1,2",,10.4,,,,
内用薬,2590010F4ZZZ,【般】シロドシン口腔内崩壊錠４ｍｇ,シロドシン,４ｍｇ１錠,"加算1,2",,10.4,,,,
内用薬,2590011F1ZZZ,【般】ソリフェナシンコハク酸塩錠２．５ｍｇ,コハク酸ソリフェナシン,２．５ｍｇ１錠,"加算1,2",,19.7,,,,
内用薬,2590011F2ZZZ,【般】ソリフェナシンコハク酸塩錠５ｍｇ,コハク酸ソリフェナシン,５ｍｇ１錠,"加算1,2",,33,,,,
内用薬,2590011F3ZZZ,【般】ソリフェナシンコハク酸塩口腔内崩壊錠２．５ｍｇ,コハク酸ソリフェナシン,２．５ｍｇ１錠,"加算1,2",,19.7,,,,
内用薬,2590011F4ZZZ,【般】ソリフェナシンコハク酸塩口腔内崩壊錠５ｍｇ,コハク酸ソリフェナシン,５ｍｇ１錠,"加算1,2",,33,,,,
内用薬,2590013F1ZZZ,【般】イミダフェナシン錠０．１ｍｇ,イミダフェナシン,０．１ｍｇ１錠,"加算1,2",,16.3,,,,
内用薬,2590013F2ZZZ,【般】イミダフェナシン口腔内崩壊錠０．１ｍｇ,イミダフェナシン,０．１ｍｇ１錠,"加算1,2",,16.3,,,,
内用薬,2590016F1ZZZ,【般】タダラフィル錠２．５ｍｇ：ＺＡ,タダラフィル,２．５ｍｇ１錠,"加算1,2",,16.9,先発品はザルティア錠２．５ｍｇ,,,
内用薬,2590016F2ZZZ,【般】タダラフィル錠５ｍｇ：ＺＡ,タダラフィル,５ｍｇ１錠,"加算1,2",,34.7,先発品はザルティア錠５ｍｇ,,,
内用薬,2590016F3ZZZ,【般】タダラフィル口腔内崩壊錠２．５ｍｇ：ＺＡ,タダラフィル,２．５ｍｇ１錠,加算1,,16.9,,,,
内用薬,2590016F4ZZZ,【般】タダラフィル口腔内崩壊錠５ｍｇ：ＺＡ,タダラフィル,５ｍｇ１錠,加算1,,34.7,,,,
内用薬,2590100X1ZZZ,【般】オオウメガサソウエキス０．５ｍｇ・ハコヤナギエキス等配合錠,オオウメガサソウエキス・ハコヤナギエキス配合剤,１錠,加算1,,6.1,,,,
内用薬,2590100X2ZZZ,【般】オオウメガサソウエキス１．０ｍｇ・ハコヤナギエキス等配合錠,オオウメガサソウエキス・ハコヤナギエキス配合剤,１錠,"加算1,2",,6.1,準先発品はエビプロスタット配合錠ＤＢ,,,
内用薬,2900002C1ZZZ,【般】ガンマオリザノール細粒２０％,ガンマオリザノール,２０％１ｇ,加算1,,6.5,,,,
内用薬,2900002F5ZZZ,【般】ガンマオリザノール錠５０ｍｇ,ガンマオリザノール,５０ｍｇ１錠,"加算1,2",,5.9,,,,
内用薬,3112001F1ZZZ,【般】アルファカルシドール錠０．２５μｇ,アルファカルシドール,０．２５μｇ１錠,"加算1,2",,6.1,,,,
内用薬,3112001F2ZZZ,【般】アルファカルシドール錠０．５μｇ,アルファカルシドール,０．５μｇ１錠,"加算1,2",,6.1,,,,
内用薬,3112001F3ZZZ,【般】アルファカルシドール錠１μｇ,アルファカルシドール,１μｇ１錠,"加算1,2",,6.1,,,,
内用薬,3112001M1ZZZ,【般】アルファカルシドールカプセル０．２５μｇ,アルファカルシドール,０．２５μｇ１カプセル,"加算1,2",,6.1,,,,
内用薬,3112001M2ZZZ,【般】アルファカルシドールカプセル０．５μｇ,アルファカルシドール,０．５μｇ１カプセル,"加算1,2",,6.1,,,,
内用薬,3112001M3ZZZ,【般】アルファカルシドールカプセル１μｇ,アルファカルシドール,１μｇ１カプセル,"加算1,2",,6.1,,,,
内用薬,3112001M4ZZZ,【般】アルファカルシドールカプセル３μｇ,アルファカルシドール,３μｇ１カプセル,"加算1,2",,14.4,,,,
内用薬,3112004M1ZZZ,【般】カルシトリオールカプセル０．２５μｇ,カルシトリオール,０．２５μｇ１カプセル,"加算1,2",,6.1,,,,
内用薬,3112004M2ZZZ,【般】カルシトリオールカプセル０．５μｇ,カルシトリオール,０．５μｇ１カプセル,"加算1,2",,7.9,,,,
内用薬,3112006F1ZZZ,【般】エルデカルシトール錠０．５μｇ,エルデカルシトール,０．５μｇ１錠,"加算1,2",,12.4,,,,
内用薬,3112006F2ZZZ,【般】エルデカルシトール錠０．７５μｇ,エルデカルシトール,０．７５μｇ１錠,"加算1,2",,17.8,,,,
内用薬,3112006M1ZZZ,【般】エルデカルシトールカプセル０．５μｇ,エルデカルシトール,０．５μｇ１カプセル,"加算1,2",,12.4,,,,
内用薬,3112006M2ZZZ,【般】エルデカルシトールカプセル０．７５μｇ,エルデカルシトール,０．７５μｇ１カプセル,"加算1,2",,17.8,,,,
内用薬,3122007F2ZZZ,【般】フルスルチアミン錠２５ｍｇ,フルスルチアミン,２５ｍｇ１錠,"加算1,2",,5.7,,,,
内用薬,3131002C1ZZZ,【般】リボフラビン酪酸エステル細粒１０％,リボフラビン酪酸エステル,１０％１ｇ,加算1,,9.5,,,,
内用薬,3131002F1ZZZ,【般】リボフラビン酪酸エステル錠２０ｍｇ,リボフラビン酪酸エステル,２０ｍｇ１錠,"加算1,2",,5.7,,,,
内用薬,3133001B1ZZZ,【般】パンテチン散２０％,パンテチン,２０％１ｇ,"加算1,2",,9.5,,,,
内用薬,3133001C1ZZZ,【般】パンテチン細粒２０％,パンテチン,２０％１ｇ,加算1,,9.5,,,,
内用薬,3133001F1ZZZ,【般】パンテチン錠３０ｍｇ,パンテチン,３０ｍｇ１錠,加算1,,5.9,,,,
内用薬,3133001F2ZZZ,【般】パンテチン錠６０ｍｇ,パンテチン,６０ｍｇ１錠,"加算1,2",,5.9,,,,
内用薬,3133001F3ZZZ,【般】パンテチン錠１００ｍｇ,パンテチン,１００ｍｇ１錠,"加算1,2",,5.9,,,,
内用薬,3134002F1ZZZ,【般】ピリドキシン塩酸塩錠３０ｍｇ,ピリドキシン塩酸塩,３０ｍｇ１錠,加算1,,5.9,,,,
内用薬,3134003F1ZZZ,【般】ピリドキサールリン酸エステル錠１０ｍｇ,ピリドキサールリン酸エステル水和物,１０ｍｇ１錠,加算1,,5.9,,,,
内用薬,3134003F2ZZZ,【般】ピリドキサールリン酸エステル錠２０ｍｇ,ピリドキサールリン酸エステル水和物,２０ｍｇ１錠,"加算1,2",,5.9,,,,
内用薬,3134003F3ZZZ,【般】ピリドキサールリン酸エステル錠３０ｍｇ,ピリドキサールリン酸エステル水和物,３０ｍｇ１錠,"加算1,2",,5.9,,,,
内用薬,3136004C1ZZZ,【般】メコバラミン細粒０．１％５００ｍｇ,メコバラミン,０．１％５００ｍｇ１包,加算1,,13.4,,,,
内用薬,3136004F1ZZZ,【般】メコバラミン錠０．２５ｍｇ,メコバラミン,０．２５ｍｇ１錠,加算1,,5.9,,,,
内用薬,3136004F2ZZZ,【般】メコバラミン錠０．５ｍｇ,メコバラミン,０．５ｍｇ１錠,加算1,,5.9,,,,
内用薬,3136004M1ZZZ,【般】メコバラミンカプセル０．２５ｍｇ,メコバラミン,０．２５ｍｇ１カプセル,加算1,,5.9,,,,
内用薬,3150002D1ZZZ,【般】トコフェロール酢酸エステル顆粒２０％,トコフェロール酢酸エステル,２０％１ｇ,加算1,,8.3,,,,
内用薬,3150002F1ZZZ,【般】トコフェロール酢酸エステル錠５０ｍｇ,トコフェロール酢酸エステル,５０ｍｇ１錠,加算1,,5.9,,,,
内用薬,3150002F2ZZZ,【般】トコフェロール酢酸エステル錠１００ｍｇ,トコフェロール酢酸エステル,１００ｍｇ１錠,加算1,,5.9,,,,
内用薬,3150002M1ZZZ,【般】トコフェロール酢酸エステルカプセル１００ｍｇ,トコフェロール酢酸エステル,１００ｍｇ１カプセル,加算1,,5.9,,,,
内用薬,3160001F1ZZZ,【般】フィトナジオン錠５ｍｇ,フィトナジオン,５ｍｇ１錠,"加算1,2",,5.9,,,,
内用薬,3160002M2ZZZ,【般】メナテトレノンカプセル１５ｍｇ,メナテトレノン,１５ｍｇ１カプセル,"加算1,2",,10.7,,,,
内用薬,3179101M1ZZZ,【般】チアミンジスルフィド・Ｂ６（２５ｍｇ）・Ｂ１２配合カプセル,チアミンジスルフィド・Ｂ６・Ｂ１２配合剤,１カプセル,加算1,,5.7,,,,
内用薬,3179107F1ZZZ,【般】フルスルチアミン５０ｍｇ・Ｂ２・Ｂ６・Ｂ１２配合錠,フルスルチアミン・Ｂ２・Ｂ６・Ｂ１２配合剤,１錠,加算1,,8,,,,
内用薬,3179115D1ZZZ,【般】アスコルビン酸・パントテン酸Ｃａ配合顆粒,アスコルビン酸・パントテン酸カルシウム,１ｇ,加算1,,6.5,,,,
内用薬,3190001R1ZZZ,【般】ビオチンシロップ用０．１％,ビオチン,０．１％１ｇ,加算1,,6.6,,,,
内用薬,3214001F1ZZZ,【般】Ｌ－アスパラギン酸Ｃａ錠２００ｍｇ,Ｌ－アスパラギン酸カルシウム水和物,２００ｍｇ１錠,加算1,,5.9,,,,
内用薬,3222012Q1ZZZ,【般】溶性ピロリン酸第二鉄シロップ５％,溶性ピロリン酸第二鉄,１ｍＬ,加算1,,6.4,,,,
内用薬,3222013F1ZZZ,【般】クエン酸第一鉄ナトリウム錠５０ｍｇ（鉄として）,クエン酸第一鉄ナトリウム,鉄５０ｍｇ１錠,"加算1,2",,5.9,,,,
内用薬,3229002G1ZZZ,【般】塩化カリウム徐放錠６００ｍｇ,塩化カリウム,６００ｍｇ１錠,加算1,,6.1,,,,
内用薬,3229003S1ZZZ,【般】酢酸カリウム経口液,酢酸カリウム,１０ｍＬ,加算1,,5.9,,,,
内用薬,3321002B1ZZZ,【般】カルバゾクロムスルホン酸Ｎａ散１０％,カルバゾクロムスルホン酸ナトリウム水和物,１０％１ｇ,"加算1,2",,8,,,,
内用薬,3321002C1ZZZ,【般】カルバゾクロムスルホン酸Ｎａ細粒１０％,カルバゾクロムスルホン酸ナトリウム水和物,１０％１ｇ,加算1,,8,,,,
内用薬,3321002F1ZZZ,【般】カルバゾクロムスルホン酸Ｎａ錠１０ｍｇ,カルバゾクロムスルホン酸ナトリウム水和物,１０ｍｇ１錠,"加算1,2",,5.3,,,,
内用薬,3321002F2ZZZ,【般】カルバゾクロムスルホン酸Ｎａ錠３０ｍｇ,カルバゾクロムスルホン酸ナトリウム水和物,３０ｍｇ１錠,"加算1,2",,6.1,,,,
内用薬,3327002F1ZZZ,【般】トラネキサム酸錠２５０ｍｇ,トラネキサム酸,２５０ｍｇ１錠,加算1,,10.4,,,,
内用薬,3327002F2ZZZ,【般】トラネキサム酸錠５００ｍｇ,トラネキサム酸,５００ｍｇ１錠,"加算1,2",,11.4,,,,
内用薬,3327002M1ZZZ,【般】トラネキサム酸カプセル２５０ｍｇ,トラネキサム酸,２５０ｍｇ１カプセル,加算1,,10.4,,,,
内用薬,3327002Q1ZZZ,【般】トラネキサム酸シロップ５％,トラネキサム酸,５％１ｍＬ,"加算1,2",,3.6,,,,
内用薬,3332001C1ZZZ,【般】ワルファリンＫ細粒０．２％,ワルファリンカリウム,０．２％１ｇ,加算1,,19.6,,,,
内用薬,3339003F1ZZZ,【般】リバーロキサバン錠１０ｍｇ,リバーロキサバン,１０ｍｇ１錠,"加算1,2",,161.3,,,,
内用薬,3339003F2ZZZ,【般】リバーロキサバン錠１５ｍｇ,リバーロキサバン,１５ｍｇ１錠,"加算1,2",,226.7,,,,
内用薬,3339003F3ZZZ,【般】リバーロキサバン口腔内崩壊錠１０ｍｇ,リバーロキサバン,１０ｍｇ１錠,"加算1,2",,161.3,,,,
内用薬,3339003F4ZZZ,【般】リバーロキサバン口腔内崩壊錠１５ｍｇ,リバーロキサバン,１５ｍｇ１錠,"加算1,2",,226.7,,,,
内用薬,3399001F1ZZZ,【般】チクロピジン塩酸塩錠１００ｍｇ,チクロピジン塩酸塩,１００ｍｇ１錠,"加算1,2",,10.4,,,,
内用薬,3399002F1ZZZ,【般】シロスタゾール錠５０ｍｇ,シロスタゾール,５０ｍｇ１錠,加算1,,10.4,,,,
内用薬,3399002F2ZZZ,【般】シロスタゾール錠１００ｍｇ,シロスタゾール,１００ｍｇ１錠,加算1,,12.6,,,,
内用薬,3399002F3ZZZ,【般】シロスタゾール口腔内崩壊錠５０ｍｇ,シロスタゾール,５０ｍｇ１錠,"加算1,2",,10.4,,,,
内用薬,3399002F4ZZZ,【般】シロスタゾール口腔内崩壊錠１００ｍｇ,シロスタゾール,１００ｍｇ１錠,"加算1,2",,12.6,,,,
内用薬,3399002Q1ZZZ,【般】シロスタゾール経口ゼリー５０ｍｇ,シロスタゾール,５０ｍｇ１包,加算1,,37.1,,,,
内用薬,3399002Q2ZZZ,【般】シロスタゾール経口ゼリー１００ｍｇ,シロスタゾール,１００ｍｇ１包,加算1,,44.7,,,,
内用薬,3399003F1ZZZ,【般】リマプロストアルファデクス錠５μｇ,リマプロスト　アルファデクス,５μｇ１錠,"加算1,2",,9.9,,,,
内用薬,3399004M1ZZZ,【般】イコサペント酸エチルカプセル３００ｍｇ,イコサペント酸エチル,３００ｍｇ１カプセル,"加算1,2",,12.5,,,,
内用薬,3399004M2ZZZ,【般】イコサペント酸エチル粒状カプセル３００ｍｇ,イコサペント酸エチル,３００ｍｇ１包,"加算1,2",,15.1,,,,
内用薬,3399004M3ZZZ,【般】イコサペント酸エチル粒状カプセル６００ｍｇ,イコサペント酸エチル,６００ｍｇ１包,"加算1,2",,29.4,,,,
内用薬,3399004M4ZZZ,【般】イコサペント酸エチル粒状カプセル９００ｍｇ,イコサペント酸エチル,９００ｍｇ１包,"加算1,2",,41.2,,,,
内用薬,3399005F1ZZZ,【般】ベラプロストＮａ錠２０μｇ,ベラプロストナトリウム,２０μｇ１錠,"加算1,2",,12.8,,,,
内用薬,3399005F2ZZZ,【般】ベラプロストＮａ錠４０μｇ,ベラプロストナトリウム,４０μｇ１錠,加算1,,35.8,,,,
内用薬,3399006F1ZZZ,【般】サルポグレラート塩酸塩錠５０ｍｇ,サルポグレラート塩酸塩,５０ｍｇ１錠,"加算1,2",,17.9,,,,
内用薬,3399006F2ZZZ,【般】サルポグレラート塩酸塩錠１００ｍｇ,サルポグレラート塩酸塩,１００ｍｇ１錠,"加算1,2",,28.6,,,,
内用薬,3399007H1ZZZ,【般】アスピリン腸溶錠１００ｍｇ,アスピリン,１００ｍｇ１錠,加算1,,5.9,,,,
内用薬,3399008F1ZZZ,【般】クロピドグレル錠２５ｍｇ,クロピドグレル硫酸塩,２５ｍｇ１錠,"加算1,2",,10.4,,,,
内用薬,3399008F2ZZZ,【般】クロピドグレル錠７５ｍｇ,クロピドグレル硫酸塩,７５ｍｇ１錠,"加算1,2",,19.7,,,,
内用薬,3399008F3ZZZ,【般】クロピドグレル錠５０ｍｇ,クロピドグレル硫酸塩,５０ｍｇ１錠,加算1,,17.4,,,,
内用薬,3399100F1ZZZ,【般】アスピリン８１ｍｇ・ダイアルミネート配合錠,アスピリン・ダイアルミネート,８１ｍｇ１錠,加算1,,5.9,,,,
内用薬,3921001F1ZZZ,【般】エデト酸カルシウムナトリウム錠５００ｍｇ,エデト酸カルシウムナトリウム水和物,５００ｍｇ１錠,加算1,,78.9,,,,
内用薬,3922001F2ZZZ,【般】グルタチオン錠１００ｍｇ,グルタチオン,１００ｍｇ１錠,"加算1,2",,10.1,,,,
内用薬,3929003C1ZZZ,【般】球形吸着炭細粒,球形吸着炭,１ｇ,"加算1,2",,37.2,,,,
内用薬,3929004F2ZZZ,【般】ホリナート錠２５ｍｇ,ホリナートカルシウム,２５ｍｇ１錠,"加算1,2",,381.1,,,,
内用薬,3929007D1ZZZ,【般】酢酸亜鉛顆粒５％,酢酸亜鉛水和物,５％１ｇ,"加算1,2",,188.8,,,,
内用薬,3929007F1ZZZ,【般】酢酸亜鉛錠２５ｍｇ,酢酸亜鉛水和物,２５ｍｇ１錠,"加算1,2",,88.6,,,,
内用薬,3929007F2ZZZ,【般】酢酸亜鉛錠５０ｍｇ,酢酸亜鉛水和物,５０ｍｇ１錠,"加算1,2",,137.7,,,,
内用薬,3929008D1ZZZ,【般】デフェラシロクス顆粒９０ｍｇ,デフェラシロクス,９０ｍｇ１包,"加算1,2",,329.9,,,,
内用薬,3929008D2ZZZ,【般】デフェラシロクス顆粒３６０ｍｇ,デフェラシロクス,３６０ｍｇ１包,"加算1,2",,1184.7,,,,
内用薬,3943001F1ZZZ,【般】アロプリノール錠１００ｍｇ,アロプリノール,１００ｍｇ１錠,"加算1,2",,8,該当する先発品の経過措置期限が令和８年３月３１日であることから、同年４月１日以降は一般名処方加算対象が１のみとなる予定,,,
内用薬,3949002F1ZZZ,【般】ベンズブロマロン錠２５ｍｇ,ベンズブロマロン,２５ｍｇ１錠,"加算1,2",,6.1,,,,
内用薬,3949002F2ZZZ,【般】ベンズブロマロン錠５０ｍｇ,ベンズブロマロン,５０ｍｇ１錠,"加算1,2",,6.1,,,,
内用薬,3949003F1ZZZ,【般】フェブキソスタット錠１０ｍｇ,フェブキソスタット,１０ｍｇ１錠,"加算1,2",,6.1,,,,
内用薬,3949003F2ZZZ,【般】フェブキソスタット錠２０ｍｇ,フェブキソスタット,２０ｍｇ１錠,"加算1,2",,10.4,,,,
内用薬,3949003F3ZZZ,【般】フェブキソスタット錠４０ｍｇ,フェブキソスタット,４０ｍｇ１錠,"加算1,2",,17.3,,,,
内用薬,3949003F4ZZZ,【般】フェブキソスタット口腔内崩壊錠１０ｍｇ,フェブキソスタット,１０ｍｇ１錠,加算1,,6.1,,,,
内用薬,3949003F5ZZZ,【般】フェブキソスタット口腔内崩壊錠２０ｍｇ,フェブキソスタット,２０ｍｇ１錠,加算1,,10.4,,,,
内用薬,3949003F6ZZZ,【般】フェブキソスタット口腔内崩壊錠４０ｍｇ,フェブキソスタット,４０ｍｇ１錠,加算1,,17.3,,,,
内用薬,3949101A1ZZZ,【般】クエン酸カリウム・クエン酸ナトリウム配合散,クエン酸カリウム・クエン酸ナトリウム水和物,１ｇ,"加算1,2",,6.7,先発品はウラリット－Ｕ配合散,,,
内用薬,3949101F1ZZZ,【般】クエン酸カリウム・クエン酸ナトリウム配合錠,クエン酸カリウム・クエン酸ナトリウム水和物,１錠,"加算1,2",,6.1,先発品はウラリット配合錠,,,
内用薬,3961003F1ZZZ,【般】グリベンクラミド錠１．２５ｍｇ,グリベンクラミド,１．２５ｍｇ１錠,"加算1,2",,5.9,,,,
内用薬,3961003F2ZZZ,【般】グリベンクラミド錠２．５ｍｇ,グリベンクラミド,２．５ｍｇ１錠,"加算1,2",,5.9,,,,
内用薬,3961007F1ZZZ,【般】グリクラジド錠４０ｍｇ,グリクラジド,４０ｍｇ１錠,"加算1,2",,6.1,該当する後発品の経過措置期限が令和８年３月３１日であることから、同年４月１日以降は一般名処方マスタから削除される予定,,,
内用薬,3961007F2ZZZ,【般】グリクラジド錠２０ｍｇ,グリクラジド,２０ｍｇ１錠,"加算1,2",,5.9,該当する後発品の経過措置期限が令和８年３月３１日であることから、同年４月１日以降は一般名処方マスタから削除される予定,,,
内用薬,3961008F2ZZZ,【般】グリメピリド錠３ｍｇ,グリメピリド,３ｍｇ１錠,"加算1,2",,10.4,,,,
内用薬,3961008F3ZZZ,【般】グリメピリド錠０．５ｍｇ,グリメピリド,０．５ｍｇ１錠,"加算1,2",,10.1,,,,
内用薬,3961008F5ZZZ,【般】グリメピリド口腔内崩壊錠３ｍｇ,グリメピリド,３ｍｇ１錠,加算1,,10.4,,,,
内用薬,3961008F6ZZZ,【般】グリメピリド口腔内崩壊錠０．５ｍｇ,グリメピリド,０．５ｍｇ１錠,加算1,,10.1,,,,
内用薬,3962002F1ZZZ,【般】メトホルミン塩酸塩錠２５０ｍｇ：ＧＬ,メトホルミン塩酸塩,２５０ｍｇ１錠,加算1,,10.1,,,,
内用薬,3969003F1ZZZ,【般】アカルボース錠５０ｍｇ,アカルボース,５０ｍｇ１錠,加算1,,7.3,,,,
内用薬,3969003F2ZZZ,【般】アカルボース錠１００ｍｇ,アカルボース,１００ｍｇ１錠,加算1,,12.8,,,,
内用薬,3969004F1ZZZ,【般】ボグリボース錠０．２ｍｇ,ボグリボース,０．２ｍｇ１錠,"加算1,2",,10.4,,,,
内用薬,3969004F2ZZZ,【般】ボグリボース錠０．３ｍｇ,ボグリボース,０．３ｍｇ１錠,"加算1,2",,10.4,,,,
内用薬,3969004F3ZZZ,【般】ボグリボース口腔内崩壊錠０．２ｍｇ,ボグリボース,０．２ｍｇ１錠,"加算1,2",,10.4,,,,
内用薬,3969004F4ZZZ,【般】ボグリボース口腔内崩壊錠０．３ｍｇ,ボグリボース,０．３ｍｇ１錠,"加算1,2",,10.4,,,,
内用薬,3969006F2ZZZ,【般】ナテグリニド錠９０ｍｇ,ナテグリニド,９０ｍｇ１錠,"加算1,2",,16.5,,,,
内用薬,3969007F1ZZZ,【般】ピオグリタゾン錠１５ｍｇ,ピオグリタゾン塩酸塩,１５ｍｇ１錠,"加算1,2",,10.4,,,,
内用薬,3969007F2ZZZ,【般】ピオグリタゾン錠３０ｍｇ,ピオグリタゾン塩酸塩,３０ｍｇ１錠,"加算1,2",,18.7,,,,
内用薬,3969007F3ZZZ,【般】ピオグリタゾン口腔内崩壊錠１５ｍｇ,ピオグリタゾン塩酸塩,１５ｍｇ１錠,"加算1,2",,10.4,,,,
内用薬,3969007F4ZZZ,【般】ピオグリタゾン口腔内崩壊錠３０ｍｇ,ピオグリタゾン塩酸塩,３０ｍｇ１錠,"加算1,2",,18.7,,,,
内用薬,3969008F1ZZZ,【般】ミチグリニドＣａ錠５ｍｇ,ミチグリニドカルシウム水和物,５ｍｇ１錠,"加算1,2",,6.1,,,,
内用薬,3969008F2ZZZ,【般】ミチグリニドＣａ錠１０ｍｇ,ミチグリニドカルシウム水和物,１０ｍｇ１錠,"加算1,2",,8.3,,,,
内用薬,3969008F3ZZZ,【般】ミチグリニドＣａ口腔内崩壊錠５ｍｇ,ミチグリニドカルシウム水和物,５ｍｇ１錠,"加算1,2",,6.1,,,,
内用薬,3969008F4ZZZ,【般】ミチグリニドＣａ口腔内崩壊錠１０ｍｇ,ミチグリニドカルシウム水和物,１０ｍｇ１錠,"加算1,2",,8.3,,,,
内用薬,3969009F1ZZZ,【般】ミグリトール錠２５ｍｇ,ミグリトール,２５ｍｇ１錠,"加算1,2",,7.1,,,,
内用薬,3969009F2ZZZ,【般】ミグリトール錠５０ｍｇ,ミグリトール,５０ｍｇ１錠,"加算1,2",,10.4,,,,
内用薬,3969009F3ZZZ,【般】ミグリトール錠７５ｍｇ,ミグリトール,７５ｍｇ１錠,"加算1,2",,10.6,,,,
内用薬,3969009F4ZZZ,【般】ミグリトール口腔内崩壊錠５０ｍｇ,ミグリトール,５０ｍｇ１錠,"加算1,2",,10.4,,,,
内用薬,3969009F5ZZZ,【般】ミグリトール口腔内崩壊錠７５ｍｇ,ミグリトール,７５ｍｇ１錠,"加算1,2",,10.6,,,,
内用薬,3969009F6ZZZ,【般】ミグリトール口腔内崩壊錠２５ｍｇ,ミグリトール,２５ｍｇ１錠,"加算1,2",,7.1,,,,
内用薬,3969011F1ZZZ,【般】ビルダグリプチン錠５０ｍｇ,ビルダグリプチン,５０ｍｇ１錠,"加算1,2",,18.4,,,,
内用薬,3969013F1ZZZ,【般】レパグリニド錠０．２５ｍｇ,レパグリニド,０．２５ｍｇ１錠,"加算1,2",,7.4,該当する先発品の経過措置期限が令和８年３月３１日であることから、同年４月１日以降は一般名処方加算対象が１のみとなる予定,,,
内用薬,3969013F2ZZZ,【般】レパグリニド錠０．５ｍｇ,レパグリニド,０．５ｍｇ１錠,"加算1,2",,12.3,該当する先発品の経過措置期限が令和８年３月３１日であることから、同年４月１日以降は一般名処方加算対象が１のみとなる予定,,,
内用薬,3969017F1ZZZ,【般】サキサグリプチン錠２．５ｍｇ,サキサグリプチン水和物,２．５ｍｇ１錠,"加算1,2",,26.9,,,,
内用薬,3969017F2ZZZ,【般】サキサグリプチン錠５ｍｇ,サキサグリプチン水和物,５ｍｇ１錠,"加算1,2",,40.3,,,,
内用薬,3969104F1ZZZ,【般】ビルダグリプチン・メトホルミン塩酸塩２５０ｍｇ配合錠,ビルダグリプチン・メトホルミン塩酸塩,１錠,"加算1,2",,23.6,先発品はエクメット配合錠ＬＤ／後発品はメホビル配合錠ＬＤ,,,
内用薬,3969104F2ZZZ,【般】ビルダグリプチン・メトホルミン塩酸塩５００ｍｇ配合錠,ビルダグリプチン・メトホルミン塩酸塩,１錠,"加算1,2",,23.3,先発品はエクメット配合錠ＨＤ／後発品はメホビル配合錠ＨＤ,,,
内用薬,3999001Q6ZZZ,【般】ラクツロース経口ゼリー５４．１６７％,ラクツロース,５４．１６７％１２ｇ１包,加算1,,49.4,,,,
内用薬,3999003F1ZZZ,【般】カモスタットメシル酸塩錠１００ｍｇ,カモスタットメシル酸塩,１００ｍｇ１錠,"加算1,2",,6.6,,,,
内用薬,3999004C1ZZZ,【般】シクロスポリン細粒１７％,シクロスポリン,１７％１ｇ,加算1,,637.5,,,,
内用薬,3999004M3ZZZ,【般】シクロスポリンカプセル１０ｍｇ：ＮＥ,シクロスポリン,１０ｍｇ１カプセル,"加算1,2",,20.8,先発品はネオーラル１０ｍｇカプセル,,,
内用薬,3999004M4ZZZ,【般】シクロスポリンカプセル２５ｍｇ：ＮＥ,シクロスポリン,２５ｍｇ１カプセル,"加算1,2",,48.9,先発品はネオーラル２５ｍｇカプセル,,,
内用薬,3999004M5ZZZ,【般】シクロスポリンカプセル５０ｍｇ：ＮＥ,シクロスポリン,５０ｍｇ１カプセル,"加算1,2",,76,先発品はネオーラル５０ｍｇカプセル,,,
内用薬,3999006A1ZZZ,【般】Ｌ－システイン散３２％,Ｌ－システイン,３２％１ｇ,加算1,,8.7,,,,
内用薬,3999006F1ZZZ,【般】Ｌ－システイン錠４０ｍｇ,Ｌ－システイン,４０ｍｇ１錠,加算1,,5.9,,,,
内用薬,3999006F2ZZZ,【般】Ｌ－システイン錠８０ｍｇ,Ｌ－システイン,８０ｍｇ１錠,加算1,,5.9,,,,
内用薬,3999013F1ZZZ,【般】エパルレスタット錠５０ｍｇ,エパルレスタット,５０ｍｇ１錠,"加算1,2",,14.3,,,,
内用薬,3999014F1ZZZ,【般】タクロリムス錠０．５ｍｇ,タクロリムス水和物,０．５ｍｇ１錠,加算1,,86.7,,,,
内用薬,3999014F2ZZZ,【般】タクロリムス錠１ｍｇ,タクロリムス水和物,１ｍｇ１錠,加算1,,147.3,,,,
内用薬,3999014F3ZZZ,【般】タクロリムス錠１．５ｍｇ,タクロリムス水和物,１．５ｍｇ１錠,加算1,,236.2,,,,
内用薬,3999014F4ZZZ,【般】タクロリムス錠３ｍｇ,タクロリムス水和物,３ｍｇ１錠,加算1,,375,,,,
内用薬,3999014F5ZZZ,【般】タクロリムス錠５ｍｇ,タクロリムス水和物,５ｍｇ１錠,加算1,,569.7,,,,
内用薬,3999014F6ZZZ,【般】タクロリムス錠２ｍｇ,タクロリムス水和物,２ｍｇ１錠,加算1,,274.7,,,,
内用薬,3999014M1ZZZ,【般】タクロリムスカプセル１ｍｇ,タクロリムス水和物,１ｍｇ１カプセル,"加算1,2",,147.3,,,,
内用薬,3999014M2ZZZ,【般】タクロリムスカプセル０．５ｍｇ,タクロリムス水和物,０．５ｍｇ１カプセル,"加算1,2",,86.7,,,,
内用薬,3999014M3ZZZ,【般】タクロリムスカプセル５ｍｇ,タクロリムス水和物,５ｍｇ１カプセル,"加算1,2",,569.7,,,,
内用薬,3999016F1ZZZ,【般】メトトレキサート錠２ｍｇ,メトトレキサート,２ｍｇ１錠,加算1,,49.7,,,,
内用薬,3999016F2ZZZ,【般】メトトレキサート錠１ｍｇ,メトトレキサート,１ｍｇ１錠,加算1,,32,,,,
内用薬,3999016M1ZZZ,【般】メトトレキサートカプセル２ｍｇ,メトトレキサート,２ｍｇ１カプセル,"加算1,2",,49.7,,,,
内用薬,3999018F1ZZZ,【般】アレンドロン酸錠５ｍｇ,アレンドロン酸ナトリウム水和物,５ｍｇ１錠,"加算1,2",,15.6,,,,
内用薬,3999018F2ZZZ,【般】アレンドロン酸錠３５ｍｇ,アレンドロン酸ナトリウム水和物,３５ｍｇ１錠,"加算1,2",,99.2,,,,
内用薬,3999019F1ZZZ,【般】リセドロン酸Ｎａ錠２．５ｍｇ,リセドロン酸ナトリウム水和物,２．５ｍｇ１錠,"加算1,2",,20.2,,,,
内用薬,3999019F2ZZZ,【般】リセドロン酸Ｎａ錠１７．５ｍｇ,リセドロン酸ナトリウム水和物,１７．５ｍｇ１錠,"加算1,2",,93.2,,,,
内用薬,3999019F3ZZZ,【般】リセドロン酸Ｎａ錠７５ｍｇ,リセドロン酸ナトリウム水和物,７５ｍｇ１錠,"加算1,2",,329.1,,,,
内用薬,3999021F1ZZZ,【般】ラロキシフェン塩酸塩錠６０ｍｇ,ラロキシフェン塩酸塩,６０ｍｇ１錠,"加算1,2",,21.6,,,,
内用薬,3999025F1ZZZ,【般】ピルフェニドン錠２００ｍｇ,ピルフェニドン,２００ｍｇ１錠,"加算1,2",,138.2,,,,
内用薬,3999026F1ZZZ,【般】ミノドロン酸錠１ｍｇ,ミノドロン酸水和物,１ｍｇ１錠,"加算1,2",,15.8,先発品はボノテオ錠１ｍｇ／リカルボン錠１ｍｇ,,,
内用薬,3999026F2ZZZ,【般】ミノドロン酸錠５０ｍｇ,ミノドロン酸水和物,５０ｍｇ１錠,"加算1,2",,368.9,先発品はボノテオ錠５０ｍｇ／リカルボン錠５０ｍｇ,,,
内用薬,3999027F1ZZZ,【般】バゼドキシフェン錠２０ｍｇ,バゼドキシフェン酢酸塩,２０ｍｇ１錠,"加算1,2",,27.3,,,,
内用薬,3999031F1ZZZ,【般】イグラチモド錠２５ｍｇ,イグラチモド,２５ｍｇ１錠,"加算1,2",,37.4,,,,
内用薬,3999033F1ZZZ,【般】レボカルニチンＦＦ錠１００ｍｇ,レボカルニチン,１００ｍｇ１錠,"加算1,2",,31.5,,,,
内用薬,3999033F2ZZZ,【般】レボカルニチンＦＦ錠２５０ｍｇ,レボカルニチン,２５０ｍｇ１錠,"加算1,2",,75.9,,,,
内用薬,3999033S1ZZZ,【般】レボカルニチンＦＦ経口液１０％,レボカルニチン,１０％１ｍＬ,"加算1,2",,24.3,,,,
内用薬,3999033S2ZZZ,【般】レボカルニチンＦＦ経口液１０％５ｍＬ,レボカルニチン,１０％５ｍＬ１包,"加算1,2",,111.2,,,,
内用薬,3999033S3ZZZ,【般】レボカルニチンＦＦ経口液１０％１０ｍＬ,レボカルニチン,１０％１０ｍＬ１包,"加算1,2",,213.6,,,,
内用薬,3999038F1ZZZ,【般】ヒドロキシクロロキン硫酸塩錠２００ｍｇ,ヒドロキシクロロキン硫酸塩,２００ｍｇ１錠,"加算1,2",,143.6,,,,
内用薬,4219004F1ZZZ,【般】テモゾロミド錠２０ｍｇ,テモゾロミド,２０ｍｇ１錠,加算1,,830.6,,,,
内用薬,4219004F2ZZZ,【般】テモゾロミド錠１００ｍｇ,テモゾロミド,１００ｍｇ１錠,加算1,,4002.4,,,,
内用薬,4219004M1ZZZ,【般】テモゾロミドカプセル２０ｍｇ,テモゾロミド,２０ｍｇ１カプセル,"加算1,2",,830.6,,,,
内用薬,4219004M2ZZZ,【般】テモゾロミドカプセル１００ｍｇ,テモゾロミド,１００ｍｇ１カプセル,"加算1,2",,4002.4,,,,
内用薬,4223005F1ZZZ,【般】カペシタビン錠３００ｍｇ,カペシタビン,３００ｍｇ１錠,"加算1,2",,54.1,,,,
内用薬,4229101F1ZZZ,【般】テガフール２０ｍｇ・ギメラシル・オテラシル配合口腔内崩壊錠,テガフール・ギメラシル・オテラシルカリウム配合剤,２０ｍｇ１錠（テガフール相当量）,"加算1,2",,119.3,先発品はティーエスワン配合ＯＤ錠Ｔ２０,,,
内用薬,4229101F2ZZZ,【般】テガフール２５ｍｇ・ギメラシル・オテラシル配合口腔内崩壊錠,テガフール・ギメラシル・オテラシルカリウム配合剤,２５ｍｇ１錠（テガフール相当量）,"加算1,2",,95.2,先発品はティーエスワン配合ＯＤ錠Ｔ２５,,,
内用薬,4229101M1ZZZ,【般】テガフール２０ｍｇ・ギメラシル・オテラシル配合カプセル,テガフール・ギメラシル・オテラシルカリウム配合剤,２０ｍｇ１カプセル（テガフール相当量）,"加算1,2",,119.3,先発品はティーエスワン配合カプセルＴ２０,,,
内用薬,4229101M2ZZZ,【般】テガフール２５ｍｇ・ギメラシル・オテラシル配合カプセル,テガフール・ギメラシル・オテラシルカリウム配合剤,２５ｍｇ１カプセル（テガフール相当量）,"加算1,2",,95.2,先発品はティーエスワン配合カプセルＴ２５,,,
内用薬,4291003F1ZZZ,【般】タモキシフェン錠１０ｍｇ,タモキシフェンクエン酸塩,１０ｍｇ１錠,"加算1,2",,15.5,,,,
内用薬,4291003F2ZZZ,【般】タモキシフェン錠２０ｍｇ,タモキシフェンクエン酸塩,２０ｍｇ１錠,"加算1,2",,29.8,,,,
内用薬,4291005F1ZZZ,【般】フルタミド錠１２５ｍｇ,フルタミド,１２５ｍｇ１錠,"加算1,2",,54,,,,
内用薬,4291007F1ZZZ,【般】トレミフェン錠４０ｍｇ,トレミフェンクエン酸塩,４０ｍｇ１錠,"加算1,2",,83.9,,,,
内用薬,4291009F1ZZZ,【般】ビカルタミド錠８０ｍｇ,ビカルタミド,８０ｍｇ１錠,"加算1,2",,65.5,,,,
内用薬,4291009F2ZZZ,【般】ビカルタミド口腔内崩壊錠８０ｍｇ,ビカルタミド,８０ｍｇ１錠,"加算1,2",,65.5,,,,
内用薬,4291010F1ZZZ,【般】アナストロゾール錠１ｍｇ,アナストロゾール,１ｍｇ１錠,"加算1,2",,25.6,,,,
内用薬,4291011F1ZZZ,【般】イマチニブ錠１００ｍｇ,イマチニブメシル酸塩,１００ｍｇ１錠,"加算1,2",,167.2,,,,
内用薬,4291011F2ZZZ,【般】イマチニブ錠２００ｍｇ,イマチニブメシル酸塩,２００ｍｇ１錠,加算1,,799.4,,,,
内用薬,4291012F1ZZZ,【般】エキセメスタン錠２５ｍｇ,エキセメスタン,２５ｍｇ１錠,"加算1,2",,115.1,,,,
内用薬,4291013F1ZZZ,【般】ゲフィチニブ錠２５０ｍｇ,ゲフィチニブ,２５０ｍｇ１錠,"加算1,2",,1188.2,,,,
内用薬,4291015F1ZZZ,【般】レトロゾール錠２．５ｍｇ,レトロゾール,２．５ｍｇ１錠,"加算1,2",,52.4,,,,
内用薬,4291016F1ZZZ,【般】エルロチニブ錠２５ｍｇ,エルロチニブ塩酸塩,２５ｍｇ１錠,"加算1,2",,471.7,,,,
内用薬,4291016F2ZZZ,【般】エルロチニブ錠１００ｍｇ,エルロチニブ塩酸塩,１００ｍｇ１錠,"加算1,2",,1580.4,,,,
内用薬,4291016F3ZZZ,【般】エルロチニブ錠１５０ｍｇ,エルロチニブ塩酸塩,１５０ｍｇ１錠,"加算1,2",,2492.3,,,,
内用薬,4291018F1ZZZ,【般】スニチニブ錠１２．５ｍｇ,スニチニブリンゴ酸塩,１２．５ｍｇ１錠,加算1,,2129.6,,,,
内用薬,4291018M1ZZZ,【般】スニチニブカプセル１２．５ｍｇ,スニチニブリンゴ酸塩,１２．５ｍｇ１カプセル,"加算1,2",,2129.6,,,,
内用薬,4291020F1ZZZ,【般】ダサチニブ錠２０ｍｇ,ダサチニブ,２０ｍｇ１錠,"加算1,2",,1012.2,,,,
内用薬,4291020F2ZZZ,【般】ダサチニブ錠５０ｍｇ,ダサチニブ,５０ｍｇ１錠,"加算1,2",,2472.5,,,,
内用薬,4291024M1ZZZ,【般】レナリドミドカプセル５ｍｇ,レナリドミド,５ｍｇ１カプセル,"加算1,2",,3648.2,,,,
内用薬,4291024M2ZZZ,【般】レナリドミドカプセル２．５ｍｇ,レナリドミド,２．５ｍｇ１カプセル,"加算1,2",,2996.7,,,,
内用薬,4413004F1ZZZ,【般】メキタジン錠３ｍｇ,メキタジン,３ｍｇ１錠,"加算1,2",,5.9,,,,
内用薬,4419002F1ZZZ,【般】ｄ－クロルフェニラミンマレイン酸塩錠２ｍｇ,ｄ－クロルフェニラミンマレイン酸塩,２ｍｇ１錠,加算1,,5.9,,,,
内用薬,4419002Q1ZZZ,【般】ｄ－クロルフェニラミンマレイン酸塩シロップ０．０４％,ｄ－クロルフェニラミンマレイン酸塩,０．０４％１０ｍＬ,"加算1,2",,8.8,準先発品はポララミンシロップ０．０４％,,,
内用薬,4419008Q1ZZZ,【般】クレマスチンシロップ０．０１％,クレマスチンフマル酸塩,０．０１％１０ｍＬ,"加算1,2",,12.8,,,,
内用薬,4419008R1ZZZ,【般】クレマスチンシロップ用０．１％,クレマスチンフマル酸塩,０．１％１ｇ,加算1,,7.4,,,,
内用薬,4490002M1ZZZ,【般】トラニラストカプセル１００ｍｇ,トラニラスト,１００ｍｇ１カプセル,"加算1,2",,8,,,,
内用薬,4490002R1ZZZ,【般】トラニラストシロップ用５％,トラニラスト,５％１ｇ,"加算1,2",,7.9,,,,
内用薬,4490003M1ZZZ,【般】ケトチフェンカプセル１ｍｇ,ケトチフェンフマル酸塩,１ｍｇ１カプセル,"加算1,2",,6.1,該当する先発品の経過措置期限が令和８年３月３１日であることから、同年４月１日以降は一般名処方加算対象が１のみとなる予定,,,
内用薬,4490003Q1ZZZ,【般】ケトチフェンシロップ０．０２％,ケトチフェンフマル酸塩,０．０２％１ｍＬ,"加算1,2",,6.7,,,,
内用薬,4490003R1ZZZ,【般】ケトチフェンシロップ用０．１％,ケトチフェンフマル酸塩,０．１％１ｇ,"加算1,2",,6.7,,,,
内用薬,4490004F1ZZZ,【般】アゼラスチン塩酸塩錠０．５ｍｇ,アゼラスチン塩酸塩,０．５ｍｇ１錠,"加算1,2",,5.9,,,,
内用薬,4490004F2ZZZ,【般】アゼラスチン塩酸塩錠１ｍｇ,アゼラスチン塩酸塩,１ｍｇ１錠,"加算1,2",,6.1,,,,
内用薬,4490005F1ZZZ,【般】オキサトミド錠３０ｍｇ,オキサトミド,３０ｍｇ１錠,加算1,,6.1,,,,
内用薬,4490005Q1ZZZ,【般】オキサトミドシロップ０．２％,オキサトミド,０．２％１ｍＬ,加算1,,6.9,,,,
内用薬,4490005R1ZZZ,【般】オキサトミドシロップ用２％,オキサトミド,２％１ｇ,加算1,,6.7,,,,
内用薬,4490011F1ZZZ,【般】ペミロラストＫ錠１０ｍｇ,ペミロラストカリウム,１０ｍｇ１錠,"加算1,2",,24.4,,,,
内用薬,4490011F2ZZZ,【般】ペミロラストＫ錠５ｍｇ,ペミロラストカリウム,５ｍｇ１錠,"加算1,2",,11.5,,,,
内用薬,4490014F1ZZZ,【般】エピナスチン塩酸塩錠１０ｍｇ,エピナスチン塩酸塩,１０ｍｇ１錠,"加算1,2",,10.6,,,,
内用薬,4490014F2ZZZ,【般】エピナスチン塩酸塩錠２０ｍｇ,エピナスチン塩酸塩,２０ｍｇ１錠,"加算1,2",,14.5,,,,
内用薬,4490014S1ZZZ,【般】エピナスチン塩酸塩経口液０．２％,エピナスチン塩酸塩,０．２％１ｍＬ,加算1,,26.1,,,,
内用薬,4490017F1ZZZ,【般】プランルカスト錠１１２．５ｍｇ,プランルカスト水和物,１１２．５ｍｇ１錠,加算1,,13.4,,,,
内用薬,4490017F2ZZZ,【般】プランルカスト錠２２５ｍｇ,プランルカスト水和物,２２５ｍｇ１錠,加算1,,24.4,,,,
内用薬,4490017M1ZZZ,【般】プランルカストカプセル１１２．５ｍｇ,プランルカスト水和物,１１２．５ｍｇ１カプセル,"加算1,2",,13.4,,,,
内用薬,4490017M2ZZZ,【般】プランルカストカプセル２２５ｍｇ,プランルカスト水和物,２２５ｍｇ１カプセル,加算1,,24.4,,,,
内用薬,4490017R1ZZZ,【般】プランルカストシロップ用１０％,プランルカスト水和物,１０％１ｇ,"加算1,2",,22.5,,,,
内用薬,4490019F1ZZZ,【般】エバスチン錠５ｍｇ,エバスチン,５ｍｇ１錠,加算1,,17.4,,,,
内用薬,4490019F2ZZZ,【般】エバスチン錠１０ｍｇ,エバスチン,１０ｍｇ１錠,"加算1,2",,21.9,,,,
内用薬,4490019F3ZZZ,【般】エバスチン口腔内崩壊錠５ｍｇ,エバスチン,５ｍｇ１錠,"加算1,2",,17.4,,,,
内用薬,4490019F4ZZZ,【般】エバスチン口腔内崩壊錠１０ｍｇ,エバスチン,１０ｍｇ１錠,"加算1,2",,21.9,,,,
内用薬,4490020F1ZZZ,【般】セチリジン塩酸塩錠５ｍｇ,セチリジン塩酸塩,５ｍｇ１錠,"加算1,2",,10.4,,,,
内用薬,4490020F2ZZZ,【般】セチリジン塩酸塩錠１０ｍｇ,セチリジン塩酸塩,１０ｍｇ１錠,"加算1,2",,10.4,,,,
内用薬,4490020F3ZZZ,【般】セチリジン塩酸塩口腔内崩壊錠５ｍｇ,セチリジン塩酸塩,５ｍｇ１錠,加算1,,10.4,,,,
内用薬,4490020F4ZZZ,【般】セチリジン塩酸塩口腔内崩壊錠１０ｍｇ,セチリジン塩酸塩,１０ｍｇ１錠,加算1,,10.4,,,,
内用薬,4490020R1ZZZ,【般】セチリジン塩酸塩シロップ用１．２５％,セチリジン塩酸塩,１．２５％１ｇ,"加算1,2",,70.7,,,,
内用薬,4490021F1ZZZ,【般】ラマトロバン錠５０ｍｇ,ラマトロバン,５０ｍｇ１錠,加算1,,18.2,,,,
内用薬,4490021F2ZZZ,【般】ラマトロバン錠７５ｍｇ,ラマトロバン,７５ｍｇ１錠,加算1,,25.2,,,,
内用薬,4490022F1ZZZ,【般】ベポタスチンベシル酸塩錠５ｍｇ,ベポタスチンベシル酸塩,５ｍｇ１錠,"加算1,2",,10.4,,,,
内用薬,4490022F2ZZZ,【般】ベポタスチンベシル酸塩錠１０ｍｇ,ベポタスチンベシル酸塩,１０ｍｇ１錠,"加算1,2",,10.4,,,,
内用薬,4490022F3ZZZ,【般】ベポタスチンベシル酸塩口腔内崩壊錠５ｍｇ,ベポタスチンベシル酸塩,５ｍｇ１錠,"加算1,2",,10.4,,,,
内用薬,4490022F4ZZZ,【般】ベポタスチンベシル酸塩口腔内崩壊錠１０ｍｇ,ベポタスチンベシル酸塩,１０ｍｇ１錠,"加算1,2",,10.4,,,,
内用薬,4490023F1ZZZ,【般】フェキソフェナジン塩酸塩錠６０ｍｇ,フェキソフェナジン塩酸塩,６０ｍｇ１錠,"加算1,2",,10.4,,,,
内用薬,4490023F2ZZZ,【般】フェキソフェナジン塩酸塩錠３０ｍｇ,フェキソフェナジン塩酸塩,３０ｍｇ１錠,"加算1,2",,10.4,,,,
内用薬,4490023F3ZZZ,【般】フェキソフェナジン塩酸塩口腔内崩壊錠６０ｍｇ,フェキソフェナジン塩酸塩,６０ｍｇ１錠,加算1,,10.4,,,,
内用薬,4490023F4ZZZ,【般】フェキソフェナジン塩酸塩口腔内崩壊錠３０ｍｇ,フェキソフェナジン塩酸塩,３０ｍｇ１錠,加算1,,10.4,,,,
内用薬,4490023R2ZZZ,【般】フェキソフェナジン塩酸塩シロップ用５％,フェキソフェナジン塩酸塩,５％１ｇ,加算1,,29.1,,,,
内用薬,4490025D1ZZZ,【般】オロパタジン塩酸塩顆粒０．５％,オロパタジン塩酸塩,０．５％１ｇ,"加算1,2",,20.7,,,,
内用薬,4490025F1ZZZ,【般】オロパタジン塩酸塩錠２．５ｍｇ,オロパタジン塩酸塩,２．５ｍｇ１錠,"加算1,2",,10.4,,,,
内用薬,4490025F2ZZZ,【般】オロパタジン塩酸塩錠５ｍｇ,オロパタジン塩酸塩,５ｍｇ１錠,"加算1,2",,10.4,,,,
内用薬,4490025F3ZZZ,【般】オロパタジン塩酸塩口腔内崩壊錠２．５ｍｇ,オロパタジン塩酸塩,２．５ｍｇ１錠,"加算1,2",,10.4,,,,
内用薬,4490025F4ZZZ,【般】オロパタジン塩酸塩口腔内崩壊錠５ｍｇ,オロパタジン塩酸塩,５ｍｇ１錠,"加算1,2",,10.4,,,,
内用薬,4490025R1ZZZ,【般】オロパタジン塩酸塩シロップ用１％,オロパタジン塩酸塩,１％１ｇ,加算1,,45,,,,
内用薬,4490026C1ZZZ,【般】モンテルカスト細粒４ｍｇ,モンテルカストナトリウム,４ｍｇ１包,"加算1,2",,18.5,,,,
内用薬,4490026F1ZZZ,【般】モンテルカストチュアブル錠５ｍｇ,モンテルカストナトリウム,５ｍｇ１錠,"加算1,2",,18.1,,,,
内用薬,4490026F2ZZZ,【般】モンテルカスト錠１０ｍｇ,モンテルカストナトリウム,１０ｍｇ１錠,"加算1,2",,13.8,,,,
内用薬,4490026F3ZZZ,【般】モンテルカスト錠５ｍｇ,モンテルカストナトリウム,５ｍｇ１錠,"加算1,2",,11.4,,,,
内用薬,4490026F4ZZZ,【般】モンテルカスト口腔内崩壊錠１０ｍｇ,モンテルカストナトリウム,１０ｍｇ１錠,"加算1,2",,13.8,,,,
内用薬,4490026F5ZZZ,【般】モンテルカスト口腔内崩壊錠５ｍｇ,モンテルカストナトリウム,５ｍｇ１錠,加算1,,11.4,,,,
内用薬,4490027F1ZZZ,【般】ロラタジン錠１０ｍｇ,ロラタジン,１０ｍｇ１錠,"加算1,2",,14.8,,,,
内用薬,4490027F2ZZZ,【般】ロラタジン口腔内崩壊錠１０ｍｇ,ロラタジン,１０ｍｇ１錠,"加算1,2",,14.8,,,,
内用薬,4490027R1ZZZ,【般】ロラタジンシロップ用１％,ロラタジン,１％１ｇ,"加算1,2",,30.1,,,,
内用薬,4490028F1ZZZ,【般】レボセチリジン塩酸塩錠５ｍｇ,レボセチリジン塩酸塩,５ｍｇ１錠,"加算1,2",,12.3,,,,
内用薬,4490028F2ZZZ,【般】レボセチリジン塩酸塩錠２．５ｍｇ,レボセチリジン塩酸塩,２．５ｍｇ１錠,加算1,,10.5,,,,
内用薬,4490028F3ZZZ,【般】レボセチリジン塩酸塩口腔内崩壊錠２．５ｍｇ,レボセチリジン塩酸塩,２．５ｍｇ１錠,加算1,,10.5,,,,
内用薬,4490028F4ZZZ,【般】レボセチリジン塩酸塩口腔内崩壊錠５ｍｇ,レボセチリジン塩酸塩,５ｍｇ１錠,加算1,,12.3,,,,
内用薬,4490028Q1ZZZ,【般】レボセチリジン塩酸塩シロップ０．０５％,レボセチリジン塩酸塩,０．０５％１ｍＬ,"加算1,2",,6.9,,,,
内用薬,4490028R1ZZZ,【般】レボセチリジン塩酸塩シロップ用０．５％,レボセチリジン塩酸塩,０．５％１ｇ,加算1,,46.7,,,,
内用薬,4490100F1ZZZ,【般】フェキソフェナジン・プソイドエフェドリン配合錠,フェキソフェナジン塩酸塩・塩酸プソイドエフェドリン,１錠,"加算1,2",,15.2,先発品はディレグラ配合錠／後発品はプソフェキ配合錠,,,
内用薬,6131001C2ZZZ,【般】アモキシシリン細粒２０％,アモキシシリン水和物,２００ｍｇ１ｇ,加算1,,11.8,,,,
内用薬,6132011F1ZZZ,【般】セフポドキシムプロキセチル錠１００ｍｇ,セフポドキシム　プロキセチル,１００ｍｇ１錠,"加算1,2",,28.1,,,,
内用薬,6132011R1ZZZ,【般】セフポドキシムプロキセチルシロップ用５％,セフポドキシム　プロキセチル,５０ｍｇ１ｇ,"加算1,2",,22.3,,,,
内用薬,6132013C1ZZZ,【般】セフジニル細粒１０％,セフジニル,１００ｍｇ１ｇ,"加算1,2",,38.5,,,,
内用薬,6149002F1ZZZ,【般】ロキシスロマイシン錠１５０ｍｇ,ロキシスロマイシン,１５０ｍｇ１錠,"加算1,2",,14.4,,,,
内用薬,6149003F1ZZZ,【般】クラリスロマイシン錠５０ｍｇ,クラリスロマイシン,５０ｍｇ１錠,"加算1,2",,11.9,,,,
内用薬,6149004C1ZZZ,【般】アジスロマイシン細粒１０％,アジスロマイシン水和物,１００ｍｇ１ｇ,"加算1,2",,59.6,,,,
内用薬,6149004F1ZZZ,【般】アジスロマイシン錠２５０ｍｇ,アジスロマイシン水和物,２５０ｍｇ１錠,"加算1,2",,60.7,,,,
内用薬,6149004F3ZZZ,【般】アジスロマイシン錠１００ｍｇ,アジスロマイシン水和物,１００ｍｇ１錠,加算1,,38.2,,,,
内用薬,6149004F4ZZZ,【般】アジスロマイシン錠５００ｍｇ,アジスロマイシン水和物,５００ｍｇ１錠,加算1,,162.8,,,,
内用薬,6149004M1ZZZ,【般】アジスロマイシンカプセル１００ｍｇ,アジスロマイシン水和物,１００ｍｇ１カプセル,"加算1,2",,38.2,,,,
内用薬,6152005F2ZZZ,【般】ミノサイクリン塩酸塩錠１００ｍｇ,ミノサイクリン塩酸塩,１００ｍｇ１錠,加算1,,20.5,,,,
内用薬,6152005M2ZZZ,【般】ミノサイクリン塩酸塩カプセル１００ｍｇ,ミノサイクリン塩酸塩,１００ｍｇ１カプセル,"加算1,2",,20.5,,,,
内用薬,6179001D1ZZZ,【般】ボリコナゾール顆粒２０％,ボリコナゾール,２０％１ｇ,加算1,,2745.4,,,,
内用薬,6179001F1ZZZ,【般】ボリコナゾール錠５０ｍｇ,ボリコナゾール,５０ｍｇ１錠,"加算1,2",,138.8,,,,
内用薬,6179001F2ZZZ,【般】ボリコナゾール錠２００ｍｇ,ボリコナゾール,２００ｍｇ１錠,"加算1,2",,457.9,,,,
内用薬,6179001F3ZZZ,【般】ボリコナゾール錠１００ｍｇ,ボリコナゾール,１００ｍｇ１錠,加算1,,225.8,,,,
内用薬,6191001F1ZZZ,【般】アンピシリン・クロキサシリンＮａ配合錠,アンピシリン水和物・クロキサシリンナトリウム水和物,（２５０ｍｇ）１錠,加算1,,20.1,,,,
内用薬,6219001H1ZZZ,【般】サラゾスルファピリジン腸溶錠５００ｍｇ,サラゾスルファピリジン,５００ｍｇ１錠,"加算1,2",,14,先発品はアザルフィジンＥＮ錠５００ｍｇ,,,
内用薬,6219001H2ZZZ,【般】サラゾスルファピリジン腸溶錠２５０ｍｇ,サラゾスルファピリジン,２５０ｍｇ１錠,"加算1,2",,12.6,先発品はアザルフィジンＥＮ錠２５０ｍｇ,,,
内用薬,6241010C1ZZZ,【般】トスフロキサシントシル酸塩細粒１５％,トスフロキサシントシル酸塩水和物,１５０ｍｇ１ｇ,"加算1,2",,111.4,,,,
内用薬,6241010F1ZZZ,【般】トスフロキサシントシル酸塩錠７５ｍｇ,トスフロキサシントシル酸塩水和物,７５ｍｇ１錠,"加算1,2",,23.2,該当する先発品の経過措置期限が令和８年３月３１日であることから、同年４月１日以降は一般名処方加算対象が１のみとなる予定,,,
内用薬,6241010F2ZZZ,【般】トスフロキサシントシル酸塩錠１５０ｍｇ,トスフロキサシントシル酸塩水和物,１５０ｍｇ１錠,"加算1,2",,24.1,,,,
内用薬,6241013C2ZZZ,【般】レボフロキサシン細粒１０％,レボフロキサシン水和物,１００ｍｇ１ｇ（レボフロキサシンとして）,"加算1,2",,27.7,,,,
内用薬,6241013F2ZZZ,【般】レボフロキサシン錠２５０ｍｇ,レボフロキサシン水和物,２５０ｍｇ１錠（レボフロキサシンとして）,"加算1,2",,25.4,,,,
内用薬,6241013F3ZZZ,【般】レボフロキサシン錠５００ｍｇ,レボフロキサシン水和物,５００ｍｇ１錠（レボフロキサシンとして）,"加算1,2",,37.1,,,,
内用薬,6241013F4ZZZ,【般】レボフロキサシン口腔内崩壊錠２５０ｍｇ,レボフロキサシン水和物,２５０ｍｇ１錠（レボフロキサシンとして）,加算1,,25.4,,,,
内用薬,6241013F6ZZZ,【般】レボフロキサシン粒状錠２５０ｍｇ,レボフロキサシン水和物,２５０ｍｇ１包（レボフロキサシンとして）,加算1,,25.4,,,,
内用薬,6241013F7ZZZ,【般】レボフロキサシン粒状錠５００ｍｇ,レボフロキサシン水和物,５００ｍｇ１包（レボフロキサシンとして）,加算1,,37.1,,,,
内用薬,6241013S2ZZZ,【般】レボフロキサシン経口液２５０ｍｇ１０ｍＬ,レボフロキサシン水和物,２５０ｍｇ１０ｍＬ１包（レボフロキサシンとして）,加算1,,92.9,,,,
内用薬,6249002F1ZZZ,【般】リネゾリド錠６００ｍｇ,リネゾリド,６００ｍｇ１錠,"加算1,2",,4290.4,,,,
内用薬,6250002D1ZZZ,【般】アシクロビル顆粒４０％,アシクロビル,４０％１ｇ,"加算1,2",,42,,,,
内用薬,6250002Q1ZZZ,【般】アシクロビル経口ゼリー２００ｍｇ,アシクロビル,２００ｍｇ１包,加算1,,142.5,,,,
内用薬,6250002Q2ZZZ,【般】アシクロビル経口ゼリー８００ｍｇ,アシクロビル,８００ｍｇ１包,加算1,,372.6,,,,
内用薬,6250002Q3ZZZ,【般】アシクロビルシロップ８％,アシクロビル,８％１ｍＬ,加算1,,21.1,,,,
内用薬,6250002R1ZZZ,【般】アシクロビルシロップ用８０％,アシクロビル,８０％１ｇ,加算1,,123.2,,,,
内用薬,6250019D1ZZZ,【般】バラシクロビル顆粒５０％,バラシクロビル塩酸塩,５０％１ｇ,"加算1,2",,82.7,,,,
内用薬,6250019F1ZZZ,【般】バラシクロビル錠５００ｍｇ,バラシクロビル塩酸塩,５００ｍｇ１錠,"加算1,2",,67.5,,,,
内用薬,6250019F2ZZZ,【般】バラシクロビル粒状錠５００ｍｇ,バラシクロビル塩酸塩,５００ｍｇ１包,加算1,,67.5,,,,
内用薬,6250021F1ZZZ,【般】オセルタミビル錠７５ｍｇ,オセルタミビルリン酸塩,７５ｍｇ１錠,加算1,,107.7,,,,
内用薬,6250021M1ZZZ,【般】オセルタミビルカプセル７５ｍｇ,オセルタミビルリン酸塩,７５ｍｇ１カプセル,"加算1,2",,107.7,,,,
内用薬,6250021R1ZZZ,【般】オセルタミビルシロップ用３％,オセルタミビルリン酸塩,３％１ｇ,"加算1,2",,79.5,,,,
内用薬,6250029F1ZZZ,【般】エンテカビル錠０．５ｍｇ,エンテカビル水和物,０．５ｍｇ１錠,"加算1,2",,71.5,,,,
内用薬,6250029F2ZZZ,【般】エンテカビル口腔内崩壊錠０．５ｍｇ,エンテカビル水和物,０．５ｍｇ１錠,加算1,,71.5,,,,
内用薬,6250031F1ZZZ,【般】ファムシクロビル錠２５０ｍｇ,ファムシクロビル,２５０ｍｇ１錠,"加算1,2",,68.9,,,,
内用薬,6250031F2ZZZ,【般】ファムシクロビル錠５００ｍｇ,ファムシクロビル,５００ｍｇ１錠,加算1,,123.4,,,,
内用薬,6250102F1ZZZ,【般】ラミブジン・アバカビル配合錠,ラミブジン・アバカビル硫酸塩,１錠,"加算1,2",,795.7,先発品はエプジコム配合錠／後発品はラバミコム配合錠,,,
内用薬,6290004F1ZZZ,【般】イトラコナゾール錠５０ｍｇ,イトラコナゾール,５０ｍｇ１錠,加算1,,61,,,,
内用薬,6290004F2ZZZ,【般】イトラコナゾール錠１００ｍｇ,イトラコナゾール,１００ｍｇ１錠,加算1,,157.4,,,,
内用薬,6290004M1ZZZ,【般】イトラコナゾールカプセル５０ｍｇ,イトラコナゾール,５０ｍｇ１カプセル,"加算1,2",,61,,,,
内用薬,6290004S1ZZZ,【般】イトラコナゾール経口液１％,イトラコナゾール,１％１ｍＬ,加算1,,49.8,,,,
内用薬,6290005F1ZZZ,【般】テルビナフィン錠１２５ｍｇ,テルビナフィン塩酸塩,１２５ｍｇ１錠,"加算1,2",,31.5,,,,
内用薬,6419001F1ZZZ,【般】チニダゾール錠２００ｍｇ,チニダゾール,２００ｍｇ１錠,加算1,,46.9,,,,
内用薬,6419001F2ZZZ,【般】チニダゾール錠５００ｍｇ,チニダゾール,５００ｍｇ１錠,加算1,,125,該当する後発品の経過措置期限が令和８年３月３１日であることから、同年４月１日以降は一般名処方マスタから削除される予定,,,
内用薬,8114004C1ZZZ,【般】モルヒネ硫酸塩徐放細粒２％（１２時間持続）,モルヒネ硫酸塩水和物,２％１ｇ,加算1,,397.9,該当する後発品の経過措置期限が令和８年３月３１日であることから、同年４月１日以降は一般名処方マスタから削除される予定,,,
内用薬,8114004C2ZZZ,【般】モルヒネ硫酸塩徐放細粒６％（１２時間持続）,モルヒネ硫酸塩水和物,６％１ｇ,加算1,,1046.5,該当する後発品の経過措置期限が令和８年３月３１日であることから、同年４月１日以降は一般名処方マスタから削除される予定,,,
内用薬,8114004C3ZZZ,【般】モルヒネ硫酸塩徐放細粒１０ｍｇ（１２時間持続）,モルヒネ硫酸塩水和物,１０ｍｇ１包,加算1,,198.4,,,,
内用薬,8114004C4ZZZ,【般】モルヒネ硫酸塩徐放細粒３０ｍｇ（１２時間持続）,モルヒネ硫酸塩水和物,３０ｍｇ１包,加算1,,528.3,,,,
内用薬,8119002F5ZZZ,【般】オキシコドン錠２．５ｍｇ（乱用防止製剤）,オキシコドン塩酸塩水和物,２．５ｍｇ１錠,加算1,,47.6,,,,
内用薬,8119002F6ZZZ,【般】オキシコドン錠５ｍｇ（乱用防止製剤）,オキシコドン塩酸塩水和物,５ｍｇ１錠,加算1,,86.6,,,,
内用薬,8119002F7ZZZ,【般】オキシコドン錠１０ｍｇ（乱用防止製剤）,オキシコドン塩酸塩水和物,１０ｍｇ１錠,加算1,,156.6,,,,
内用薬,8119002F8ZZZ,【般】オキシコドン錠２０ｍｇ（乱用防止製剤）,オキシコドン塩酸塩水和物,２０ｍｇ１錠,加算1,,308.6,,,,
内用薬,8119002S1ZZZ,【般】オキシコドン経口液２．５ｍｇ,オキシコドン塩酸塩水和物,２．５ｍｇ２．５ｍＬ１包,加算1,,87.5,,,,
内用薬,8119002S2ZZZ,【般】オキシコドン経口液５ｍｇ,オキシコドン塩酸塩水和物,５ｍｇ２．５ｍＬ１包,加算1,,152.4,,,,
内用薬,8119002S3ZZZ,【般】オキシコドン経口液１０ｍｇ,オキシコドン塩酸塩水和物,１０ｍｇ５ｍＬ１包,加算1,,290.1,,,,
内用薬,8119002S4ZZZ,【般】オキシコドン経口液２０ｍｇ,オキシコドン塩酸塩水和物,２０ｍｇ５ｍＬ１包,加算1,,541.7,,,,
外用薬,1141700J1ZZZ,【般】アセトアミノフェン坐剤５０ｍｇ,アセトアミノフェン,５０ｍｇ１個,"加算1,2",,20.9,,,,
外用薬,1141700J2ZZZ,【般】アセトアミノフェン坐剤１００ｍｇ,アセトアミノフェン,１００ｍｇ１個,"加算1,2",,20.9,,,,
外用薬,1141700J3ZZZ,【般】アセトアミノフェン坐剤２００ｍｇ,アセトアミノフェン,２００ｍｇ１個,"加算1,2",,20.9,,,,
外用薬,1147700J1ZZZ,【般】ジクロフェナクＮａ坐剤１２．５ｍｇ,ジクロフェナクナトリウム,１２．５ｍｇ１個,"加算1,2",,20.3,,,,
外用薬,1147700J2ZZZ,【般】ジクロフェナクＮａ坐剤２５ｍｇ,ジクロフェナクナトリウム,２５ｍｇ１個,"加算1,2",,20.9,,,,
外用薬,1147700J3ZZZ,【般】ジクロフェナクＮａ坐剤５０ｍｇ,ジクロフェナクナトリウム,５０ｍｇ１個,"加算1,2",,20.9,,,,
外用薬,1149700J1ZZZ,【般】ケトプロフェン坐剤５０ｍｇ,ケトプロフェン,５０ｍｇ１個,加算1,,20.9,,,,
外用薬,1149700J2ZZZ,【般】ケトプロフェン坐剤７５ｍｇ,ケトプロフェン,７５ｍｇ１個,加算1,,22.2,,,,
外用薬,1190700S1ZZZ,【般】リバスチグミンテープ４．５ｍｇ（１日用）,リバスチグミン,４．５ｍｇ１枚,"加算1,2",,71.2,,,,
外用薬,1190700S2ZZZ,【般】リバスチグミンテープ９ｍｇ（１日用）,リバスチグミン,９ｍｇ１枚,"加算1,2",,80.4,,,,
外用薬,1190700S3ZZZ,【般】リバスチグミンテープ１３．５ｍｇ（１日用）,リバスチグミン,１３．５ｍｇ１枚,"加算1,2",,84,,,,
外用薬,1190700S4ZZZ,【般】リバスチグミンテープ１８ｍｇ（１日用）,リバスチグミン,１８ｍｇ１枚,"加算1,2",,89.5,,,,
外用薬,1190700S5ZZZ,【般】リバスチグミンテープ２５．９２ｍｇ（週２回用）,リバスチグミン,２５．９２ｍｇ１枚,加算1,,215.3,,,,
外用薬,1190700S6ZZZ,【般】リバスチグミンテープ５１．８４ｍｇ（週２回用）,リバスチグミン,５１．８４ｍｇ１枚,加算1,,329,,,,
外用薬,1214701S1ZZZ,【般】リドカインテープ１８ｍｇ（３０．５×５０．０ｍｍ）,リドカイン,（１８ｍｇ）３０．５ｍｍ×５０．０ｍｍ１枚,"加算1,2",,31.6,,,,
外用薬,1315700M1ZZZ,【般】デキサメタゾン眼軟膏０．０５％,デキサメタゾン,０．０５％１ｇ,加算1,,42.5,,,,
外用薬,1315700M2ZZZ,【般】デキサメタゾン眼軟膏０．１％,デキサメタゾン,０．１％１ｇ,加算1,,32.9,,,,
外用薬,1315701Q1ZZZ,【般】メタスルホ安息香酸デキサメタゾンＮａ点眼液０．０２％,デキサメタゾンメタスルホ安息香酸エステルナトリウム,０．０２％１ｍＬ,"加算1,2",,13.2,,,,
外用薬,1315701Q2ZZZ,【般】メタスルホ安息香酸デキサメタゾンＮａ点眼液０．０５％,デキサメタゾンメタスルホ安息香酸エステルナトリウム,０．０５％１ｍＬ,加算1,,18.5,,,,
外用薬,1315701Q3ZZZ,【般】メタスルホ安息香酸デキサメタゾンＮａ点眼液０．１％,デキサメタゾンメタスルホ安息香酸エステルナトリウム,０．１％１ｍＬ,"加算1,2",,24.7,,,,
外用薬,1315701Q4ZZZ,【般】メタスルホ安息香酸デキサメタゾンＮａ点眼点耳点鼻液０．１％,デキサメタゾンメタスルホ安息香酸エステルナトリウム,０．１％１ｍＬ,加算1,,29.2,,,,
外用薬,1315704Q1ZZZ,【般】フルオロメトロン点眼液０．０２％,フルオロメトロン,０．０２％１ｍＬ,"加算1,2",,18.5,,,,
外用薬,1315704Q2ZZZ,【般】フルオロメトロン点眼液０．０５％,フルオロメトロン,０．０５％１ｍＬ,加算1,,18.5,,,,
外用薬,1315704Q3ZZZ,【般】フルオロメトロン点眼液０．１％,フルオロメトロン,０．１％１ｍＬ,"加算1,2",,18.5,,,,
外用薬,1315706Q2ZZZ,【般】ベタメタゾンリン酸エステルＮａ点眼点耳点鼻液０．１％,ベタメタゾンリン酸エステルナトリウム,０．１％１ｍＬ,"加算1,2",,13,,,,
外用薬,1317706Q1ZZZ,【般】ゲンタマイシン硫酸塩点眼液０．３％,ゲンタマイシン硫酸塩,３ｍｇ１ｍＬ,加算1,,18.5,,,,
外用薬,1319701Q1ZZZ,【般】カルテオロール塩酸塩点眼液１％（非持続性）,カルテオロール塩酸塩,１％１ｍＬ,"加算1,2",,64.7,先発品はミケラン点眼液１％,,,
外用薬,1319701Q2ZZZ,【般】カルテオロール塩酸塩点眼液２％（非持続性）,カルテオロール塩酸塩,２％１ｍＬ,"加算1,2",,71.9,先発品はミケラン点眼液２％,,,
外用薬,1319701Q3ZZZ,【般】カルテオロール塩酸塩点眼液１％（持続性）,カルテオロール塩酸塩,１％１ｍＬ,"加算1,2",,120.2,先発品はミケランＬＡ点眼液１％,,,
外用薬,1319701Q4ZZZ,【般】カルテオロール塩酸塩点眼液２％（持続性）,カルテオロール塩酸塩,２％１ｍＬ,"加算1,2",,148.6,先発品はミケランＬＡ点眼液２％,,,
外用薬,1319702Q1ZZZ,【般】チモロール点眼液０．２５％（非持続性）,チモロールマレイン酸塩,０．２５％１ｍＬ,"加算1,2",,43.6,先発品はチモプトール点眼液０．２５％,,,
外用薬,1319702Q2ZZZ,【般】チモロール点眼液０．５％（非持続性）,チモロールマレイン酸塩,０．５％１ｍＬ,"加算1,2",,52.3,先発品はチモプトール点眼液０．５％,,,
外用薬,1319702QAZZZ,【般】チモロール点眼液０．２５％（持続性）,チモロールマレイン酸塩,０．２５％１ｍＬ,"加算1,2",例外コード,18.5,先発品はチモプトールＸＥ点眼液０．２５％／リズモンＴＧ点眼液０．２５％（持続性製剤の代替調剤のため例外コードに変更）,1319702Q3010,チモロールマレイン酸塩０．２５％１ｍＬＸＥ点眼液,
外用薬,1319702QAZZZ,【般】チモロール点眼液０．２５％（持続性）,チモロールマレイン酸塩,０．２５％１ｍＬ,"加算1,2",例外コード,18.5,先発品はチモプトールＸＥ点眼液０．２５％／リズモンＴＧ点眼液０．２５％（持続性製剤の代替調剤のため例外コードに変更）,1319702Q3037,チモプトールＸＥ点眼液０．２５％,
外用薬,1319702QAZZZ,【般】チモロール点眼液０．２５％（持続性）,チモロールマレイン酸塩,０．２５％１ｍＬ,"加算1,2",例外コード,18.5,先発品はチモプトールＸＥ点眼液０．２５％／リズモンＴＧ点眼液０．２５％（持続性製剤の代替調剤のため例外コードに変更）,1319702Q3045,チモロールＸＥ点眼液０．２５％「ＴＳ」,
外用薬,1319702QAZZZ,【般】チモロール点眼液０．２５％（持続性）,チモロールマレイン酸塩,０．２５％１ｍＬ,"加算1,2",例外コード,18.5,先発品はチモプトールＸＥ点眼液０．２５％／リズモンＴＧ点眼液０．２５％（持続性製剤の代替調剤のため例外コードに変更）,1319702Q3061,チモロールＸＥ点眼液０．２５％「ニットー」,
外用薬,1319702QAZZZ,【般】チモロール点眼液０．２５％（持続性）,チモロールマレイン酸塩,０．２５％１ｍＬ,"加算1,2",例外コード,18.5,先発品はチモプトールＸＥ点眼液０．２５％／リズモンＴＧ点眼液０．２５％（持続性製剤の代替調剤のため例外コードに変更）,1319702Q3088,チモロールＸＥ点眼液０．２５％「センジュ」,
外用薬,1319702QAZZZ,【般】チモロール点眼液０．２５％（持続性）,チモロールマレイン酸塩,０．２５％１ｍＬ,"加算1,2",例外コード,18.5,先発品はチモプトールＸＥ点眼液０．２５％／リズモンＴＧ点眼液０．２５％（持続性製剤の代替調剤のため例外コードに変更）,1319702Q5021,リズモンＴＧ点眼液０．２５％,
外用薬,1319702QBZZZ,【般】チモロール点眼液０．５％（持続性）,チモロールマレイン酸塩,０．５％１ｍＬ,"加算1,2",例外コード,145.6,先発品はチモプトールＸＥ点眼液０．５％／リズモンＴＧ点眼液０．５％（持続性製剤の代替調剤のため例外コードに変更）,1319702Q4033,チモプトールＸＥ点眼液０．５％,
外用薬,1319702QBZZZ,【般】チモロール点眼液０．５％（持続性）,チモロールマレイン酸塩,０．５％１ｍＬ,"加算1,2",例外コード,145.6,先発品はチモプトールＸＥ点眼液０．５％／リズモンＴＧ点眼液０．５％（持続性製剤の代替調剤のため例外コードに変更）,1319702Q4041,チモロールＸＥ点眼液０．５％「ＴＳ」,
外用薬,1319702QBZZZ,【般】チモロール点眼液０．５％（持続性）,チモロールマレイン酸塩,０．５％１ｍＬ,"加算1,2",例外コード,145.6,先発品はチモプトールＸＥ点眼液０．５％／リズモンＴＧ点眼液０．５％（持続性製剤の代替調剤のため例外コードに変更）,1319702Q4050,チモロールＸＥ点眼液０．５％「杏林」,
外用薬,1319702QBZZZ,【般】チモロール点眼液０．５％（持続性）,チモロールマレイン酸塩,０．５％１ｍＬ,"加算1,2",例外コード,145.6,先発品はチモプトールＸＥ点眼液０．５％／リズモンＴＧ点眼液０．５％（持続性製剤の代替調剤のため例外コードに変更）,1319702Q4068,チモロールＸＥ点眼液０．５％「ニットー」,
外用薬,1319702QBZZZ,【般】チモロール点眼液０．５％（持続性）,チモロールマレイン酸塩,０．５％１ｍＬ,"加算1,2",例外コード,145.6,先発品はチモプトールＸＥ点眼液０．５％／リズモンＴＧ点眼液０．５％（持続性製剤の代替調剤のため例外コードに変更）,1319702Q4084,チモロールＸＥ点眼液０．５％「センジュ」,
外用薬,1319702QBZZZ,【般】チモロール点眼液０．５％（持続性）,チモロールマレイン酸塩,０．５％１ｍＬ,"加算1,2",例外コード,145.6,先発品はチモプトールＸＥ点眼液０．５％／リズモンＴＧ点眼液０．５％（持続性製剤の代替調剤のため例外コードに変更）,1319702Q6028,リズモンＴＧ点眼液０．５％,
外用薬,1319703Q2ZZZ,【般】アズレンスルホン酸Ｎａ点眼液０．０２％５ｍＬ,アズレンスルホン酸ナトリウム水和物,０．０２％５ｍＬ１瓶,加算1,,91.6,,,,
外用薬,1319706Q3ZZZ,【般】ピレノキシン点眼液０．００５％５ｍＬ,ピレノキシン,０．００５％５ｍＬ１瓶,加算1,,67,,,,
外用薬,1319709Q3ZZZ,【般】コンドロイチン硫酸エステルＮａ点眼液１％５ｍＬ,コンドロイチン硫酸エステルナトリウム,１％５ｍＬ１瓶,加算1,,89.2,,,,
外用薬,1319709Q4ZZZ,【般】コンドロイチン硫酸エステルＮａ点眼液３％５ｍＬ,コンドロイチン硫酸エステルナトリウム,３％５ｍＬ１瓶,加算1,,91.6,,,,
外用薬,1319710Q2ZZZ,【般】シアノコバラミン点眼液０．０２％,シアノコバラミン,０．０２％５ｍＬ１瓶,"加算1,2",,89.2,,,,
外用薬,1319717Q1ZZZ,【般】クロモグリク酸Ｎａ点眼液２％５ｍＬ,クロモグリク酸ナトリウム,１００ｍｇ５ｍＬ１瓶,加算1,,187.8,,,,
外用薬,1319720Q3ZZZ,【般】ヒアルロン酸Ｎａ点眼液０．１％５ｍＬ,精製ヒアルロン酸ナトリウム,０．１％５ｍＬ１瓶,"加算1,2",,92.5,,,,
外用薬,1319720Y2ZZZ,【般】ヒアルロン酸Ｎａ点眼液０．３％５ｍＬ,精製ヒアルロン酸ナトリウム,０．３％５ｍＬ１瓶,"加算1,2",,104.4,,,,
外用薬,1319724Q1ZZZ,【般】プラノプロフェン点眼液０．１％,プラノプロフェン,０．１％１ｍＬ,"加算1,2",,18.5,,,,
外用薬,1319726Q1ZZZ,【般】ジクロフェナクＮａ点眼液０．１％,ジクロフェナクナトリウム,０．１％１ｍＬ,"加算1,2",,23.4,,,,
外用薬,1319730Q1ZZZ,【般】ケトチフェン点眼液０．０５％５ｍＬ,ケトチフェンフマル酸塩,３．４５ｍｇ５ｍＬ１瓶,"加算1,2",,129.5,,,,
外用薬,1319732Q1ZZZ,【般】イソプロピルウノプロストン点眼液０．１２％,イソプロピルウノプロストン,０．１２％１ｍＬ,"加算1,2",,114.8,,,,
外用薬,1319733Q1ZZZ,【般】ベタキソロール塩酸塩点眼液０．５％,ベタキソロール塩酸塩,０．５％１ｍＬ,加算1,,115.6,,,,
外用薬,1319735Q1ZZZ,【般】ペミロラストＫ点眼液０．１％,ペミロラストカリウム,５ｍｇ５ｍＬ１瓶,"加算1,2",,201.4,,,,
外用薬,1319736Q1ZZZ,【般】トラニラスト点眼液０．５％,トラニラスト,２５ｍｇ５ｍＬ１瓶,"加算1,2",,203,,,,
外用薬,1319739Q1ZZZ,【般】ラタノプロスト点眼液０．００５％,ラタノプロスト,０．００５％１ｍＬ,"加算1,2",,151,,,,
外用薬,1319740Q1ZZZ,【般】ニプラジロール点眼液０．２５％,ニプラジロール,０．２５％１ｍＬ,"加算1,2",,117.9,,,,
外用薬,1319742Q1ZZZ,【般】レボフロキサシン点眼液０．５％,レボフロキサシン水和物,０．５％１ｍＬ,"加算1,2",,24.2,,,,
外用薬,1319742Q2ZZZ,【般】レボフロキサシン点眼液１．５％,レボフロキサシン水和物,１．５％１ｍＬ,"加算1,2",,18.5,,,,
外用薬,1319743Q1ZZZ,【般】ブロムフェナクＮａ点眼液０．１％,ブロムフェナクナトリウム水和物,０．１％１ｍＬ,"加算1,2",,30.8,,,,
外用薬,1319744Q1ZZZ,【般】レボブノロール塩酸塩点眼液０．５％,レボブノロール塩酸塩,０．５％１ｍＬ,加算1,,161.9,,,,
外用薬,1319746Q1ZZZ,【般】レボカバスチン塩酸塩点眼液０．０２５％,レボカバスチン塩酸塩,０．０２５％１ｍＬ,"加算1,2",,46.3,,,,
外用薬,1319748Q1ZZZ,【般】ブリンゾラミド点眼液１％,ブリンゾラミド,１％１ｍＬ,"加算1,2",,89.7,,,,
外用薬,1319752Q1ZZZ,【般】オロパタジン点眼液０．１％,オロパタジン塩酸塩,０．１％１ｍＬ,"加算1,2",,34.9,,,,
外用薬,1319753Q1ZZZ,【般】モキシフロキサシン点眼液０．５％,モキシフロキサシン塩酸塩,０．５％１ｍＬ,"加算1,2",,26.3,,,,
外用薬,1319754Q1ZZZ,【般】トラボプロスト点眼液０．００４％,トラボプロスト,０．００４％１ｍＬ,"加算1,2",,232,,,,
外用薬,1319756Q1ZZZ,【般】タフルプロスト点眼液０．００１５％１ｍＬ,タフルプロスト,０．００１５％１ｍＬ,"加算1,2",,279.1,,,,
外用薬,1319757Q1ZZZ,【般】ビマトプロスト点眼液０．０３％,ビマトプロスト,０．０３％１ｍＬ,"加算1,2",,148.3,,,,
外用薬,1319758Q1ZZZ,【般】ジクアホソルＮａ点眼液３％５ｍＬ（１日６回）,ジクアホソルナトリウム,３％５ｍＬ１瓶,"加算1,2",,187,,,,
外用薬,1319760Q2ZZZ,【般】レバミピド点眼液２％５ｍＬ,レバミピド,２％５ｍＬ１瓶,加算1,,432.9,,,,
外用薬,1319761Q1ZZZ,【般】ブリモニジン酒石酸塩点眼液０．１％,ブリモニジン酒石酸塩,０．１％１ｍＬ,"加算1,2",,91.4,,,,
外用薬,1319762Q1ZZZ,【般】エピナスチン塩酸塩点眼液０．０５％,エピナスチン塩酸塩,０．０５％１ｍＬ,"加算1,2",,80.6,先発品はアレジオン点眼液０．０５％,,,
外用薬,1319762Q2ZZZ,【般】エピナスチン塩酸塩点眼液０．１％,エピナスチン塩酸塩,０．１％１ｍＬ,"加算1,2",,252.9,先発品はアレジオンＬＸ点眼液０．１％,,,
外用薬,1319817Q1ZZZ,【般】ラタノプロスト・チモロール配合点眼液,ラタノプロスト・チモロールマレイン酸塩,１ｍＬ,"加算1,2",,244.1,先発品はザラカム配合点眼液／後発品はラタチモ配合点眼液,,,
外用薬,1319819Q1ZZZ,【般】ドルゾラミド・チモロール配合点眼液,ドルゾラミド塩酸塩・チモロールマレイン酸塩,１ｍＬ,"加算1,2",,107,先発品はコソプト配合点眼液／後発品はドルモロール配合点眼液,,,
外用薬,1319820Q1ZZZ,【般】トラボプロスト・チモロール配合点眼液,トラボプロスト・チモロールマレイン酸塩,１ｍＬ,"加算1,2",,339,先発品はデュオトラバ配合点眼液／後発品はトラチモ配合点眼液,,,
外用薬,1319822Q1ZZZ,【般】タフルプロスト・チモロール配合点眼液,タフルプロスト・チモロールマレイン酸塩,１ｍＬ,"加算1,2",,343.5,先発品はタプコム配合点眼液／後発品はタフチモ配合点眼液,,,
外用薬,1329701Q1ZZZ,【般】ジオクチルソジウムスルホサクシネート点耳液５％,ジオクチルソジウムスルホサクシネート,５％１ｍＬ,加算1,,39.7,,,,
外用薬,1329702R3ZZZ,【般】ベクロメタゾンプロピオン酸エステル点鼻液５０μｇ８．５ｇ,ベクロメタゾンプロピオン酸エステル,８．５ｍｇ８．５ｇ１瓶,加算1,,290.4,,,,
外用薬,1329702R7ZZZ,【般】ベクロメタゾンプロピオン酸エステル点鼻粉末２５μｇ,ベクロメタゾンプロピオン酸エステル,１．５０ｍｇ０．９０８７ｇ１瓶,加算1,,489.8,,,,
外用薬,1329705Q1ZZZ,【般】ケトチフェン点鼻液０．０５％,ケトチフェンフマル酸塩,６．０４８ｍｇ８ｍＬ１瓶,"加算1,2",,231,,,,
外用薬,1329707Q1ZZZ,【般】フルチカゾンプロピオン酸エステル点鼻液５０μｇ２８噴霧用,フルチカゾンプロピオン酸エステル,２．０４ｍｇ４ｍＬ１瓶,"加算1,2",,285.2,該当する先発品の経過措置期限が令和８年３月３１日であることから、同年４月１日以降は一般名処方加算対象が１のみとなる予定,,,
外用薬,1329707Q3ZZZ,【般】フルチカゾンプロピオン酸エステル点鼻液５０μｇ５６噴霧用,フルチカゾンプロピオン酸エステル,４．０８ｍｇ８ｍＬ１瓶,"加算1,2",,436.3,該当する先発品の経過措置期限が令和８年３月３１日であることから、同年４月１日以降は一般名処方加算対象が１のみとなる予定,,,
外用薬,1329707Q4ZZZ,【般】フルチカゾンプロピオン酸エステル点鼻液５０μｇ１１２噴霧用,フルチカゾンプロピオン酸エステル,８．１６ｍｇ１６ｍＬ１瓶,加算1,,850.6,,,,
外用薬,1329710QAZZZ,【般】モメタゾン点鼻液５０μｇ５６噴霧用,モメタゾンフランカルボン酸エステル水和物,３．５ｍｇ７ｇ１瓶／５ｍｇ１０ｇ１瓶,"加算1,2",例外コード,370.5,先発品はナゾネックス点鼻液５０μｇ５６噴霧用（１回噴霧量と噴霧回数による代替のため例外コードに変更）,1329710Q1027,ナゾネックス点鼻液５０μｇ５６噴霧用,
外用薬,1329710QAZZZ,【般】モメタゾン点鼻液５０μｇ５６噴霧用,モメタゾンフランカルボン酸エステル水和物,３．５ｍｇ７ｇ１瓶／５ｍｇ１０ｇ１瓶,"加算1,2",例外コード,370.5,先発品はナゾネックス点鼻液５０μｇ５６噴霧用（１回噴霧量と噴霧回数による代替のため例外コードに変更）,1329710Q1035,モメタゾン点鼻液５０μｇ「杏林」５６噴霧用,
外用薬,1329710QAZZZ,【般】モメタゾン点鼻液５０μｇ５６噴霧用,モメタゾンフランカルボン酸エステル水和物,３．５ｍｇ７ｇ１瓶／５ｍｇ１０ｇ１瓶,"加算1,2",例外コード,370.5,先発品はナゾネックス点鼻液５０μｇ５６噴霧用（１回噴霧量と噴霧回数による代替のため例外コードに変更）,1329710Q1043,モメタゾン点鼻液５０μｇ「ＣＥＯ」５６噴霧用,
外用薬,1329710QAZZZ,【般】モメタゾン点鼻液５０μｇ５６噴霧用,モメタゾンフランカルボン酸エステル水和物,３．５ｍｇ７ｇ１瓶／５ｍｇ１０ｇ１瓶,"加算1,2",例外コード,370.5,先発品はナゾネックス点鼻液５０μｇ５６噴霧用（１回噴霧量と噴霧回数による代替のため例外コードに変更）,1329710Q1051,モメタゾン点鼻液５０μｇ「ＪＧ」５６噴霧用,
外用薬,1329710QAZZZ,【般】モメタゾン点鼻液５０μｇ５６噴霧用,モメタゾンフランカルボン酸エステル水和物,３．５ｍｇ７ｇ１瓶／５ｍｇ１０ｇ１瓶,"加算1,2",例外コード,370.5,先発品はナゾネックス点鼻液５０μｇ５６噴霧用（１回噴霧量と噴霧回数による代替のため例外コードに変更）,1329710Q1060,モメタゾン点鼻液５０μｇ「タカタ」５６噴霧用,
外用薬,1329710QAZZZ,【般】モメタゾン点鼻液５０μｇ５６噴霧用,モメタゾンフランカルボン酸エステル水和物,３．５ｍｇ７ｇ１瓶／５ｍｇ１０ｇ１瓶,"加算1,2",例外コード,370.5,先発品はナゾネックス点鼻液５０μｇ５６噴霧用（１回噴霧量と噴霧回数による代替のため例外コードに変更）,1329710Q1078,モメタゾン点鼻液５０μｇ「トーワ」５６噴霧用,
外用薬,1329710QAZZZ,【般】モメタゾン点鼻液５０μｇ５６噴霧用,モメタゾンフランカルボン酸エステル水和物,３．５ｍｇ７ｇ１瓶／５ｍｇ１０ｇ１瓶,"加算1,2",例外コード,370.5,先発品はナゾネックス点鼻液５０μｇ５６噴霧用（１回噴霧量と噴霧回数による代替のため例外コードに変更）,1329710Q1086,モメタゾン点鼻液５０μｇ「ニットー」５６噴霧用,
外用薬,1329710QAZZZ,【般】モメタゾン点鼻液５０μｇ５６噴霧用,モメタゾンフランカルボン酸エステル水和物,３．５ｍｇ７ｇ１瓶／５ｍｇ１０ｇ１瓶,"加算1,2",例外コード,370.5,先発品はナゾネックス点鼻液５０μｇ５６噴霧用（１回噴霧量と噴霧回数による代替のため例外コードに変更）,1329710Q3020,モメタゾン点鼻液５０μｇ「ＭＹＬ」５６噴霧用,
外用薬,1329710QBZZZ,【般】モメタゾン点鼻液５０μｇ１１２噴霧用,モメタゾンフランカルボン酸エステル水和物,６．５ｍｇ１３ｇ１瓶／９ｍｇ１８ｇ１瓶,"加算1,2",例外コード,808.6,先発品はナゾネックス点鼻液５０μｇ１１２噴霧用（１回噴霧量と噴霧回数による代替のため例外コードに変更）,1329710Q2023,ナゾネックス点鼻液５０μｇ１１２噴霧用,
外用薬,1329710QBZZZ,【般】モメタゾン点鼻液５０μｇ１１２噴霧用,モメタゾンフランカルボン酸エステル水和物,６．５ｍｇ１３ｇ１瓶／９ｍｇ１８ｇ１瓶,"加算1,2",例外コード,808.6,先発品はナゾネックス点鼻液５０μｇ１１２噴霧用（１回噴霧量と噴霧回数による代替のため例外コードに変更）,1329710Q2031,モメタゾン点鼻液５０μｇ「杏林」１１２噴霧用,
外用薬,1329710QBZZZ,【般】モメタゾン点鼻液５０μｇ１１２噴霧用,モメタゾンフランカルボン酸エステル水和物,６．５ｍｇ１３ｇ１瓶／９ｍｇ１８ｇ１瓶,"加算1,2",例外コード,808.6,先発品はナゾネックス点鼻液５０μｇ１１２噴霧用（１回噴霧量と噴霧回数による代替のため例外コードに変更）,1329710Q2040,モメタゾン点鼻液５０μｇ「ＣＥＯ」１１２噴霧用,
外用薬,1329710QBZZZ,【般】モメタゾン点鼻液５０μｇ１１２噴霧用,モメタゾンフランカルボン酸エステル水和物,６．５ｍｇ１３ｇ１瓶／９ｍｇ１８ｇ１瓶,"加算1,2",例外コード,808.6,先発品はナゾネックス点鼻液５０μｇ１１２噴霧用（１回噴霧量と噴霧回数による代替のため例外コードに変更）,1329710Q2058,モメタゾン点鼻液５０μｇ「ＪＧ」１１２噴霧用,
外用薬,1329710QBZZZ,【般】モメタゾン点鼻液５０μｇ１１２噴霧用,モメタゾンフランカルボン酸エステル水和物,６．５ｍｇ１３ｇ１瓶／９ｍｇ１８ｇ１瓶,"加算1,2",例外コード,808.6,先発品はナゾネックス点鼻液５０μｇ１１２噴霧用（１回噴霧量と噴霧回数による代替のため例外コードに変更）,1329710Q2066,モメタゾン点鼻液５０μｇ「タカタ」１１２噴霧用,
外用薬,1329710QBZZZ,【般】モメタゾン点鼻液５０μｇ１１２噴霧用,モメタゾンフランカルボン酸エステル水和物,６．５ｍｇ１３ｇ１瓶／９ｍｇ１８ｇ１瓶,"加算1,2",例外コード,808.6,先発品はナゾネックス点鼻液５０μｇ１１２噴霧用（１回噴霧量と噴霧回数による代替のため例外コードに変更）,1329710Q2074,モメタゾン点鼻液５０μｇ「トーワ」１１２噴霧用,
外用薬,1329710QBZZZ,【般】モメタゾン点鼻液５０μｇ１１２噴霧用,モメタゾンフランカルボン酸エステル水和物,６．５ｍｇ１３ｇ１瓶／９ｍｇ１８ｇ１瓶,"加算1,2",例外コード,808.6,先発品はナゾネックス点鼻液５０μｇ１１２噴霧用（１回噴霧量と噴霧回数による代替のため例外コードに変更）,1329710Q2082,モメタゾン点鼻液５０μｇ「ニットー」１１２噴霧用,
外用薬,1329710QBZZZ,【般】モメタゾン点鼻液５０μｇ１１２噴霧用,モメタゾンフランカルボン酸エステル水和物,６．５ｍｇ１３ｇ１瓶／９ｍｇ１８ｇ１瓶,"加算1,2",例外コード,808.6,先発品はナゾネックス点鼻液５０μｇ１１２噴霧用（１回噴霧量と噴霧回数による代替のため例外コードに変更）,1329710Q4026,モメタゾン点鼻液５０μｇ「ＭＹＬ」１１２噴霧用,
外用薬,1329711QAZZZ,【般】フルチカゾンフランカルボン酸点鼻液２７．５μｇ５６噴霧用,フルチカゾンフランカルボン酸エステル,３ｍｇ６ｇ１キット／３ｍｇ６ｇ１瓶,"加算1,2",例外コード,459.7,先発品はアラミスト点鼻液２７．５μｇ５６噴霧用（１回噴霧量と噴霧回数による代替のため例外コードに設定）,1329711Q1021,アラミスト点鼻液２７．５μｇ５６噴霧用,
外用薬,1329711QAZZZ,【般】フルチカゾンフランカルボン酸点鼻液２７．５μｇ５６噴霧用,フルチカゾンフランカルボン酸エステル,３ｍｇ６ｇ１キット／３ｍｇ６ｇ１瓶,"加算1,2",例外コード,459.7,先発品はアラミスト点鼻液２７．５μｇ５６噴霧用（１回噴霧量と噴霧回数による代替のため例外コードに設定）,1329711Q1030,フルチカゾンフランカルボン酸エステル点鼻液２７．５μｇ「武田テバ」５６噴霧用,
外用薬,1329711QAZZZ,【般】フルチカゾンフランカルボン酸点鼻液２７．５μｇ５６噴霧用,フルチカゾンフランカルボン酸エステル,３ｍｇ６ｇ１キット／３ｍｇ６ｇ１瓶,"加算1,2",例外コード,459.7,先発品はアラミスト点鼻液２７．５μｇ５６噴霧用（１回噴霧量と噴霧回数による代替のため例外コードに設定）,1329711Q3024,フルチカゾンフランカルボン酸エステル点鼻液２７．５μｇ「杏林」５６噴霧用,
外用薬,1329711QAZZZ,【般】フルチカゾンフランカルボン酸点鼻液２７．５μｇ５６噴霧用,フルチカゾンフランカルボン酸エステル,３ｍｇ６ｇ１キット／３ｍｇ６ｇ１瓶,"加算1,2",例外コード,459.7,先発品はアラミスト点鼻液２７．５μｇ５６噴霧用（１回噴霧量と噴霧回数による代替のため例外コードに設定）,1329711Q3032,フルチカゾンフランカルボン酸エステル点鼻液２７．５μｇ「タカタ」５６噴霧用,
外用薬,1329711QAZZZ,【般】フルチカゾンフランカルボン酸点鼻液２７．５μｇ５６噴霧用,フルチカゾンフランカルボン酸エステル,３ｍｇ６ｇ１キット／３ｍｇ６ｇ１瓶,"加算1,2",例外コード,459.7,先発品はアラミスト点鼻液２７．５μｇ５６噴霧用（１回噴霧量と噴霧回数による代替のため例外コードに設定）,1329711Q3040,フルチカゾンフランカルボン酸エステル点鼻液２７．５μｇ「トーワ」５６噴霧用,
外用薬,1329711QAZZZ,【般】フルチカゾンフランカルボン酸点鼻液２７．５μｇ５６噴霧用,フルチカゾンフランカルボン酸エステル,３ｍｇ６ｇ１キット／３ｍｇ６ｇ１瓶,"加算1,2",例外コード,459.7,先発品はアラミスト点鼻液２７．５μｇ５６噴霧用（１回噴霧量と噴霧回数による代替のため例外コードに設定）,1329711Q3059,フルチカゾンフランカルボン酸エステル点鼻液２７．５μｇ「ニットー」５６噴霧用,
外用薬,1329711QBZZZ,【般】フルチカゾンフランカルボン酸点鼻液２７．５μｇ１２０噴霧用,フルチカゾンフランカルボン酸エステル,５ｍｇ１０ｇ１キット／５ｍｇ１０ｇ１瓶,"加算1,2",例外コード,949.9,先発品はアラミスト点鼻液２７．５μｇ１２０噴霧用（１回噴霧量と噴霧回数による代替のため例外コードに設定）,1329711Q2028,アラミスト点鼻液２７．５μｇ１２０噴霧用,
外用薬,1329711QBZZZ,【般】フルチカゾンフランカルボン酸点鼻液２７．５μｇ１２０噴霧用,フルチカゾンフランカルボン酸エステル,５ｍｇ１０ｇ１キット／５ｍｇ１０ｇ１瓶,"加算1,2",例外コード,949.9,先発品はアラミスト点鼻液２７．５μｇ１２０噴霧用（１回噴霧量と噴霧回数による代替のため例外コードに設定）,1329711Q2036,フルチカゾンフランカルボン酸エステル点鼻液２７．５μｇ「武田テバ」１２０噴霧用,
外用薬,1329711QBZZZ,【般】フルチカゾンフランカルボン酸点鼻液２７．５μｇ１２０噴霧用,フルチカゾンフランカルボン酸エステル,５ｍｇ１０ｇ１キット／５ｍｇ１０ｇ１瓶,"加算1,2",例外コード,949.9,先発品はアラミスト点鼻液２７．５μｇ１２０噴霧用（１回噴霧量と噴霧回数による代替のため例外コードに設定）,1329711Q4020,フルチカゾンフランカルボン酸エステル点鼻液２７．５μｇ「杏林」１２０噴霧用,
外用薬,1329711QBZZZ,【般】フルチカゾンフランカルボン酸点鼻液２７．５μｇ１２０噴霧用,フルチカゾンフランカルボン酸エステル,５ｍｇ１０ｇ１キット／５ｍｇ１０ｇ１瓶,"加算1,2",例外コード,949.9,先発品はアラミスト点鼻液２７．５μｇ１２０噴霧用（１回噴霧量と噴霧回数による代替のため例外コードに設定）,1329711Q4039,フルチカゾンフランカルボン酸エステル点鼻液２７．５μｇ「タカタ」１２０噴霧用,
外用薬,1329711QBZZZ,【般】フルチカゾンフランカルボン酸点鼻液２７．５μｇ１２０噴霧用,フルチカゾンフランカルボン酸エステル,５ｍｇ１０ｇ１キット／５ｍｇ１０ｇ１瓶,"加算1,2",例外コード,949.9,先発品はアラミスト点鼻液２７．５μｇ１２０噴霧用（１回噴霧量と噴霧回数による代替のため例外コードに設定）,1329711Q4047,フルチカゾンフランカルボン酸エステル点鼻液２７．５μｇ「トーワ」１２０噴霧用,
外用薬,1329711QBZZZ,【般】フルチカゾンフランカルボン酸点鼻液２７．５μｇ１２０噴霧用,フルチカゾンフランカルボン酸エステル,５ｍｇ１０ｇ１キット／５ｍｇ１０ｇ１瓶,"加算1,2",例外コード,949.9,先発品はアラミスト点鼻液２７．５μｇ１２０噴霧用（１回噴霧量と噴霧回数による代替のため例外コードに設定）,1329711Q4055,フルチカゾンフランカルボン酸エステル点鼻液２７．５μｇ「ニットー」１２０噴霧用,
外用薬,2171700S1ZZZ,【般】硝酸イソソルビドテープ４０ｍｇ,硝酸イソソルビド,４０ｍｇ１枚,"加算1,2",,22.2,,,,
外用薬,2234700G1ZZZ,【般】ブロムヘキシン塩酸塩吸入液０．２％,ブロムヘキシン塩酸塩,０．２％１ｍＬ,加算1,,5.6,,,,
外用薬,2259707S1ZZZ,【般】ツロブテロールテープ０．５ｍｇ,ツロブテロール,０．５ｍｇ１枚,"加算1,2",,12.7,,,,
外用薬,2259707S2ZZZ,【般】ツロブテロールテープ１ｍｇ,ツロブテロール,１ｍｇ１枚,"加算1,2",,15,,,,
外用薬,2259707S3ZZZ,【般】ツロブテロールテープ２ｍｇ,ツロブテロール,２ｍｇ１枚,"加算1,2",,22.5,,,,
外用薬,2260700B1ZZZ,【般】アズレンスルホン酸Ｎａ含嗽用散０．４％,アズレンスルホン酸ナトリウム水和物,０．４％１ｇ,加算1,,6.7,,,,
外用薬,2260700C1ZZZ,【般】アズレンスルホン酸Ｎａ含嗽用顆粒０．４％,アズレンスルホン酸ナトリウム水和物,０．４％１ｇ,加算1,,6.7,,,,
外用薬,2260700F1ZZZ,【般】アズレンスルホン酸Ｎａ含嗽用液４％,アズレンスルホン酸ナトリウム水和物,４％１ｍＬ,加算1,,24.3,,,,
外用薬,2260700F2ZZZ,【般】アズレンスルホン酸Ｎａ含嗽用液１％,アズレンスルホン酸ナトリウム水和物,１％１ｍＬ,加算1,,9.7,,,,
外用薬,2260702F1ZZZ,【般】アズレンスルホン酸Ｎａ・炭酸水素ナトリウム配合含嗽剤,アズレンスルホン酸ナトリウム水和物・炭酸水素ナトリウム,０．１％１ｇ,加算1,,6.3,,,,
外用薬,2290701G4ZZZ,【般】ブデソニド吸入液０．２５ｍｇ,ブデソニド,０．２５ｍｇ２ｍＬ１管,"加算1,2",,39.6,,,,
外用薬,2290701G5ZZZ,【般】ブデソニド吸入液０．５ｍｇ,ブデソニド,０．５ｍｇ２ｍＬ１管,"加算1,2",,58.4,,,,
外用薬,2290801G1ZZZ,【般】ブデソニド・ホルモテロール配合吸入粉末剤３０吸入,ブデソニド・ホルモテロールフマル酸塩水和物,３０吸入１キット,"加算1,2",,682.8,先発品はシムビコートタービュヘイラー３０吸入／後発品はブデホル吸入粉末剤３０吸入,,,
外用薬,2290801G2ZZZ,【般】ブデソニド・ホルモテロール配合吸入粉末剤６０吸入,ブデソニド・ホルモテロールフマル酸塩水和物,６０吸入１キット,"加算1,2",,1223,先発品はシムビコートタービュヘイラー６０吸入／後発品はブデホル吸入粉末剤６０吸入,,,
外用薬,2399706M1ZZZ,【般】デキサメタゾン口腔用軟膏０．１％,デキサメタゾン,０．１％１ｇ,"加算1,2",,37,,,,
外用薬,2399707M1ZZZ,【般】トリアムシノロンアセトニド口腔用軟膏０．１％,トリアムシノロンアセトニド,０．１％１ｇ,加算1,,63.2,,,,
外用薬,2399709E1ZZZ,【般】セチルピリジニウム塩化物トローチ２ｍｇ,セチルピリジニウム塩化物水和物,２ｍｇ１錠,加算1,,6.1,,,,
外用薬,2399710E1ZZZ,【般】デカリニウム塩化物トローチ０．２５ｍｇ,デカリニウム塩化物,０．２５ｍｇ１錠,加算1,,5.9,,,,
外用薬,2399714J1ZZZ,【般】ドンペリドン坐剤１０ｍｇ,ドンペリドン,１０ｍｇ１個,"加算1,2",,23.7,,,,
外用薬,2399714J2ZZZ,【般】ドンペリドン坐剤３０ｍｇ,ドンペリドン,３０ｍｇ１個,"加算1,2",,36.9,,,,
外用薬,2399715X1ZZZ,【般】メサラジン注腸剤１ｇ,メサラジン,１ｇ１個,"加算1,2",,342.4,該当する後発品の経過措置期限が令和８年３月３１日であることから、同年４月１日以降は一般名処方マスタから削除される予定,,,
外用薬,2419700R2ZZZ,【般】デスモプレシン点鼻スプレー０．０１％,デスモプレシン酢酸塩水和物,５００μｇ１瓶,"加算1,2",,2569.3,先発品はデスモプレシン・スプレー１０協和／該当する先発品及び後発品の経過措置期限が令和８年３月３１日であることから、同年４月１日以降は一般名処方マスタから削除される予定,,,
外用薬,2454701X1ZZZ,【般】ベタメタゾンリン酸エステルＮａ注腸剤３．９５ｍｇ,ベタメタゾンリン酸エステルナトリウム,３．９５ｍｇ１個,加算1,,319.5,,,,
外用薬,2454701X2ZZZ,【般】ベタメタゾンリン酸エステルＮａ注腸剤１．９７５ｍｇ,ベタメタゾンリン酸エステルナトリウム,１．９７５ｍｇ１個,加算1,,271.7,,,,
外用薬,2456700X1ZZZ,【般】プレドニゾロンリン酸エステルＮａ注腸剤２０ｍｇ,プレドニゾロンリン酸エステルナトリウム,２０ｍｇ１個,加算1,,384.9,該当する後発品の経過措置期限が令和８年３月３１日であることから、同年４月１日以降は一般名処方マスタから削除される予定,,,
外用薬,2499701R1ZZZ,【般】ブセレリン酢酸塩点鼻液０．１５％,ブセレリン酢酸塩,１５．７５ｍｇ１０ｍＬ１瓶,"加算1,2",,4757.6,該当する先発品の経過措置期限が令和８年３月３１日であることから、同年４月１日以降は一般名処方加算対象が１のみとなる予定,,,
外用薬,2529702H1ZZZ,【般】クロトリマゾール腟錠１００ｍｇ,クロトリマゾール,１００ｍｇ１錠,加算1,,24.2,,,,
外用薬,2529706H1ZZZ,【般】チニダゾール腟錠２００ｍｇ,チニダゾール,２００ｍｇ１個,加算1,,49.3,,,,
外用薬,2529708J1ZZZ,【般】イソコナゾール硝酸塩腟錠１００ｍｇ,イソコナゾール硝酸塩,１００ｍｇ１個,加算1,,42.9,,,,
外用薬,2529708J2ZZZ,【般】イソコナゾール硝酸塩腟錠３００ｍｇ,イソコナゾール硝酸塩,３００ｍｇ１個,"加算1,2",,142.6,,,,
外用薬,2529709H1ZZZ,【般】オキシコナゾール硝酸塩腟錠１００ｍｇ,オキシコナゾール硝酸塩,１００ｍｇ１錠,"加算1,2",,39.3,,,,
外用薬,2529709H2ZZZ,【般】オキシコナゾール硝酸塩腟錠６００ｍｇ,オキシコナゾール硝酸塩,６００ｍｇ１錠,"加算1,2",,238.4,,,,
外用薬,2559806M1ZZZ,【般】ヒドロコルチゾン・フラジオマイシン等配合軟膏,ヒドロコルチゾン・フラジオマイシン配合剤,１ｇ,加算1,,19.4,,,,
外用薬,2559808M1ZZZ,【般】大腸菌死菌・ヒドロコルチゾン配合軟膏,大腸菌死菌・ヒドロコルチゾン,１ｇ,加算1,,20.4,,,,
外用薬,2559814J1ZZZ,【般】ジフルコルトロン・リドカイン配合坐剤,ジフルコルトロン吉草酸エステル・リドカイン,１個,加算1,,20.9,,,,
外用薬,2559814M1ZZZ,【般】ジフルコルトロン・リドカイン配合軟膏,ジフルコルトロン吉草酸エステル・リドカイン,１ｇ,加算1,,24.2,該当する後発品の経過措置期限が令和８年３月３１日であることから、同年４月１日以降は一般名処方マスタから削除される予定,,,
外用薬,2612701Q1ZZZ,【般】ポビドンヨード外用液７．５％,ポビドンヨード,７．５％１０ｍＬ,"加算1,2",,16.2,準先発品はイソジンスクラブ液７．５％,,,
外用薬,2612701Q2ZZZ,【般】ポビドンヨードゲル１０％,ポビドンヨード,１０％１０ｇ,"加算1,2",,32.7,準先発品はイソジンゲル１０％,,,
外用薬,2612701Q3ZZZ,【般】ポビドンヨード外用液１０％（エタノール非含有）,ポビドンヨード,１０％１０ｍＬ,"加算1,2",,10.9,準先発品はイソジン液１０％,,,
外用薬,2612706Q1ZZZ,【般】ヨウ素外用液０．７５％,ヨウ素,１０ｍＬ,加算1,,21.9,,,,
外用薬,2612706Q2ZZZ,【般】ヨウ素外用液１％,ヨウ素,１０ｍＬ,加算1,,21.5,,,,
外用薬,2615705Q1ZZZ,【般】エタノール外用液,エタノール,１０ｍＬ,"加算1,2",,6.8,,,,
外用薬,2616707Q1ZZZ,【般】ベンザルコニウム塩化物外用液０．０２％,ベンザルコニウム塩化物,０．０２％１０ｍＬ,加算1,,5.9,,,,
外用薬,2616707Q2ZZZ,【般】ベンザルコニウム塩化物外用液０．０５％,ベンザルコニウム塩化物,０．０５％１０ｍＬ,加算1,,5.9,,,,
外用薬,2616707Q3ZZZ,【般】ベンザルコニウム塩化物外用液０．１％,ベンザルコニウム塩化物,０．１％１０ｍＬ,加算1,,5.9,,,,
外用薬,2616707Q4ZZZ,【般】ベンザルコニウム塩化物外用液１０％,ベンザルコニウム塩化物,１０％１０ｍＬ,加算1,,6.6,,,,
外用薬,2619711X1ZZZ,【般】レゾルシン原末,レゾルシン,１０ｇ,加算1,,180.9,,,,
外用薬,2619716Q1ZZZ,【般】アルキルジアミノエチルグリシン塩酸塩外用液１０％,アルキルジアミノエチルグリシン塩酸塩,１０％１０ｍＬ,加算1,,6.8,,,,
外用薬,2619716Q3ZZZ,【般】アルキルジアミノエチルグリシン塩酸塩外用液０．０５％,アルキルジアミノエチルグリシン塩酸塩,０．０５％１０ｍＬ,加算1,,6.8,,,,
外用薬,2619716Q6ZZZ,【般】アルキルジアミノエチルグリシン塩酸塩外用液０．２％,アルキルジアミノエチルグリシン塩酸塩,０．２％１０ｍＬ,加算1,,6.8,,,,
外用薬,2619803XAZZZ,【般】消毒用アルコール配合外用液,エタノール,１０ｍＬ,加算1,例外コード,4.5,各品目により成分・含量が異なる,2619800X1020,エチコール（ニワトリ印消毒用アルコール）,
外用薬,2619803XAZZZ,【般】消毒用アルコール配合外用液,エタノール,１０ｍＬ,加算1,例外コード,4.5,各品目により成分・含量が異なる,2619803X1024,山善消アル,
外用薬,2619803XAZZZ,【般】消毒用アルコール配合外用液,エタノール,１０ｍＬ,加算1,例外コード,4.5,各品目により成分・含量が異なる,2619805X1031,メタル消アル,
外用薬,2619803XAZZZ,【般】消毒用アルコール配合外用液,エタノール,１０ｍＬ,加算1,例外コード,4.5,各品目により成分・含量が異なる,2619805X1066,消毒用マルオアルコール,
外用薬,2619803XAZZZ,【般】消毒用アルコール配合外用液,エタノール,１０ｍＬ,加算1,例外コード,4.5,各品目により成分・含量が異なる,2619813X1028,ネオ兼一消アルＡ,
外用薬,2619803XAZZZ,【般】消毒用アルコール配合外用液,エタノール,１０ｍＬ,加算1,例外コード,4.5,各品目により成分・含量が異なる,2619815X1027,消毒用昭和アルコール,
外用薬,2619803XAZZZ,【般】消毒用アルコール配合外用液,エタノール,１０ｍＬ,加算1,例外コード,4.5,各品目により成分・含量が異なる,2619817X1026,ネオ消アル（山善）,
外用薬,2619803XAZZZ,【般】消毒用アルコール配合外用液,エタノール,１０ｍＬ,加算1,例外コード,4.5,各品目により成分・含量が異なる,2619820Q1031,ネオ消アル「ニッコー」,
外用薬,2619819X1ZZZ,【般】チオ硫酸ナトリウム・エタノール配合外用液,チオ硫酸ナトリウム水和物・エタノール,１０ｍＬ,加算1,,6.8,,,,
外用薬,2634713M1ZZZ,【般】クリンダマイシンリン酸エステルゲル１％,クリンダマイシンリン酸エステル,１％１ｇ,"加算1,2",,11.7,,,,
外用薬,2639700N1ZZZ,【般】ナジフロキサシンクリーム１％,ナジフロキサシン,１％１ｇ,"加算1,2",,19,,,,
外用薬,2639700Q1ZZZ,【般】ナジフロキサシン外用液１％,ナジフロキサシン,１％１ｍＬ,"加算1,2",,19,,,,
外用薬,2639802M1ZZZ,【般】クロラムフェニコール・フラジオマイシン等配合軟膏,クロラムフェニコール・フラジオマイシン配合剤,１ｇ,"加算1,2",,14,準先発品はクロマイ－Ｐ軟膏／該当する後発品の経過措置期限が令和８年３月３１日であることから、同年４月１日以降は一般名処方マスタから削除される予定,,,
外用薬,2645700Q1ZZZ,【般】カンフル外用液,カンフル,１０ｍＬ,加算1,,15.2,,,,
外用薬,2646701M2ZZZ,【般】ベタメタゾン吉草酸エステル軟膏０．１２％,ベタメタゾン吉草酸エステル,０．１２％１ｇ,"加算1,2",,6.9,,,,
外用薬,2646701N2ZZZ,【般】ベタメタゾン吉草酸エステルクリーム０．１２％,ベタメタゾン吉草酸エステル,０．１２％１ｇ,"加算1,2",,6,,,,
外用薬,2646701Q1ZZZ,【般】ベタメタゾン吉草酸エステル外用液０．１２％,ベタメタゾン吉草酸エステル,０．１２％１ｍＬ,"加算1,2",,8.5,,,,
外用薬,2646703M1ZZZ,【般】ベタメタゾンジプロピオン酸エステル軟膏０．０６４％,ベタメタゾンジプロピオン酸エステル,０．０６４％１ｇ,"加算1,2",,5.6,,,,
外用薬,2646703N1ZZZ,【般】ベタメタゾンジプロピオン酸エステルクリーム０．０６４％,ベタメタゾンジプロピオン酸エステル,０．０６４％１ｇ,"加算1,2",,8.3,,,,
外用薬,2646703Q2ZZZ,【般】ベタメタゾンジプロピオン酸エステル外用液０．０６４％,ベタメタゾンジプロピオン酸エステル,０．０６４％１ｍＬ,加算1,,8.4,,,,
外用薬,2646704M2ZZZ,【般】デキサメタゾン軟膏０．１％,デキサメタゾン,０．１％１ｇ,加算1,,7.3,,,,
外用薬,2646704N1ZZZ,【般】デキサメタゾンクリーム０．１％,デキサメタゾン,０．１％１ｇ,加算1,,7.3,,,,
外用薬,2646704N2ZZZ,【般】デキサメタゾンクリーム０．０５％,デキサメタゾン,０．０５％１ｇ,加算1,,29.2,,,,
外用薬,2646704Q1ZZZ,【般】デキサメタゾン外用液０．１％,デキサメタゾン,０．１％１ｇ,加算1,,7.3,,,,
外用薬,2646705M1ZZZ,【般】トリアムシノロンアセトニド軟膏０．１％,トリアムシノロンアセトニド,０．１％１ｇ,"加算1,2",,3.7,,,,
外用薬,2646705N1ZZZ,【般】トリアムシノロンアセトニドクリーム０．１％,トリアムシノロンアセトニド,０．１％１ｇ,"加算1,2",,16.4,該当する後発品の経過措置期限が令和８年３月３１日であることから、同年４月１日以降は一般名処方マスタから削除される予定,,,
外用薬,2646708M1ZZZ,【般】フルオシノニド軟膏０．０５％,フルオシノニド,０．０５％１ｇ,"加算1,2",,10.2,,,,
外用薬,2646708N1ZZZ,【般】フルオシノニドクリーム０．０５％,フルオシノニド,０．０５％１ｇ,"加算1,2",,10.2,,,,
外用薬,2646709M1ZZZ,【般】フルオシノロンアセトニド軟膏０．０２５％,フルオシノロンアセトニド,０．０２５％１ｇ,"加算1,2",,10.8,,,,
外用薬,2646712M1ZZZ,【般】プレドニゾロン軟膏０．５％,プレドニゾロン,０．５％１ｇ,加算1,,8.9,,,,
外用薬,2646713M1ZZZ,【般】クロベタゾールプロピオン酸エステル軟膏０．０５％,クロベタゾールプロピオン酸エステル,０．０５％１ｇ,"加算1,2",,11.7,該当する先発品の経過措置期限が令和８年３月３１日であることから、同年４月１日以降は一般名処方加算対象が１のみとなる予定,,,
外用薬,2646713N1ZZZ,【般】クロベタゾールプロピオン酸エステルクリーム０．０５％,クロベタゾールプロピオン酸エステル,０．０５％１ｇ,"加算1,2",,11.7,該当する先発品の経過措置期限が令和８年３月３１日であることから、同年４月１日以降は一般名処方加算対象が１のみとなる予定,,,
外用薬,2646713Q1ZZZ,【般】クロベタゾールプロピオン酸エステル外用液０．０５％,クロベタゾールプロピオン酸エステル,０．０５％１ｇ,"加算1,2",,12.8,該当する先発品の経過措置期限が令和８年３月３１日であることから、同年４月１日以降は一般名処方加算対象が１のみとなる予定,,,
外用薬,2646720M1ZZZ,【般】プレドニゾロン吉草酸エステル酢酸エステル軟膏０．３％,プレドニゾロン吉草酸エステル酢酸エステル,０．３％１ｇ,"加算1,2",,7.7,,,,
外用薬,2646720N1ZZZ,【般】プレドニゾロン吉草酸エステル酢酸エステルクリーム０．３％,プレドニゾロン吉草酸エステル酢酸エステル,０．３％１ｇ,"加算1,2",,7.7,,,,
外用薬,2646722M1ZZZ,【般】クロベタゾン酪酸エステル軟膏０．０５％,クロベタゾン酪酸エステル,０．０５％１ｇ,"加算1,2",,7.9,該当する先発品の経過措置期限が令和８年３月３１日であることから、同年４月１日以降は一般名処方加算対象が１のみとなる予定,,,
外用薬,2646726M1ZZZ,【般】デキサメタゾンプロピオン酸エステル軟膏０．１％,デキサメタゾンプロピオン酸エステル,０．１％１ｇ,"加算1,2",,7.3,,,,
外用薬,2646726N1ZZZ,【般】デキサメタゾンプロピオン酸エステルクリーム０．１％,デキサメタゾンプロピオン酸エステル,０．１％１ｇ,"加算1,2",,7.3,,,,
外用薬,2646726Q1ZZZ,【般】デキサメタゾンプロピオン酸エステル外用液０．１％,デキサメタゾンプロピオン酸エステル,０．１％１ｇ,"加算1,2",,7.3,,,,
外用薬,2649701Q1ZZZ,【般】水酸化カルシウム外用液,水酸化カルシウム,１０ｍＬ,加算1,,7.3,,,,
外用薬,2649710M2ZZZ,【般】亜鉛華単軟膏１０％,亜鉛華,１０ｇ,加算1,,16.3,,,,
外用薬,2649710S1ZZZ,【般】亜鉛華軟膏貼付剤２０％,亜鉛華,５ｇ,加算1,,16.6,,,,
外用薬,2649711Q1ZZZ,【般】カンタリスチンキ外用液,カンタリスチンキ,１ｍＬ,加算1,,12.5,,,,
外用薬,2649729S1ZZZ,【般】ケトプロフェンパップ３０ｍｇ（１０×１４ｃｍ非温感）,ケトプロフェン,１０ｃｍ×１４ｃｍ１枚,"加算1,2",,12.3,,,,
外用薬,2649729S5ZZZ,【般】ケトプロフェンパップ１２０ｍｇ（１０×１４ｃｍ非温感）,ケトプロフェン,１０ｃｍ×１４ｃｍ１枚,"加算1,2",,17.6,,,,
外用薬,2649729SAZZZ,【般】ケトプロフェンテープ２０ｍｇ（７×１０ｃｍ非温感）,ケトプロフェン,７ｃｍ×１０ｃｍ１枚,"加算1,2",例外コード,12.7,温感テープの収載により例外コードに移行,2649729S2010,ケトプロフェン（２０ｍｇ）７ｃｍ×１０ｃｍ貼付剤,参考：ケトプロフェンテープ２０ｍｇ「ラクール」以外
外用薬,2649729SAZZZ,【般】ケトプロフェンテープ２０ｍｇ（７×１０ｃｍ非温感）,ケトプロフェン,７ｃｍ×１０ｃｍ１枚,"加算1,2",例外コード,12.7,温感テープの収載により例外コードに移行,2649729S2169,モーラステープ２０ｍｇ,
外用薬,2649729SAZZZ,【般】ケトプロフェンテープ２０ｍｇ（７×１０ｃｍ非温感）,ケトプロフェン,７ｃｍ×１０ｃｍ１枚,"加算1,2",例外コード,12.7,温感テープの収載により例外コードに移行,2649729S2240,ケトプロフェンテープ２０ｍｇ「ＳＮ」,
外用薬,2649729SBZZZ,【般】ケトプロフェンテープ２０ｍｇ（７×１０ｃｍ温感）,ケトプロフェン,７ｃｍ×１０ｃｍ１枚,加算1,例外コード,12.7,,2649729S2010,ケトプロフェン（２０ｍｇ）７ｃｍ×１０ｃｍ貼付剤,参考：ケトプロフェンテープ２０ｍｇ「ラクール」
外用薬,2649729SCZZZ,【般】ケトプロフェンテープ４０ｍｇ（１０×１４ｃｍ非温感）,ケトプロフェン,１０ｃｍ×１４ｃｍ１枚,"加算1,2",例外コード,17.6,温感テープの収載により例外コードに移行,2649729S3017,ケトプロフェン（４０ｍｇ）１０ｃｍ×１４ｃｍ貼付剤,参考：ケトプロフェンテープ４０ｍｇ「ラクール」以外
外用薬,2649729SCZZZ,【般】ケトプロフェンテープ４０ｍｇ（１０×１４ｃｍ非温感）,ケトプロフェン,１０ｃｍ×１４ｃｍ１枚,"加算1,2",例外コード,17.6,温感テープの収載により例外コードに移行,2649729S3084,モーラステープＬ４０ｍｇ,
外用薬,2649729SCZZZ,【般】ケトプロフェンテープ４０ｍｇ（１０×１４ｃｍ非温感）,ケトプロフェン,１０ｃｍ×１４ｃｍ１枚,"加算1,2",例外コード,17.6,温感テープの収載により例外コードに移行,2649729S3173,ケトプロフェンテープ４０ｍｇ「ＳＮ」,
外用薬,2649729SDZZZ,【般】ケトプロフェンテープ４０ｍｇ（１０×１４ｃｍ温感）,ケトプロフェン,１０ｃｍ×１４ｃｍ１枚,加算1,例外コード,17.6,,2649729S3017,ケトプロフェン（４０ｍｇ）１０ｃｍ×１４ｃｍ貼付剤,参考：ケトプロフェンテープ４０ｍｇ「ラクール」
外用薬,2649731Q1ZZZ,【般】フェルビナク外用液３％,フェルビナク,３％１ｍＬ,"加算1,2",,2.6,,,,
外用薬,2649731R1ZZZ,【般】フェルビナクスプレー３％,フェルビナク,３％１ｍＬ,加算1,,5,,,,
外用薬,2649731S2ZZZ,【般】フェルビナクテープ３５ｍｇ（７×１０ｃｍ非温感）,フェルビナク,７ｃｍ×１０ｃｍ１枚,加算1,,10.2,,,,
外用薬,2649731S3ZZZ,【般】フェルビナクパップ１４０ｍｇ（２０×１４ｃｍ非温感）,フェルビナク,２０ｃｍ×１４ｃｍ１枚,"加算1,2",,17.6,該当する後発品の経過措置期限が令和８年３月３１日であることから、同年４月１日以降は一般名処方マスタから削除される予定,,,
外用薬,2649731SAZZZ,【般】フェルビナクパップ７０ｍｇ（１０×１４ｃｍ非温感）,フェルビナク,１０ｃｍ×１４ｃｍ１枚,"加算1,2",例外コード,14.4,,2649731S1143,セルタッチパップ７０,
外用薬,2649731SAZZZ,【般】フェルビナクパップ７０ｍｇ（１０×１４ｃｍ非温感）,フェルビナク,１０ｃｍ×１４ｃｍ１枚,"加算1,2",例外コード,14.4,,2649731S1267,フェルビナクパップ７０ｍｇ「ラクール」,
外用薬,2649731SAZZZ,【般】フェルビナクパップ７０ｍｇ（１０×１４ｃｍ非温感）,フェルビナク,１０ｃｍ×１４ｃｍ１枚,"加算1,2",例外コード,14.4,,2649731S1275,フェルビナクパップ７０ｍｇ「東光」,
外用薬,2649731SAZZZ,【般】フェルビナクパップ７０ｍｇ（１０×１４ｃｍ非温感）,フェルビナク,１０ｃｍ×１４ｃｍ１枚,"加算1,2",例外コード,14.4,,2649731S1291,フェルビナクパップ７０ｍｇ「ユートク」,
外用薬,2649731SBZZZ,【般】フェルビナクテープ７０ｍｇ（１０×１４ｃｍ非温感）,フェルビナク,１０ｃｍ×１４ｃｍ１枚,"加算1,2",例外コード,14.4,,2649731S1178,フェルビナクテープ７０ｍｇ「ＥＭＥＣ」,
外用薬,2649731SBZZZ,【般】フェルビナクテープ７０ｍｇ（１０×１４ｃｍ非温感）,フェルビナク,１０ｃｍ×１４ｃｍ１枚,"加算1,2",例外コード,14.4,,2649731S1232,セルタッチテープ７０,
外用薬,2649731SBZZZ,【般】フェルビナクテープ７０ｍｇ（１０×１４ｃｍ非温感）,フェルビナク,１０ｃｍ×１４ｃｍ１枚,"加算1,2",例外コード,14.4,,2649731S1321,フェルビナクテープ７０ｍｇ「久光」,
外用薬,2649731SBZZZ,【般】フェルビナクテープ７０ｍｇ（１０×１４ｃｍ非温感）,フェルビナク,１０ｃｍ×１４ｃｍ１枚,"加算1,2",例外コード,14.4,,2649731S1330,フェルビナクテープ７０ｍｇ「三笠」,
外用薬,2649731SBZZZ,【般】フェルビナクテープ７０ｍｇ（１０×１４ｃｍ非温感）,フェルビナク,１０ｃｍ×１４ｃｍ１枚,"加算1,2",例外コード,14.4,,2649731S1348,フェルビナクテープ７０ｍｇ「ＮＰ」,
外用薬,2649732S3ZZZ,【般】フルルビプロフェンテープ２０ｍｇ（７×１０ｃｍ非温感）,フルルビプロフェン,７ｃｍ×１０ｃｍ１枚,"加算1,2",,8.4,,,,
外用薬,2649732SBZZZ,【般】フルルビプロフェンテープ４０ｍｇ（１０×１４ｃｍ非温感）,フルルビプロフェン,１０ｃｍ×１４ｃｍ１枚,"加算1,2",例外コード,13.5,,2649732S2047,ゼポラステープ４０ｍｇ,
外用薬,2649732SBZZZ,【般】フルルビプロフェンテープ４０ｍｇ（１０×１４ｃｍ非温感）,フルルビプロフェン,１０ｃｍ×１４ｃｍ１枚,"加算1,2",例外コード,13.5,,2649732S2055,ヤクバンテープ４０ｍｇ,
外用薬,2649732SBZZZ,【般】フルルビプロフェンテープ４０ｍｇ（１０×１４ｃｍ非温感）,フルルビプロフェン,１０ｃｍ×１４ｃｍ１枚,"加算1,2",例外コード,13.5,,2649732S2071,フルルビプロフェンテープ４０ｍｇ「ＱＱ」,
外用薬,2649734N1ZZZ,【般】ジクロフェナクＮａクリーム１％,ジクロフェナクナトリウム,１％１ｇ,加算1,,3,,,,
外用薬,2649734Q1ZZZ,【般】ジクロフェナクＮａゲル１％,ジクロフェナクナトリウム,１％１ｇ,"加算1,2",,3,,,,
外用薬,2649734Q2ZZZ,【般】ジクロフェナクＮａ外用液１％,ジクロフェナクナトリウム,１％１ｇ,"加算1,2",,3,,,,
外用薬,2649734S1ZZZ,【般】ジクロフェナクＮａテープ１５ｍｇ（７×１０ｃｍ非温感）,ジクロフェナクナトリウム,７ｃｍ×１０ｃｍ１枚,"加算1,2",,11.5,,,,
外用薬,2649734S3ZZZ,【般】ジクロフェナクＮａパップ７０ｍｇ（７×１０ｃｍ非温感）,ジクロフェナクナトリウム,７ｃｍ×１０ｃｍ１枚,"加算1,2",,11.5,,,,
外用薬,2649735Q1ZZZ,【般】ロキソプロフェンＮａゲル１％,ロキソプロフェンナトリウム水和物,１％１ｇ,"加算1,2",,2.1,該当する後発品の経過措置期限が令和８年３月３１日であることから、同年４月１日以降は一般名処方マスタから削除される予定,,,
外用薬,2649735R1ZZZ,【般】ロキソプロフェンＮａスプレー１％,ロキソプロフェンナトリウム水和物,１％１ｇ,加算1,,5,,,,
外用薬,2649735S4ZZZ,【般】ロキソプロフェンＮａパップ２００ｍｇ（２０×１４ｃｍ非温）,ロキソプロフェンナトリウム水和物,２０ｃｍ×１４ｃｍ１枚,加算1,,25.4,,,,
外用薬,2649831SAZZZ,【般】サリチル酸メチル等配合パップ１０ｇ（温感）,パップ剤,１０ｇ,加算1,例外コード,8.9,,2649843S1039,ＭＳ温シップ「タイホウ」,
外用薬,2649831SAZZZ,【般】サリチル酸メチル等配合パップ１０ｇ（温感）,パップ剤,１０ｇ,加算1,例外コード,8.9,,2649843S1055,ＭＳ温シップ「タカミツ」,
外用薬,2649831SAZZZ,【般】サリチル酸メチル等配合パップ１０ｇ（温感）,パップ剤,１０ｇ,加算1,例外コード,8.9,,2649843S1071,ラクール温シップ,
外用薬,2649865N1ZZZ,【般】副腎エキス・ヘパリン類似物質・サリチル酸配合クリーム,副腎エキス・ヘパリン類似物質配合剤,１ｇ,加算1,,5.1,,,,
外用薬,2649895S1ZZZ,【般】サリチル酸メチル等配合パップ１０ｇ（非温感）,パップ剤,１０ｇ,加算1,,8.9,,,,
外用薬,2649950M1ZZZ,【般】ヘパリン類似物質ゲル０．３％,ヘパリン類似物質,１ｇ,"加算1,2",,5.1,,,,
外用薬,2652701M1ZZZ,【般】サリチル酸軟膏５％,サリチル酸,５％１０ｇ,加算1,,42,,,,
外用薬,2652701M2ZZZ,【般】サリチル酸軟膏１０％,サリチル酸,１０％１０ｇ,加算1,,43.1,,,,
外用薬,2655700N1ZZZ,【般】クロトリマゾールクリーム１％,クロトリマゾール,１％１ｇ,"加算1,2",,8.1,,,,
外用薬,2655708N1ZZZ,【般】ビホナゾールクリーム１％,ビホナゾール,１％１ｇ,"加算1,2",,8.3,,,,
外用薬,2655708Q1ZZZ,【般】ビホナゾール外用液１％,ビホナゾール,１％１ｍＬ,加算1,,10.9,,,,
外用薬,2655709N1ZZZ,【般】ケトコナゾールクリーム２％,ケトコナゾール,２％１ｇ,"加算1,2",,13.3,,,,
外用薬,2655709Q1ZZZ,【般】ケトコナゾール外用液２％,ケトコナゾール,２％１ｇ,"加算1,2",,13.3,,,,
外用薬,2655709R1ZZZ,【般】ケトコナゾールスプレー２％,ケトコナゾール,２％１ｇ,加算1,,27.3,,,,
外用薬,2655712M1ZZZ,【般】ルリコナゾール軟膏１％,ルリコナゾール,１％１ｇ,"加算1,2",,16.4,,,,
外用薬,2655712N1ZZZ,【般】ルリコナゾールクリーム１％,ルリコナゾール,１％１ｇ,"加算1,2",,16.4,,,,
外用薬,2659708N1ZZZ,【般】ブテナフィン塩酸塩クリーム１％,ブテナフィン塩酸塩,１％１ｇ,"加算1,2",,15.2,該当する後発品の経過措置期限が令和８年３月３１日であることから、同年４月１日以降は一般名処方マスタから削除される予定,,,
外用薬,2659708Q1ZZZ,【般】ブテナフィン塩酸塩外用液１％,ブテナフィン塩酸塩,１％１ｍＬ,"加算1,2",,15.2,該当する後発品の経過措置期限が令和８年３月３１日であることから、同年４月１日以降は一般名処方マスタから削除される予定,,,
外用薬,2659710N1ZZZ,【般】テルビナフィン塩酸塩クリーム１％,テルビナフィン塩酸塩,１％１ｇ,"加算1,2",,9.5,,,,
外用薬,2659710Q1ZZZ,【般】テルビナフィン塩酸塩外用液１％,テルビナフィン塩酸塩,１％１ｇ,"加算1,2",,9.5,,,,
外用薬,2669701N1ZZZ,【般】尿素クリーム１０％,尿素,１０％１ｇ,"加算1,2",,2.9,,,,
外用薬,2669701N2ZZZ,【般】尿素クリーム２０％,尿素,２０％１ｇ,"加算1,2",,3.3,,,,
外用薬,2679701Q1ZZZ,【般】カルプロニウム塩化物外用液５％,カルプロニウム塩化物,５％１ｍＬ,加算1,,8.6,,,,
外用薬,2691702M1ZZZ,【般】マキサカルシトール軟膏０．００２５％,マキサカルシトール,０．００２５％１ｇ,"加算1,2",,34.8,,,,
外用薬,2699709M1ZZZ,【般】タクロリムス軟膏０．１％,タクロリムス水和物,０．１％１ｇ,"加算1,2",,29.2,,,,
外用薬,2699711N1ZZZ,【般】アダパレンクリーム０．１％,アダパレン,０．１％１ｇ,加算1,,19.4,,,,
外用薬,2699711Q1ZZZ,【般】アダパレンゲル０．１％,アダパレン,０．１％１ｇ,"加算1,2",,19.4,,,,
外用薬,2699713Q1ZZZ,【般】メトロニダゾールゲル０．７５％,メトロニダゾール,０．７５％１ｇ,"加算1,2",,37.5,,,,
外用薬,2699801V1ZZZ,【般】精製白糖・ポビドンヨード配合軟膏,精製白糖・ポビドンヨード,１ｇ,"加算1,2",,7.5,先発品はユーパスタ軟膏,,,
外用薬,3339950M1ZZZ,【般】ヘパリン類似物質軟膏０．３％,ヘパリン類似物質,１ｇ,"加算1,2",,3,,,,
外用薬,3339950N1ZZZ,【般】ヘパリン類似物質クリーム０．３％,ヘパリン類似物質,１ｇ,"加算1,2",,3,,,,
外用薬,3339950QAZZZ,【般】ヘパリン類似物質外用液０．３％（乳剤性）,ヘパリン類似物質,１ｇ,"加算1,2",例外コード,3,準先発品はヒルドイドローション０．３％,3339950Q1015,ヘパリン類似物質ローション,参考：ヘパリン類似物質ローション０．３％「ラクール」、ヘパリン類似物質ローション０．３％「ＮＩＴ」
外用薬,3339950QAZZZ,【般】ヘパリン類似物質外用液０．３％（乳剤性）,ヘパリン類似物質,１ｇ,"加算1,2",例外コード,3,準先発品はヒルドイドローション０．３％,3339950Q1074,ヒルドイドローション０．３％,
外用薬,3339950QBZZZ,【般】ヘパリン類似物質外用液０．３％（水性）,ヘパリン類似物質,１ｇ,"加算1,2",例外コード,3,準先発品はヒルドイドローション０．３％,3339950Q1090,ヘパリン類似物質ローション０．３％「ＹＤ」,
外用薬,3339950QBZZZ,【般】ヘパリン類似物質外用液０．３％（水性）,ヘパリン類似物質,１ｇ,"加算1,2",例外コード,3,準先発品はヒルドイドローション０．３％,3339950Q1104,ヘパリン類似物質ローション０．３％「ニプロ」,
外用薬,3339950QBZZZ,【般】ヘパリン類似物質外用液０．３％（水性）,ヘパリン類似物質,１ｇ,"加算1,2",例外コード,3,準先発品はヒルドイドローション０．３％,3339950Q1112,ヘパリン類似物質ローション０．３％「ニットー」,
外用薬,3339950QBZZZ,【般】ヘパリン類似物質外用液０．３％（水性）,ヘパリン類似物質,１ｇ,"加算1,2",例外コード,3,準先発品はヒルドイドローション０．３％,3339950Q1139,ヘパリン類似物質ローション０．３％「日医工」,
外用薬,3339950R1ZZZ,【般】ヘパリン類似物質スプレー０．３％,ヘパリン類似物質,１ｇ,"加算1,2",,7.4,,,,
外用薬,6250700M1ZZZ,【般】ビダラビン軟膏３％,ビダラビン,３％１ｇ,"加算1,2",,74.1,,,,
外用薬,6250700N1ZZZ,【般】ビダラビンクリーム３％,ビダラビン,３％１ｇ,"加算1,2",,74.1,,,,
外用薬,6250701M1ZZZ,【般】アシクロビル軟膏５％,アシクロビル,５％１ｇ,"加算1,2",,68.5,,,,
外用薬,6250701N1ZZZ,【般】アシクロビルクリーム５％,アシクロビル,５％１ｇ,"加算1,2",,68.5,,,,
外用薬,6290702Q1ZZZ,【般】エフィナコナゾール外用液１０％,エフィナコナゾール,１０％１ｇ,"加算1,2",,676.3,,,,
外用薬,7190700X1ZZZ,【般】ウイテプゾール,ウイテプゾール,１０ｇ,加算1,,34.5,,,,
外用薬,7319700Q1ZZZ,【般】安息香チンキ外用液,安息香,１０ｍＬ,加算1,,22.1,,,,
外用薬,8219700T1ZZZ,【般】フェンタニルテープ０．８４ｍｇ（１日用）,フェンタニル,０．８４ｍｇ１枚,"加算1,2",,255.5,先発品はワンデュロパッチ０．８４ｍｇ,,,
外用薬,8219700T2ZZZ,【般】フェンタニルテープ１．７ｍｇ（１日用）,フェンタニル,１．７ｍｇ１枚,"加算1,2",,467.6,先発品はワンデュロパッチ１．７ｍｇ,,,
外用薬,8219700T3ZZZ,【般】フェンタニルテープ３．４ｍｇ（１日用）,フェンタニル,３．４ｍｇ１枚,"加算1,2",,881,先発品はワンデュロパッチ３．４ｍｇ,,,
外用薬,8219700T4ZZZ,【般】フェンタニルテープ５ｍｇ（１日用）,フェンタニル,５ｍｇ１枚,"加算1,2",,1280.6,先発品はワンデュロパッチ５ｍｇ,,,
外用薬,8219700T5ZZZ,【般】フェンタニルテープ６．７ｍｇ（１日用）,フェンタニル,６．７ｍｇ１枚,"加算1,2",,1621.7,先発品はワンデュロパッチ６．７ｍｇ,,,
外用薬,8219701S1ZZZ,【般】フェンタニルクエン酸塩テープ１ｍｇ（１日用）,フェンタニルクエン酸塩,１ｍｇ１枚,"加算1,2",,240.1,先発品はフェントステープ１ｍｇ,,,
外用薬,8219701S2ZZZ,【般】フェンタニルクエン酸塩テープ２ｍｇ（１日用）,フェンタニルクエン酸塩,２ｍｇ１枚,"加算1,2",,448.8,先発品はフェントステープ２ｍｇ,,,
外用薬,8219701S3ZZZ,【般】フェンタニルクエン酸塩テープ４ｍｇ（１日用）,フェンタニルクエン酸塩,４ｍｇ１枚,"加算1,2",,864,先発品はフェントステープ４ｍｇ,,,
外用薬,8219701S4ZZZ,【般】フェンタニルクエン酸塩テープ６ｍｇ（１日用）,フェンタニルクエン酸塩,６ｍｇ１枚,"加算1,2",,1198.7,先発品はフェントステープ６ｍｇ,,,
外用薬,8219701S5ZZZ,【般】フェンタニルクエン酸塩テープ８ｍｇ（１日用）,フェンタニルクエン酸塩,８ｍｇ１枚,"加算1,2",,1616.5,先発品はフェントステープ８ｍｇ,,,
外用薬,8219701S6ZZZ,【般】フェンタニルクエン酸塩テープ０．５ｍｇ（１日用）,フェンタニルクエン酸塩,０．５ｍｇ１枚,"加算1,2",,130,先発品はフェントステープ０．５ｍｇ,,,
削除リスト,1124001F1ZZZ,【般】エスタゾラム錠１ｍｇ,エスタゾラム,１ｍｇ１錠,,,,,,,
削除リスト,1124003B1ZZZ,【般】ニトラゼパム散１％,ニトラゼパム,１％１ｇ,,,,,,,
削除リスト,1124013B1ZZZ,【般】オキサゾラム散１０％,オキサゾラム,１０％１ｇ,,,,,,,
削除リスト,1124017B1ZZZ,【般】ジアゼパム散１％,ジアゼパム,１％１ｇ,,,,,,,
削除リスト,1124020C1ZZZ,【般】ブロマゼパム細粒１％,ブロマゼパム,１％１ｇ,,,,,,,
削除リスト,1129006F1ZZZ,【般】リルマザホン塩酸塩錠１ｍｇ,リルマザホン塩酸塩水和物,１ｍｇ１錠,,,,,,,
削除リスト,1129006F2ZZZ,【般】リルマザホン塩酸塩錠２ｍｇ,リルマザホン塩酸塩水和物,２ｍｇ１錠,,,,,,,
削除リスト,1139002C1ZZZ,【般】カルバマゼピン細粒５０％,カルバマゼピン,５０％１ｇ,,,,,,,
削除リスト,1139004C2ZZZ,【般】バルプロ酸Ｎａ細粒４０％,バルプロ酸ナトリウム,４０％１ｇ,,,,,,,
削除リスト,1139004F1ZZZ,【般】バルプロ酸Ｎａ錠１００ｍｇ,バルプロ酸ナトリウム,１００ｍｇ１錠,,,,,,,
削除リスト,1139004F2ZZZ,【般】バルプロ酸Ｎａ錠２００ｍｇ,バルプロ酸ナトリウム,２００ｍｇ１錠,,,,,,,
削除リスト,1139004G1ZZZ,【般】バルプロ酸Ｎａ徐放錠１００ｍｇ,バルプロ酸ナトリウム,１００ｍｇ１錠,,,,,,,
削除リスト,1139009F1ZZZ,【般】ラモトリギン錠２ｍｇ,ラモトリギン,２ｍｇ１錠,,,,,,,
削除リスト,1141005M2ZZZ,【般】メフェナム酸カプセル２５０ｍｇ,メフェナム酸,２５０ｍｇ１カプセル,,,,,,,
削除リスト,1141007C1ZZZ,【般】アセトアミノフェン細粒２０％,アセトアミノフェン,２０％１ｇ,,,,,,,
削除リスト,1141007C2ZZZ,【般】アセトアミノフェン細粒５０％,アセトアミノフェン,５０％１ｇ,,,,,,,
削除リスト,1147002N1ZZZ,【般】ジクロフェナクＮａ徐放カプセル３７．５ｍｇ,ジクロフェナクナトリウム,３７．５ｍｇ１カプセル,,,,,,,
削除リスト,1149001F1ZZZ,【般】イブプロフェン錠１００ｍｇ,イブプロフェン,１００ｍｇ１錠,,,,,,,
削除リスト,1149001F2ZZZ,【般】イブプロフェン錠２００ｍｇ,イブプロフェン,２００ｍｇ１錠,,,,,,,
削除リスト,1149011F1ZZZ,【般】フルルビプロフェン錠４０ｍｇ,フルルビプロフェン,４０ｍｇ１錠,,,,,,,
削除リスト,1149019C1ZZZ,【般】ロキソプロフェンＮａ細粒１０％,ロキソプロフェンナトリウム水和物,１０％１ｇ,,,,,,,
削除リスト,1169006C1ZZZ,【般】ドロキシドパ細粒２０％,ドロキシドパ,２０％１ｇ,,,,,,,
削除リスト,1169006F1ZZZ,【般】ドロキシドパ口腔内崩壊錠１００ｍｇ,ドロキシドパ,１００ｍｇ１錠,,,,,,,
削除リスト,1169006F2ZZZ,【般】ドロキシドパ口腔内崩壊錠２００ｍｇ,ドロキシドパ,２００ｍｇ１錠,,,,,,,
削除リスト,1169006M1ZZZ,【般】ドロキシドパカプセル１００ｍｇ,ドロキシドパ,１００ｍｇ１カプセル,,,,,,,
削除リスト,1169006M2ZZZ,【般】ドロキシドパカプセル２００ｍｇ,ドロキシドパ,２００ｍｇ１カプセル,,,,,,,
削除リスト,1169011F1ZZZ,【般】カベルゴリン錠０．２５ｍｇ,カベルゴリン,０．２５ｍｇ１錠,,,,,,,
削除リスト,1169011F2ZZZ,【般】カベルゴリン錠１ｍｇ,カベルゴリン,１ｍｇ１錠,,,,,,,
削除リスト,1172014B1ZZZ,【般】レボメプロマジンマレイン酸塩散１０％,レボメプロマジンマレイン酸塩,１０％１ｇ,,,,,,,
削除リスト,1172014C1ZZZ,【般】レボメプロマジンマレイン酸塩細粒１０％,レボメプロマジンマレイン酸塩,１０％１ｇ,,,,,,,
削除リスト,1172014D1ZZZ,【般】レボメプロマジンマレイン酸塩顆粒１０％,レボメプロマジンマレイン酸塩,１０％１ｇ,,,,,,,
削除リスト,1172014F3ZZZ,【般】レボメプロマジンマレイン酸塩錠５０ｍｇ,レボメプロマジンマレイン酸塩,５０ｍｇ１錠,,,,,,,
削除リスト,1179008F1ZZZ,【般】マプロチリン塩酸塩錠１０ｍｇ,マプロチリン塩酸塩,１０ｍｇ１錠,,,,,,,
削除リスト,1179017F1ZZZ,【般】炭酸リチウム錠１００ｍｇ,炭酸リチウム,１００ｍｇ１錠,,,,,,,
削除リスト,1179024C1ZZZ,【般】ゾテピン細粒１０％,ゾテピン,１０％１ｇ,,,,,,,
削除リスト,1179024C2ZZZ,【般】ゾテピン細粒５０％,ゾテピン,５０％１ｇ,,,,,,,
削除リスト,1179024F2ZZZ,【般】ゾテピン錠５０ｍｇ,ゾテピン,５０ｍｇ１錠,,,,,,,
削除リスト,1179024F3ZZZ,【般】ゾテピン錠１００ｍｇ,ゾテピン,１００ｍｇ１錠,,,,,,,
削除リスト,1179025C1ZZZ,【般】エチゾラム細粒１％,エチゾラム,１％１ｇ,,,,,,,
削除リスト,1179026F1ZZZ,【般】チミペロン錠０．５ｍｇ,チミペロン,０．５ｍｇ１錠,,,,,,,
削除リスト,1179030D1ZZZ,【般】クロカプラミン塩酸塩顆粒１０％,クロカプラミン塩酸塩水和物,１０％１ｇ,,,,,,,
削除リスト,1179032C1ZZZ,【般】スルトプリド塩酸塩細粒５０％,スルトプリド塩酸塩,５０％１ｇ,,,,,,,
削除リスト,1179032F1ZZZ,【般】スルトプリド塩酸塩錠５０ｍｇ,スルトプリド塩酸塩,５０ｍｇ１錠,,,,,,,
削除リスト,1179032F2ZZZ,【般】スルトプリド塩酸塩錠１００ｍｇ,スルトプリド塩酸塩,１００ｍｇ１錠,,,,,,,
削除リスト,1179032F3ZZZ,【般】スルトプリド塩酸塩錠２００ｍｇ,スルトプリド塩酸塩,２００ｍｇ１錠,,,,,,,
削除リスト,1179038F4ZZZ,【般】リスペリドン錠０．５ｍｇ,リスペリドン,０．５ｍｇ１錠,,,,,,,
削除リスト,1179038F7ZZZ,【般】リスペリドン口腔内崩壊錠０．５ｍｇ,リスペリドン,０．５ｍｇ１錠,,,,,,,
削除リスト,1179040F3ZZZ,【般】ミルナシプラン塩酸塩錠１２．５ｍｇ,ミルナシプラン塩酸塩,１２．５ｍｇ１錠,,,,,,,
削除リスト,1190012Q2ZZZ,【般】ドネペジル塩酸塩経口ゼリー５ｍｇ,ドネペジル塩酸塩,５ｍｇ１個,,,,,,,
削除リスト,1190012S2ZZZ,【般】ドネペジル塩酸塩経口液５ｍｇ２．５ｍＬ,ドネペジル塩酸塩,５ｍｇ２．５ｍＬ１包,,,,,,,
削除リスト,1231013M1ZZZ,【般】チキジウム臭化物カプセル５ｍｇ,チキジウム臭化物,５ｍｇ１カプセル,,,,,,,
削除リスト,1249004F1ZZZ,【般】ピペリドレート塩酸塩錠５０ｍｇ,ピペリドレート塩酸塩,５０ｍｇ１錠,,,,,,,
削除リスト,1249008F1ZZZ,【般】アフロクアロン錠２０ｍｇ,アフロクアロン,２０ｍｇ１錠,,,,,,,
削除リスト,1249009D1ZZZ,【般】エペリゾン塩酸塩顆粒１０％,エペリゾン塩酸塩,１０％１ｇ,,,,,,,
削除リスト,1249010D1ZZZ,【般】チザニジン顆粒０．２％,チザニジン塩酸塩,０．２％１ｇ,,,,,,,
削除リスト,1315702Q1ZZZ,【般】デキサメタゾンリン酸エステルＮａ点眼点耳点鼻液０．１％,デキサメタゾンリン酸エステルナトリウム,０．１％１ｍＬ,,,,,,,
削除リスト,1315705M1ZZZ,【般】プレドニゾロン酢酸エステル眼軟膏０．２５％,プレドニゾロン酢酸エステル,０．２５％１ｇ,,,,,,,
削除リスト,1317702Q1ZZZ,【般】クロラムフェニコール点眼液０．５％,クロラムフェニコール,５ｍｇ１ｍＬ,,,,,,,
削除リスト,1319706Q1ZZZ,【般】ピレノキシン点眼用０．００５％,ピレノキシン,０．００５％１ｍＬ（溶解後の液として）,,,,,,,
削除リスト,1319719M1ZZZ,【般】アシクロビル眼軟膏３％,アシクロビル,３％１ｇ,,,,,,,
削除リスト,1319720Q5ZZZ,【般】ヒアルロン酸Ｎａ点眼液０．３％０．４ｍＬ,精製ヒアルロン酸ナトリウム,０．３％０．４ｍＬ１個,,,,,,,
削除リスト,1319722M1ZZZ,【般】オフロキサシン眼軟膏０．３％,オフロキサシン,０．３％１ｇ,,,,,,,
削除リスト,1319722Q1ZZZ,【般】オフロキサシン点眼液０．３％,オフロキサシン,０．３％１ｍＬ,,,,,,,
削除リスト,1319722Q2ZZZ,【般】オフロキサシンゲル化点眼液０．３％,オフロキサシン,０．３％１ｍＬ,,,,,,,
削除リスト,1319727Q1ZZZ,【般】ノルフロキサシン点眼液０．３％,ノルフロキサシン,０．３％１ｍＬ,,,,,,,
削除リスト,1319800M1ZZZ,【般】エリスロマイシン・コリスチン配合眼軟膏,エリスロマイシンラクトビオン酸塩・コリスチンメタンスルホン酸ナトリウム,１ｇ,,,,,,,
削除リスト,1319802Q2ZZZ,【般】クロラムフェニコール・コリスチン配合点眼液,クロラムフェニコール・コリスチンメタンスルホン酸ナトリウム,５ｍＬ１瓶,,,,,,,
削除リスト,1319813Q1ZZZ,【般】ベタメタゾン・フラジオマイシン配合点眼点鼻液,ベタメタゾンリン酸エステルナトリウム・フラジオマイシン硫酸塩,１ｍＬ,,,,,,,
削除リスト,1329706Q1ZZZ,【般】オフロキサシン点耳液０．３％,オフロキサシン,３ｍｇ１ｍＬ,,,,,,,
削除リスト,1329707Q2ZZZ,【般】フルチカゾンプロピオン酸エステル点鼻液２５μｇ５６噴霧用,フルチカゾンプロピオン酸エステル,２．０４ｍｇ４ｍＬ１瓶,,,,,,,
削除リスト,2123016F3ZZZ,【般】ビソプロロールフマル酸塩錠０．６２５ｍｇ,ビソプロロールフマル酸塩,０．６２５ｍｇ１錠,,,,,,,
削除リスト,2129002M1ZZZ,【般】ジソピラミドカプセル５０ｍｇ,ジソピラミド,５０ｍｇ１カプセル,,,,,,,
削除リスト,2129002M2ZZZ,【般】ジソピラミドカプセル１００ｍｇ,ジソピラミド,１００ｍｇ１カプセル,,,,,,,
削除リスト,2133001C1ZZZ,【般】スピロノラクトン細粒１０％,スピロノラクトン,１０％１ｇ,,,,,,,
削除リスト,2139005C1ZZZ,【般】フロセミド細粒４％,フロセミド,４％１ｇ,,,,,,,
削除リスト,2144001C1ZZZ,【般】カプトプリル細粒５％,カプトプリル,５％１ｇ,,,,,,,
削除リスト,2144001F1ZZZ,【般】カプトプリル錠１２．５ｍｇ,カプトプリル,１２．５ｍｇ１錠,,,,,,,
削除リスト,2144001F2ZZZ,【般】カプトプリル錠２５ｍｇ,カプトプリル,２５ｍｇ１錠,,,,,,,
削除リスト,2144001N1ZZZ,【般】カプトプリル徐放カプセル１８．７５ｍｇ,カプトプリル,１８．７５ｍｇ１カプセル,,,,,,,
削除リスト,2149002F1ZZZ,【般】プラゾシン塩酸塩錠０．５ｍｇ,プラゾシン塩酸塩,０．５ｍｇ１錠,,,,,,,
削除リスト,2149002F2ZZZ,【般】プラゾシン塩酸塩錠１ｍｇ,プラゾシン塩酸塩,１ｍｇ１錠,,,,,,,
削除リスト,2149019B1ZZZ,【般】ニカルジピン塩酸塩散１０％,ニカルジピン塩酸塩,１０％１ｇ,,,,,,,
削除リスト,2149019F1ZZZ,【般】ニカルジピン塩酸塩錠１０ｍｇ,ニカルジピン塩酸塩,１０ｍｇ１錠,,,,,,,
削除リスト,2149019N1ZZZ,【般】ニカルジピン塩酸塩徐放カプセル２０ｍｇ,ニカルジピン塩酸塩,２０ｍｇ１カプセル,,,,,,,
削除リスト,2149019N2ZZZ,【般】ニカルジピン塩酸塩徐放カプセル４０ｍｇ,ニカルジピン塩酸塩,４０ｍｇ１カプセル,,,,,,,
削除リスト,2149026F1ZZZ,【般】ドキサゾシンメシル酸塩錠０．５ｍｇ,ドキサゾシンメシル酸塩,０．５ｍｇ１錠,,,,,,,
削除リスト,2149026F5ZZZ,【般】ドキサゾシンメシル酸塩口腔内崩壊錠０．５ｍｇ,ドキサゾシンメシル酸塩,０．５ｍｇ１錠,,,,,,,
削除リスト,2149032F3ZZZ,【般】カルベジロール錠１．２５ｍｇ,カルベジロール,１．２５ｍｇ１錠,,,,,,,
削除リスト,2171701S6ZZZ,【般】ニトログリセリンテープ２７ｍｇ（９．６ｃｍ２）,ニトログリセリン,（２７ｍｇ）９．６ｃ㎡１枚,,,,,,,
削除リスト,2189001F1ZZZ,【般】エラスターゼ錠１，８００単位,エラスターゼ,１，８００単位１錠,,,,,,,
削除リスト,2189010C1ZZZ,【般】プラバスタチンＮａ細粒０．５％,プラバスタチンナトリウム,０．５％１ｇ,,,,,,,
削除リスト,2189010C2ZZZ,【般】プラバスタチンＮａ細粒１％,プラバスタチンナトリウム,１％１ｇ,,,,,,,
削除リスト,2190016S1ZZZ,【般】ポリスチレンスルホン酸Ｃａ経口液２０％,ポリスチレンスルホン酸カルシウム,２０％２５ｇ１包,,,,,,,
削除リスト,2223001B1ZZZ,【般】デキストロメトルファン臭化水素酸塩散１０％,デキストロメトルファン臭化水素酸塩水和物,１０％１ｇ,,,,,,,
削除リスト,2229001B1ZZZ,【般】ジメモルファンリン酸塩散１０％,ジメモルファンリン酸塩,１０％１ｇ,,,,,,,
削除リスト,2229001Q1ZZZ,【般】ジメモルファンリン酸塩シロップ０．２５％,ジメモルファンリン酸塩,０．２５％１ｍＬ,,,,,,,
削除リスト,2233002F1ZZZ,【般】カルボシステイン錠２５０ｍｇ,Ｌ－カルボシステイン,２５０ｍｇ１錠,,,,,,,
削除リスト,2233002F2ZZZ,【般】カルボシステイン錠５００ｍｇ,Ｌ－カルボシステイン,５００ｍｇ１錠,,,,,,,
削除リスト,2249106Q1ZZZ,【般】デキストロメトルファン・クレゾール配合シロップ,デキストロメトルファン臭化水素酸塩水和物・クレゾールスルホン酸カリウム,１０ｍＬ,,,,,,,
削除リスト,2251001D1ZZZ,【般】テオフィリン徐放顆粒２０％,テオフィリン,２０％１ｇ,,,,,,,
削除リスト,2251001F1ZZZ,【般】テオフィリン徐放錠５０ｍｇ（１２～２４時間持続）,テオフィリン,５０ｍｇ１錠,,,,,,,
削除リスト,2251001M3ZZZ,【般】テオフィリン徐放カプセル５０ｍｇ（１２～２４時間持続）,テオフィリン,５０ｍｇ１カプセル,,,,,,,
削除リスト,2252003F1ZZZ,【般】テルブタリン硫酸塩錠２ｍｇ,テルブタリン硫酸塩,２ｍｇ１錠,,,,,,,
削除リスト,2259002F1ZZZ,【般】ツロブテロール塩酸塩錠１ｍｇ,ツロブテロール塩酸塩,１ｍｇ１錠,,,,,,,
削除リスト,2259003Q1ZZZ,【般】トリメトキノール塩酸塩シロップ０．１％,トリメトキノール塩酸塩水和物,０．１％１ｍＬ,,,,,,,
削除リスト,2259004F1ZZZ,【般】プロカテロール塩酸塩錠０．０２５ｍｇ,プロカテロール塩酸塩水和物,０．０２５ｍｇ１錠,,,,,,,
削除リスト,2259004F2ZZZ,【般】プロカテロール塩酸塩錠０．０５ｍｇ,プロカテロール塩酸塩水和物,０．０５ｍｇ１錠,,,,,,,
削除リスト,2259701G1ZZZ,【般】クロモグリク酸Ｎａ吸入液１％,クロモグリク酸ナトリウム,１％２ｍＬ１管,,,,,,,
削除リスト,2260701F1ZZZ,【般】ポビドンヨード含嗽用液７％,ポビドンヨード,７％１ｍＬ,,,,,,,
削除リスト,2319001C1ZZZ,【般】ロペラミド塩酸塩細粒０．０５％,ロペラミド塩酸塩,０．０５％１ｇ,,,,,,,
削除リスト,2319001C2ZZZ,【般】ロペラミド塩酸塩細粒０．１％,塩酸ロペラミド,０．１％１ｇ,,,,,,,
削除リスト,2321001F1ZZZ,【般】メチルメチオニンスルホニウムクロリド錠２５ｍｇ,メチルメチオニンスルホニウムクロライド,２５ｍｇ１錠,,,,,,,
削除リスト,2325001C2ZZZ,【般】シメチジン細粒４０％,シメチジン,４０％１ｇ,,,,,,,
削除リスト,2325005F2ZZZ,【般】ニザチジン錠７５ｍｇ,ニザチジン,７５ｍｇ１錠,,,,,,,
削除リスト,2325005M2ZZZ,【般】ニザチジンカプセル７５ｍｇ,ニザチジン,７５ｍｇ１カプセル,,,,,,,
削除リスト,2325006F1ZZZ,【般】ラフチジン錠５ｍｇ,ラフチジン,５ｍｇ１錠,,,,,,,
削除リスト,2325006F3ZZZ,【般】ラフチジン口腔内崩壊錠５ｍｇ,ラフチジン,５ｍｇ１錠,,,,,,,
削除リスト,2329004C1ZZZ,【般】セトラキサート塩酸塩細粒４０％,セトラキサート塩酸塩,４０％１ｇ,,,,,,,
削除リスト,2329004M1ZZZ,【般】セトラキサート塩酸塩カプセル２００ｍｇ,セトラキサート塩酸塩,２００ｍｇ１カプセル,,,,,,,
削除リスト,2329012C1ZZZ,【般】テプレノン細粒１０％,テプレノン,１０％１ｇ,,,,,,,
削除リスト,2329020C1ZZZ,【般】イルソグラジンマレイン酸塩細粒０．８％,イルソグラジンマレイン酸塩,０．８％１ｇ,,,,,,,
削除リスト,2329021F1ZZZ,【般】レバミピド錠１００ｍｇ,レバミピド,１００ｍｇ１錠,,,,,,,
削除リスト,2329021F2ZZZ,【般】レバミピド口腔内崩壊錠１００ｍｇ,レバミピド,１００ｍｇ１錠,,,,,,,
削除リスト,2329026D1ZZZ,【般】エカベトＮａ顆粒６６．７％,エカベトナトリウム水和物,６６．７％１ｇ,,,,,,,
削除リスト,2329116S1ZZZ,【般】アルギン酸Ｎａ経口液５％,アルギン酸ナトリウム,１０ｍＬ,,,,,,,
削除リスト,2339003B1ZZZ,【般】β－ガラクトシダーゼ（アスペルギルス）散５０％,β－ガラクトシダーゼ（アスペルギルス）,５０％１ｇ,,,,,,,
削除リスト,2357701K1ZZZ,【般】グリセリン浣腸液５０％１０ｍＬ,グリセリン,５０％１０ｍＬ,,,,,,,
削除リスト,2357701K3ZZZ,【般】グリセリン浣腸液５０％３０ｍＬ,グリセリン,５０％３０ｍＬ１個,,,,,,,
削除リスト,2357701K4ZZZ,【般】グリセリン浣腸液５０％４０ｍＬ,グリセリン,５０％４０ｍＬ１個,,,,,,,
削除リスト,2357701K5ZZZ,【般】グリセリン浣腸液５０％５０ｍＬ,グリセリン,５０％５０ｍＬ１個,,,,,,,
削除リスト,2357701K6ZZZ,【般】グリセリン浣腸液５０％６０ｍＬ,グリセリン,５０％６０ｍＬ１個,,,,,,,
削除リスト,2357701K8ZZZ,【般】グリセリン浣腸液５０％１２０ｍＬ,グリセリン,５０％１２０ｍＬ１個,,,,,,,
削除リスト,2357701K9ZZZ,【般】グリセリン浣腸液５０％１５０ｍＬ,グリセリン,５０％１５０ｍＬ１個,,,,,,,
削除リスト,2357701Y1ZZZ,【般】グリセリン浣腸液５０％９０ｍＬ,グリセリン,５０％９０ｍＬ１個,,,,,,,
削除リスト,2359005F1ZZZ,【般】ピコスルファートＮａ錠２．５ｍｇ,ピコスルファートナトリウム水和物,２．５ｍｇ１錠,,,,,,,
削除リスト,2359800J1ZZZ,【般】炭酸水素ナトリウム・無水リン酸二水素ナトリウム配合坐剤,炭酸水素ナトリウム・無水リン酸二水素ナトリウム,１個,,,,,,,
削除リスト,2399004Q1ZZZ,【般】メトクロプラミドシロップ０．１％,メトクロプラミド,０．１％１０ｍＬ,,,,,,,
削除リスト,2399005F1ZZZ,【般】ドンペリドン錠５ｍｇ,ドンペリドン,５ｍｇ１錠,,,,,,,
削除リスト,2399005F3ZZZ,【般】ドンペリドン口腔内崩壊錠５ｍｇ,ドンペリドン,５ｍｇ１錠,,,,,,,
削除リスト,2399010F2ZZZ,【般】モサプリドクエン酸塩錠５ｍｇ,モサプリドクエン酸塩水和物,５ｍｇ１錠,,,,,,,
削除リスト,2399011C1ZZZ,【般】ポリカルボフィルＣａ細粒８３．３％,ポリカルボフィルカルシウム,８３．３％１ｇ,,,,,,,
削除リスト,2399713E1ZZZ,【般】アズレンスルホン酸Ｎａトローチ５ｍｇ,アズレンスルホン酸ナトリウム水和物,５ｍｇ１錠,,,,,,,
削除リスト,2478001G1ZZZ,【般】クロルマジノン酢酸エステル徐放錠５０ｍｇ,クロルマジノン酢酸エステル,５０ｍｇ１錠,,,,,,,
削除リスト,2499702Q1ZZZ,【般】ナファレリン酢酸塩点鼻液０．２％,ナファレリン酢酸塩水和物,１０ｍｇ５ｍＬ１瓶,,,,,,,
削除リスト,2521701H1ZZZ,【般】クロラムフェニコール腟錠１００ｍｇ,クロラムフェニコール,１００ｍｇ１錠,,,,,,,
削除リスト,2529701H1ZZZ,【般】エストリオール腟錠０．５ｍｇ,エストリオール,０．５ｍｇ１錠,,,,,,,
削除リスト,2529704J1ZZZ,【般】ミコナゾール硝酸塩腟用坐剤１００ｍｇ,ミコナゾール硝酸塩,１００ｍｇ１個,,,,,,,
削除リスト,2559001M1ZZZ,【般】トリベノシドカプセル２００ｍｇ,トリベノシド,２００ｍｇ１カプセル,,,,,,,
削除リスト,2590002F1ZZZ,【般】フラボキサート塩酸塩錠２００ｍｇ,フラボキサート塩酸塩,２００ｍｇ１錠,,,,,,,
削除リスト,2612704Q1ZZZ,【般】希ヨードチンキ外用液,希ヨードチンキ,１０ｍＬ,,,,,,,
削除リスト,2612705X1ZZZ,【般】ヨードチンキ外用液,ヨードチンキ,１０ｍＬ,,,,,,,
削除リスト,2615701Q1ZZZ,【般】イソプロパノール外用液５０％,イソプロパノール,５０％１０ｍＬ,,,,,,,
削除リスト,2615701Q2ZZZ,【般】イソプロパノール外用液７０％,イソプロパノール,７０％１０ｍＬ,,,,,,,
削除リスト,2619702Q8ZZZ,【般】クロルヘキシジングルコン酸塩外用液０．０２％,クロルヘキシジングルコン酸塩,０．０２％１０ｍＬ,,,,,,,
削除リスト,2634710M1ZZZ,【般】ゲンタマイシン硫酸塩軟膏０．１％,ゲンタマイシン硫酸塩,１ｍｇ１ｇ,,,,,,,
削除リスト,2646700M1ZZZ,【般】ジフルコルトロン吉草酸エステル軟膏０．１％,ジフルコルトロン吉草酸エステル,０．１％１ｇ,,,,,,,
削除リスト,2646700N1ZZZ,【般】ジフルコルトロン吉草酸エステルクリーム０．１％,ジフルコルトロン吉草酸エステル,０．１％１ｇ,,,,,,,
削除リスト,2646712N1ZZZ,【般】プレドニゾロンクリーム０．５％,プレドニゾロン,０．５％１ｇ,,,,,,,
削除リスト,2646717M1ZZZ,【般】ヒドロコルチゾン酪酸エステル軟膏０．１％,ヒドロコルチゾン酪酸エステル,０．１％１ｇ,,,,,,,
削除リスト,2646720Q1ZZZ,【般】プレドニゾロン吉草酸エステル酢酸エステル外用液０．３％,プレドニゾロン吉草酸エステル酢酸エステル,０．３％１ｇ,,,,,,,
削除リスト,2646721M1ZZZ,【般】酪酸プロピオン酸ヒドロコルチゾン軟膏０．１％,酪酸プロピオン酸ヒドロコルチゾン,０．１％１ｇ,,,,,,,
削除リスト,2646721N1ZZZ,【般】酪酸プロピオン酸ヒドロコルチゾンクリーム０．１％,酪酸プロピオン酸ヒドロコルチゾン,０．１％１ｇ,,,,,,,
削除リスト,2646721Q1ZZZ,【般】酪酸プロピオン酸ヒドロコルチゾン外用液０．１％,酪酸プロピオン酸ヒドロコルチゾン,０．１％１ｍＬ,,,,,,,
削除リスト,2646722N1ZZZ,【般】クロベタゾン酪酸エステルクリーム０．０５％,クロベタゾン酪酸エステル,０．０５％１ｇ,,,,,,,
削除リスト,2646722Q1ZZZ,【般】クロベタゾン酪酸エステル外用液０．０５％,クロベタゾン酪酸エステル,０．０５％１ｇ,,,,,,,
削除リスト,2646723M1ZZZ,【般】ジフロラゾン酢酸エステル軟膏０．０５％,ジフロラゾン酢酸エステル,０．０５％１ｇ,,,,,,,
削除リスト,2646723N1ZZZ,【般】ジフロラゾン酢酸エステルクリーム０．０５％,ジフロラゾン酢酸エステル,０．０５％１ｇ,,,,,,,
削除リスト,2646725M1ZZZ,【般】ジフルプレドナート軟膏０．０５％,ジフルプレドナート,０．０５％１ｇ,,,,,,,
削除リスト,2646725N1ZZZ,【般】ジフルプレドナートクリーム０．０５％,ジフルプレドナート,０．０５％１ｇ,,,,,,,
削除リスト,2646725Q1ZZZ,【般】ジフルプレドナート外用液０．０５％,ジフルプレドナート,０．０５％１ｇ,,,,,,,
削除リスト,2646727M1ZZZ,【般】アルクロメタゾンプロピオン酸エステル軟膏０．１％,アルクロメタゾンプロピオン酸エステル,０．１％１ｇ,,,,,,,
削除リスト,2646729M1ZZZ,【般】デプロドンプロピオン酸エステル軟膏０．３％,デプロドンプロピオン酸エステル,０．３％１ｇ,,,,,,,
削除リスト,2646729N1ZZZ,【般】デプロドンプロピオン酸エステルクリーム０．３％,デプロドンプロピオン酸エステル,０．３％１ｇ,,,,,,,
削除リスト,2646730M1ZZZ,【般】ベタメタゾン酪酸プロピオン酸エステル軟膏０．０５％,ベタメタゾン酪酸エステルプロピオン酸エステル,０．０５％１ｇ,,,,,,,
削除リスト,2646730N1ZZZ,【般】ベタメタゾン酪酸プロピオン酸エステルクリーム０．０５％,ベタメタゾン酪酸エステルプロピオン酸エステル,０．０５％１ｇ,,,,,,,
削除リスト,2646730Q1ZZZ,【般】ベタメタゾン酪酸プロピオン酸エステル外用液０．０５％,ベタメタゾン酪酸エステルプロピオン酸エステル,０．０５％１ｇ,,,,,,,
削除リスト,2646731M1ZZZ,【般】モメタゾンフランカルボン酸エステル軟膏０．１％,モメタゾンフランカルボン酸エステル,０．１％１ｇ,,,,,,,
削除リスト,2646731N1ZZZ,【般】モメタゾンフランカルボン酸エステルクリーム０．１％,モメタゾンフランカルボン酸エステル,０．１％１ｇ,,,,,,,
削除リスト,2646731Q1ZZZ,【般】モメタゾンフランカルボン酸エステル外用液０．１％,モメタゾンフランカルボン酸エステル,０．１％１ｇ,,,,,,,
削除リスト,2647707M1ZZZ,【般】フルオシノロンアセトニド・フラジオマイシン配合軟膏,フルオシノロンアセトニド・フラジオマイシン硫酸塩,１ｇ,,,,,,,
削除リスト,2647709M1ZZZ,【般】ベタメタゾン・ゲンタマイシン配合軟膏,ベタメタゾン吉草酸エステル・ゲンタマイシン硫酸塩,１ｇ,,,,,,,
削除リスト,2647709N1ZZZ,【般】ベタメタゾン・ゲンタマイシン配合クリーム,ベタメタゾン吉草酸エステル・ゲンタマイシン硫酸塩,１ｇ,,,,,,,
削除リスト,2647709Q1ZZZ,【般】ベタメタゾン・ゲンタマイシン配合外用液,ベタメタゾン吉草酸エステル・ゲンタマイシン硫酸塩,１ｍＬ,,,,,,,
削除リスト,2649716M1ZZZ,【般】ジメチルイソプロピルアズレン軟膏０．０３３％,ジメチルイソプロピルアズレン,０．０３３％１０ｇ,,,,,,,
削除リスト,2649719M1ZZZ,【般】インドメタシン軟膏１％,インドメタシン,１％１ｇ,,,,,,,
削除リスト,2649719N1ZZZ,【般】インドメタシンクリーム１％,インドメタシン,１％１ｇ,,,,,,,
削除リスト,2649719Q2ZZZ,【般】インドメタシン外用液１％,インドメタシン,１％１ｍＬ,,,,,,,
削除リスト,2649719S2ZZZ,【般】インドメタシンテープ３５ｍｇ（７×１０ｃｍ非温感）,インドメタシン,７ｃｍ×１０ｃｍ１枚,,,,,,,
削除リスト,2649726M1ZZZ,【般】ベンダザック軟膏３％,ベンダザック,３％１ｇ,,,,,,,
削除リスト,2649729S4ZZZ,【般】ケトプロフェンパップ６０ｍｇ（２０×１４ｃｍ非温感）,ケトプロフェン,２０ｃｍ×１４ｃｍ１枚,,,,,,,
削除リスト,2649731M1ZZZ,【般】フェルビナク軟膏３％,フェルビナク,３％１ｇ,,,,,,,
削除リスト,2649734S2ZZZ,【般】ジクロフェナクＮａテープ３０ｍｇ（１０×１４ｃｍ非温感）,ジクロフェナクナトリウム,１０ｃｍ×１４ｃｍ１枚,,,,,,,
削除リスト,2649734S4ZZZ,【般】ジクロフェナクＮａパップ１４０ｍｇ（１０×１４ｃｍ非温感）,ジクロフェナクナトリウム,１０ｃｍ×１４ｃｍ１枚,,,,,,,
削除リスト,2649735S1ZZZ,【般】ロキソプロフェンＮａパップ１００ｍｇ（１０×１４ｃｍ非温）,ロキソプロフェンナトリウム水和物,１０ｃｍ×１４ｃｍ１枚,,,,,,,
削除リスト,2649735SAZZZ,【般】ロキソプロフェンＮａテープ５０ｍｇ（７×１０ｃｍ非温感）,ロキソプロフェンナトリウム水和物,７ｃｍ×１０ｃｍ１枚,,,,,,,
削除リスト,2649735SBZZZ,【般】ロキソプロフェンＮａテープ１００ｍｇ（１０×１４ｃｍ非温）,ロキソプロフェンナトリウム水和物,１０ｃｍ×１４ｃｍ１枚,,,,,,,
削除リスト,2649735SCZZZ,【般】ロキソプロフェンＮａテープ５０ｍｇ（７×１０ｃｍ温感）,ロキソプロフェンナトリウム水和物,７ｃｍ×１０ｃｍ１枚,,,,,,,
削除リスト,2649735SDZZZ,【般】ロキソプロフェンＮａテープ１００ｍｇ（１０×１４ｃｍ温感）,ロキソプロフェンナトリウム水和物,１０ｃｍ×１４ｃｍ１枚,,,,,,,
削除リスト,2655702N1ZZZ,【般】ミコナゾール硝酸塩クリーム１％,ミコナゾール硝酸塩,１％１ｇ,,,,,,,
削除リスト,2655710M1ZZZ,【般】ラノコナゾール軟膏１％,ラノコナゾール,１％１ｇ,,,,,,,
削除リスト,2655710N1ZZZ,【般】ラノコナゾールクリーム１％,ラノコナゾール,１％１ｇ,,,,,,,
削除リスト,2655710Q1ZZZ,【般】ラノコナゾール外用液１％,ラノコナゾール,１％１ｍＬ,,,,,,,
削除リスト,2659708R1ZZZ,【般】ブテナフィン塩酸塩スプレー１％,ブテナフィン塩酸塩,１％１ｍＬ,,,,,,,
削除リスト,2669701M1ZZZ,【般】尿素軟膏１０％,尿素,１０％１ｇ,,,,,,,
削除リスト,2669701M2ZZZ,【般】尿素軟膏２０％,尿素,２０％１ｇ,,,,,,,
削除リスト,2691700M1ZZZ,【般】タカルシトール軟膏０．０００２％,タカルシトール水和物,０．０００２％１ｇ,,,,,,,
削除リスト,2691700N1ZZZ,【般】タカルシトールクリーム０．０００２％,タカルシトール水和物,０．０００２％１ｇ,,,,,,,
削除リスト,3133001C3ZZZ,【般】パンテチン細粒５０％,パンテチン,５０％１ｇ,,,,,,,
削除リスト,3136001M2ZZZ,【般】コバマミドカプセル０．５ｍｇ,コバマミド,０．５ｍｇ１カプセル,,,,,,,
削除リスト,3179109M1ZZZ,【般】ベンフォチアミン２５ｍｇ（Ｂ１）・Ｂ６・Ｂ１２配合カプセル,ベンフォチアミン・Ｂ６・Ｂ１２配合剤,１カプセル,,,,,,,
削除リスト,3222013D1ZZZ,【般】クエン酸第一鉄ナトリウム顆粒８．３％（鉄として）,クエン酸第一鉄ナトリウム,１ｇ,,,,,,,
削除リスト,3229005F1ZZZ,【般】Ｌ－アスパラギン酸Ｋ錠３００ｍｇ,Ｌ－アスパラギン酸カリウム,３００ｍｇ１錠,,,,,,,
削除リスト,3253003D1ZZZ,【般】イソロイシン・ロイシン・バリン配合顆粒４．７４ｇ,イソロイシン・ロイシン・バリン,４．７４ｇ１包,,,,,,,
削除リスト,3323001C1ZZZ,【般】トロンビン細粒１０，０００単位,トロンビン,１０，０００単位１ｇ１包,,,,,,,
削除リスト,3323001C3ZZZ,【般】トロンビン細粒５，０００単位,トロンビン,５，０００単位０．５ｇ１包,,,,,,,
削除リスト,3327002B1ZZZ,【般】トラネキサム酸散５０％,トラネキサム酸,５０％１ｇ,,,,,,,
削除リスト,3332001D1ZZZ,【般】ワルファリンＫ顆粒０．２％,ワルファリンカリウム,０．２％１ｇ,,,,,,,
削除リスト,3399001C1ZZZ,【般】チクロピジン塩酸塩細粒１０％,チクロピジン塩酸塩,１０％１ｇ,,,,,,,
削除リスト,3399101F1ZZZ,【般】クロピドグレル・アスピリン配合錠,クロピドグレル硫酸塩・アスピリン,１錠,,,,,,,
削除リスト,3943001F2ZZZ,【般】アロプリノール錠５０ｍｇ,アロプリノール,５０ｍｇ１錠,,,,,,,
削除リスト,3961008F1ZZZ,【般】グリメピリド錠１ｍｇ,グリメピリド,１ｍｇ１錠,,,,,,,
削除リスト,3961008F4ZZZ,【般】グリメピリド口腔内崩壊錠１ｍｇ,グリメピリド,１ｍｇ１錠,,,,,,,
削除リスト,3962002F2ZZZ,【般】メトホルミン塩酸塩錠２５０ｍｇ：ＭＴ,メトホルミン塩酸塩,２５０ｍｇ１錠,,,,,,,
削除リスト,3962002F3ZZZ,【般】メトホルミン塩酸塩錠５００ｍｇ：ＭＴ,メトホルミン塩酸塩,５００ｍｇ１錠,,,,,,,
削除リスト,3969006F1ZZZ,【般】ナテグリニド錠３０ｍｇ,ナテグリニド,３０ｍｇ１錠,,,,,,,
削除リスト,3992001F1ZZZ,【般】ＡＴＰ錠２０ｍｇ,アデノシン三リン酸二ナトリウム水和物,２０ｍｇ１錠,,,,,,,
削除リスト,3999001Q2ZZZ,【般】ラクツロースシロップ６５％,ラクツロース,６５％１ｍＬ,,,,,,,
削除リスト,3999002F1ZZZ,【般】ミゾリビン錠２５ｍｇ,ミゾリビン,２５ｍｇ１錠,,,,,,,
削除リスト,3999002F2ZZZ,【般】ミゾリビン錠５０ｍｇ,ミゾリビン,５０ｍｇ１錠,,,,,,,
削除リスト,3999002F3ZZZ,【般】ミゾリビン口腔内崩壊錠２５ｍｇ,ミゾリビン,２５ｍｇ１錠,,,,,,,
削除リスト,3999002F4ZZZ,【般】ミゾリビン口腔内崩壊錠５０ｍｇ,ミゾリビン,５０ｍｇ１錠,,,,,,,
削除リスト,3999017M1ZZZ,【般】ミコフェノール酸モフェチルカプセル２５０ｍｇ,ミコフェノール酸　モフェチル,２５０ｍｇ１カプセル,,,,,,,
削除リスト,4219003M1ZZZ,【般】エストラムスチンリン酸エステルＮａカプセル１５６．７ｍｇ,エストラムスチンリン酸エステルナトリウム水和物,１５６．７ｍｇ１カプセル,,,,,,,
削除リスト,4229101D1ZZZ,【般】テガフール２０ｍｇ・ギメラシル・オテラシル配合顆粒,テガフール・ギメラシル・オテラシルカリウム配合剤,２０ｍｇ１包（テガフール相当量）,,,,,,,
削除リスト,4229101D2ZZZ,【般】テガフール２５ｍｇ・ギメラシル・オテラシル配合顆粒,テガフール・ギメラシル・オテラシルカリウム配合剤,２５ｍｇ１包（テガフール相当量）,,,,,,,
削除リスト,4413004C2ZZZ,【般】メキタジン小児用細粒０．６％,メキタジン,０．６％１ｇ,,,,,,,
削除リスト,4419005Q1ZZZ,【般】シプロヘプタジン塩酸塩シロップ０．０４％,シプロヘプタジン塩酸塩水和物,０．０４％１０ｍＬ,,,,,,,
削除リスト,4419008F1ZZZ,【般】クレマスチン錠１ｍｇ,クレマスチンフマル酸塩,１ｍｇ１錠,,,,,,,
削除リスト,4420002F1ZZZ,【般】ブシラミン錠１００ｍｇ,ブシラミン,１００ｍｇ１錠,,,,,,,
削除リスト,4420002F2ZZZ,【般】ブシラミン錠５０ｍｇ,ブシラミン,５０ｍｇ１錠,,,,,,,
削除リスト,4490002C1ZZZ,【般】トラニラスト細粒１０％,トラニラスト,１０％１ｇ,,,,,,,
削除リスト,4490010N1ZZZ,【般】イブジラスト徐放カプセル１０ｍｇ,イブジラスト,１０ｍｇ１カプセル,,,,,,,
削除リスト,4490011R1ZZZ,【般】ペミロラストＫシロップ用０．５％,ペミロラストカリウム,０．５％１ｇ,,,,,,,
削除リスト,4490012F1ZZZ,【般】オザグレル塩酸塩錠１００ｍｇ,オザグレル塩酸塩水和物,１００ｍｇ１錠,,,,,,,
削除リスト,4490012F2ZZZ,【般】オザグレル塩酸塩錠２００ｍｇ,オザグレル塩酸塩水和物,２００ｍｇ１錠,,,,,,,
削除リスト,4490013M1ZZZ,【般】エメダスチンフマル酸塩カプセル１ｍｇ,エメダスチンフマル酸塩,１ｍｇ１カプセル,,,,,,,
削除リスト,4490013M2ZZZ,【般】エメダスチンフマル酸塩カプセル２ｍｇ,エメダスチンフマル酸塩,２ｍｇ１カプセル,,,,,,,
削除リスト,4490016M1ZZZ,【般】スプラタストトシル酸塩カプセル５０ｍｇ,スプラタストトシル酸塩,５０ｍｇ１カプセル,,,,,,,
削除リスト,4490016M2ZZZ,【般】スプラタストトシル酸塩カプセル１００ｍｇ,スプラタストトシル酸塩,１００ｍｇ１カプセル,,,,,,,
削除リスト,6113001B1ZZZ,【般】バンコマイシン塩酸塩散５００ｍｇ,バンコマイシン塩酸塩,５００ｍｇ１瓶,,,,,,,
削除リスト,6131001C1ZZZ,【般】アモキシシリン細粒１０％,アモキシシリン水和物,１００ｍｇ１ｇ,,,,,,,
削除リスト,6131001F2ZZZ,【般】アモキシシリン錠２５０ｍｇ,アモキシシリン水和物,２５０ｍｇ１錠,,,,,,,
削除リスト,6131001M1ZZZ,【般】アモキシシリンカプセル１２５ｍｇ,アモキシシリン水和物,１２５ｍｇ１カプセル,,,,,,,
削除リスト,6131001M2ZZZ,【般】アモキシシリンカプセル２５０ｍｇ,アモキシシリン水和物,２５０ｍｇ１カプセル,,,,,,,
削除リスト,6132002E2ZZZ,【般】セファレキシン複合顆粒５０％,セファレキシン,５００ｍｇ１ｇ,,,,,,,
削除リスト,6132002M2ZZZ,【般】セファレキシンカプセル２５０ｍｇ,セファレキシン,２５０ｍｇ１カプセル,,,,,,,
削除リスト,6132002R1ZZZ,【般】セファレキシンシロップ用１０％,セファレキシン,１００ｍｇ１ｇ,,,,,,,
削除リスト,6132002R2ZZZ,【般】セファレキシンシロップ用２０％,セファレキシン,２００ｍｇ１ｇ,,,,,,,
削除リスト,6132005C1ZZZ,【般】セファクロル細粒１０％,セファクロル,１００ｍｇ１ｇ,,,,,,,
削除リスト,6132005M1ZZZ,【般】セファクロルカプセル２５０ｍｇ,セファクロル,２５０ｍｇ１カプセル,,,,,,,
削除リスト,6132008C1ZZZ,【般】セフィキシム細粒５％,セフィキシム,５０ｍｇ１ｇ,,,,,,,
削除リスト,6132013F1ZZZ,【般】セフジニル錠５０ｍｇ,セフジニル,５０ｍｇ１錠,,,,,,,
削除リスト,6132013F2ZZZ,【般】セフジニル錠１００ｍｇ,セフジニル,１００ｍｇ１錠,,,,,,,
削除リスト,6132013M1ZZZ,【般】セフジニルカプセル５０ｍｇ,セフジニル,５０ｍｇ１カプセル,,,,,,,
削除リスト,6132013M2ZZZ,【般】セフジニルカプセル１００ｍｇ,セフジニル,１００ｍｇ１カプセル,,,,,,,
削除リスト,6132015C1ZZZ,【般】セフジトレンピボキシル細粒１０％,セフジトレン　ピボキシル,１００ｍｇ１ｇ,,,,,,,
削除リスト,6132015F1ZZZ,【般】セフジトレンピボキシル錠１００ｍｇ,セフジトレン　ピボキシル,１００ｍｇ１錠,,,,,,,
削除リスト,6132016C1ZZZ,【般】セフカペンピボキシル塩酸塩細粒１０％,セフカペン　ピボキシル塩酸塩水和物,１００ｍｇ１ｇ,,,,,,,
削除リスト,6132016F1ZZZ,【般】セフカペンピボキシル塩酸塩錠７５ｍｇ,セフカペン　ピボキシル塩酸塩水和物,７５ｍｇ１錠,,,,,,,
削除リスト,6132016F2ZZZ,【般】セフカペンピボキシル塩酸塩錠１００ｍｇ,セフカペン　ピボキシル塩酸塩水和物,１００ｍｇ１錠,,,,,,,
削除リスト,6135001F1ZZZ,【般】ホスホマイシンＣａ錠２５０ｍｇ,ホスホマイシンカルシウム水和物,２５０ｍｇ１錠,,,,,,,
削除リスト,6135001F2ZZZ,【般】ホスホマイシンＣａ錠５００ｍｇ,ホスホマイシンカルシウム水和物,５００ｍｇ１錠,,,,,,,
削除リスト,6135001R2ZZZ,【般】ホスホマイシンＣａシロップ用４０％,ホスホマイシンカルシウム水和物,４００ｍｇ１ｇ,,,,,,,
削除リスト,6141002F2ZZZ,【般】エリスロマイシン錠２００ｍｇ,エリスロマイシン,２００ｍｇ１錠,,,,,,,
削除リスト,6149003F2ZZZ,【般】クラリスロマイシン錠２００ｍｇ,クラリスロマイシン,２００ｍｇ１錠,,,,,,,
削除リスト,6149003R1ZZZ,【般】クラリスロマイシンシロップ用１０％,クラリスロマイシン,１００ｍｇ１ｇ,,,,,,,
削除リスト,6152005D1ZZZ,【般】ミノサイクリン塩酸塩顆粒２％,ミノサイクリン塩酸塩,２０ｍｇ１ｇ,,,,,,,
削除リスト,6152005F1ZZZ,【般】ミノサイクリン塩酸塩錠５０ｍｇ,ミノサイクリン塩酸塩,５０ｍｇ１錠,,,,,,,
削除リスト,6152005M1ZZZ,【般】ミノサイクリン塩酸塩カプセル５０ｍｇ,ミノサイクリン塩酸塩,５０ｍｇ１カプセル,,,,,,,
削除リスト,6164001M1ZZZ,【般】リファンピシンカプセル１５０ｍｇ,リファンピシン,１５０ｍｇ１カプセル,,,,,,,
削除リスト,6173001Q1ZZZ,【般】アムホテリシンＢシロップ１０％,アムホテリシンＢ,１００ｍｇ１ｍＬ,,,,,,,
削除リスト,6219001F1ZZZ,【般】サラゾスルファピリジン錠５００ｍｇ,サラゾスルファピリジン,５００ｍｇ１錠,,,,,,,
削除リスト,6241005F1ZZZ,【般】ノルフロキサシン錠１００ｍｇ,ノルフロキサシン,１００ｍｇ１錠,,,,,,,
削除リスト,6241005F2ZZZ,【般】ノルフロキサシン錠２００ｍｇ,ノルフロキサシン,２００ｍｇ１錠,,,,,,,
削除リスト,6241006F1ZZZ,【般】オフロキサシン錠１００ｍｇ,オフロキサシン,１００ｍｇ１錠,,,,,,,
削除リスト,6241008F1ZZZ,【般】シプロフロキサシン錠１００ｍｇ,シプロフロキサシン塩酸塩,１００ｍｇ１錠,,,,,,,
削除リスト,6241008F2ZZZ,【般】シプロフロキサシン錠２００ｍｇ,シプロフロキサシン塩酸塩,２００ｍｇ１錠,,,,,,,
削除リスト,6241018F1ZZZ,【般】シタフロキサシン錠５０ｍｇ,シタフロキサシン水和物,５０ｍｇ１錠,,,,,,,
削除リスト,6250002F1ZZZ,【般】アシクロビル錠２００ｍｇ,アシクロビル,２００ｍｇ１錠,,,,,,,
削除リスト,6250002F2ZZZ,【般】アシクロビル錠４００ｍｇ,アシクロビル,４００ｍｇ１錠,,,,,,,
削除リスト,6250022M1ZZZ,【般】リバビリンカプセル２００ｍｇ：ＲＥ,リバビリン,２００ｍｇ１カプセル,,,,,,,
削除リスト,6290002M1ZZZ,【般】フルコナゾールカプセル５０ｍｇ,フルコナゾール,５０ｍｇ１カプセル,,,,,,,
削除リスト,6290002M2ZZZ,【般】フルコナゾールカプセル１００ｍｇ,フルコナゾール,１００ｍｇ１カプセル,,,,,,,
削除リスト,6290100D1ZZZ,【般】スルファメトキサゾール・トリメトプリム配合顆粒,スルファメトキサゾール・トリメトプリム,１ｇ,,,,,,,
削除リスト,6290100F2ZZZ,【般】スルファメトキサゾール・トリメトプリム配合錠,スルファメトキサゾール・トリメトプリム,１錠,,,,,,,
削除リスト,6419002F1ZZZ,【般】メトロニダゾール錠２５０ｍｇ,メトロニダゾール,２５０ｍｇ１錠,,,,,,,
削除リスト,7290703T1ZZZ,【般】フルオレセインＮａ試験紙０．７ｍｇ,フルオレセイン,１枚,,,,,,,
削除リスト,8114004G1ZZZ,【般】モルヒネ硫酸塩徐放錠１０ｍｇ（１２時間持続）,モルヒネ硫酸塩水和物,１０ｍｇ１錠,,,,,,,
削除リスト,8114004G2ZZZ,【般】モルヒネ硫酸塩徐放錠３０ｍｇ（１２時間持続）,モルヒネ硫酸塩水和物,３０ｍｇ１錠,,,,,,,
削除リスト,8114004G3ZZZ,【般】モルヒネ硫酸塩徐放錠６０ｍｇ（１２時間持続）,モルヒネ硫酸塩水和物,６０ｍｇ１錠,,,,,,,
削除リスト,8119002G5ZZZ,【般】オキシコドン徐放錠５ｍｇ（乱用防止製剤）,オキシコドン塩酸塩水和物,５ｍｇ１錠,,,,,,,
削除リスト,8119002G6ZZZ,【般】オキシコドン徐放錠１０ｍｇ（乱用防止製剤）,オキシコドン塩酸塩水和物,１０ｍｇ１錠,,,,,,,
削除リスト,8119002G7ZZZ,【般】オキシコドン徐放錠２０ｍｇ（乱用防止製剤）,オキシコドン塩酸塩水和物,２０ｍｇ１錠,,,,,,,
削除リスト,8119002G8ZZZ,【般】オキシコドン徐放錠４０ｍｇ（乱用防止製剤）,オキシコドン塩酸塩水和物,４０ｍｇ１錠,,,,,,,
削除リスト,8119002N1ZZZ,【般】オキシコドン徐放カプセル５ｍｇ,オキシコドン塩酸塩水和物,５ｍｇ１カプセル,,,,,,,
削除リスト,8119002N2ZZZ,【般】オキシコドン徐放カプセル１０ｍｇ,オキシコドン塩酸塩水和物,１０ｍｇ１カプセル,,,,,,,
削除リスト,8119002N3ZZZ,【般】オキシコドン徐放カプセル２０ｍｇ,オキシコドン塩酸塩水和物,２０ｍｇ１カプセル,,,,,,,
削除リスト,8119002N4ZZZ,【般】オキシコドン徐放カプセル４０ｍｇ,オキシコドン塩酸塩水和物,４０ｍｇ１カプセル,,,,,,,
削除リスト,8219700S5ZZZ,【般】フェンタニルテープ２．１ｍｇ（３日用）,フェンタニル,２．１ｍｇ１枚,,,,,,,
削除リスト,8219700S6ZZZ,【般】フェンタニルテープ４．２ｍｇ（３日用）,フェンタニル,４．２ｍｇ１枚,,,,,,,
削除リスト,8219700S7ZZZ,【般】フェンタニルテープ８．４ｍｇ（３日用）,フェンタニル,８．４ｍｇ１枚,,,,,,,
削除リスト,8219700S8ZZZ,【般】フェンタニルテープ１２．６ｍｇ（３日用）,フェンタニル,１２．６ｍｇ１枚,,,,,,,
削除リスト,8219700S9ZZZ,【般】フェンタニルテープ１６．８ｍｇ（３日用）,フェンタニル,１６．８ｍｇ１枚,,,,,,,
削除リスト,8219700T6ZZZ,【般】フェンタニルテープ１．３８ｍｇ（３日用）,フェンタニル,１．３８ｍｇ１枚,,,,,,,
削除リスト,8219700T7ZZZ,【般】フェンタニルテープ２．７５ｍｇ（３日用）,フェンタニル,２．７５ｍｇ１枚,,,,,,,
削除リスト,8219700T8ZZZ,【般】フェンタニルテープ５．５ｍｇ（３日用）,フェンタニル,５．５ｍｇ１枚,,,,,,,
削除リスト,8219700T9ZZZ,【般】フェンタニルテープ８．２５ｍｇ（３日用）,フェンタニル,８．２５ｍｇ１枚,,,,,,,
削除リスト,8219700U1ZZZ,【般】フェンタニルテープ１１ｍｇ（３日用）,フェンタニル,１１ｍｇ１枚,,,,,,,
