区分,一般名コード,一般名処方の標準的な記載,成分名,規格,一般名処方加算対象,例外コード,同一剤形・規格内の最低薬価,備考,薬価基準収載医薬品コード_例外コード,品名_例外コード,備考_例外コード
内用薬,1124001F1ZZZ,【般】エスタゾラム錠１ｍｇ,エスタゾラム,１ｍｇ１錠,"加算1,2",,6.1,,,,
内用薬,1124001F2ZZZ,【般】エスタゾラム錠２ｍｇ,エスタゾラム,２ｍｇ１錠,"加算1,2",,10,,,,
内用薬,1124003B1ZZZ,【般】ニトラゼパム散１％,ニトラゼパム,１％１ｇ,"加算1,2",,6.3,,,,
内用薬,1124003C1ZZZ,【般】ニトラゼパム細粒１％,ニトラゼパム,１％１ｇ,"加算1,2",,6.3,,,,
内用薬,1124003F2ZZZ,【般】ニトラゼパム錠５ｍｇ,ニトラゼパム,５ｍｇ１錠,"加算1,2",,5.5,,,,
内用薬,1124003F3ZZZ,【般】ニトラゼパム錠１０ｍｇ,ニトラゼパム,１０ｍｇ１錠,"加算1,2",,5.7,,,,
内用薬,1124007F1ZZZ,【般】トリアゾラム錠０．１２５ｍｇ,トリアゾラム,０．１２５ｍｇ１錠,"加算1,2",,5.7,,,,
内用薬,1124007F2ZZZ,【般】トリアゾラム錠０．２５ｍｇ,トリアゾラム,０．２５ｍｇ１錠,"加算1,2",,5.9,,,,
内用薬,1124008F1ZZZ,【般】フルニトラゼパム錠１ｍｇ,フルニトラゼパム,１ｍｇ１錠,"加算1,2",,5.7,,,,
内用薬,1124008F2ZZZ,【般】フルニトラゼパム錠２ｍｇ,フルニトラゼパム,２ｍｇ１錠,"加算1,2",,5.9,,,,
内用薬,1124009F1ZZZ,【般】ブロチゾラム錠０．２５ｍｇ,ブロチゾラム,０．２５ｍｇ１錠,"加算1,2",,10.1,,,,
内用薬,1124009F2ZZZ,【般】ブロチゾラム口腔内崩壊錠０．２５ｍｇ,ブロチゾラム,０．２５ｍｇ１錠,"加算1,2",,10.1,,,,
内用薬,1124009F3ZZZ,【般】ブロチゾラム錠０．１２５ｍｇ,ブロチゾラム,０．１２５ｍｇ１錠,加算1,,5.7,,,,
内用薬,1124017B1ZZZ,【般】ジアゼパム散１％,ジアゼパム,１％１ｇ,"加算1,2",,6.3,,,,
内用薬,1124017F2ZZZ,【般】ジアゼパム錠２ｍｇ,ジアゼパム,２ｍｇ１錠,"加算1,2",,5.7,,,,
内用薬,1124017F4ZZZ,【般】ジアゼパム錠５ｍｇ,ジアゼパム,５ｍｇ１錠,"加算1,2",,5.8,,,,
内用薬,1124017F5ZZZ,【般】ジアゼパム錠１０ｍｇ,ジアゼパム,１０ｍｇ１錠,"加算1,2",,5.7,,,,
内用薬,1124020C1ZZZ,【般】ブロマゼパム細粒１％,ブロマゼパム,１％１ｇ,"加算1,2",,21,,,,
内用薬,1124020F2ZZZ,【般】ブロマゼパム錠２ｍｇ,ブロマゼパム,２ｍｇ１錠,"加算1,2",,5.7,,,,
内用薬,1124020F3ZZZ,【般】ブロマゼパム錠３ｍｇ,ブロマゼパム,３ｍｇ１錠,加算1,,5.9,,,,
内用薬,1124020F4ZZZ,【般】ブロマゼパム錠５ｍｇ,ブロマゼパム,５ｍｇ１錠,"加算1,2",,6.3,,,,
内用薬,1124022F1ZZZ,【般】ロラゼパム錠０．５ｍｇ,ロラゼパム,０．５ｍｇ１錠,"加算1,2",,5.1,,,,
内用薬,1124022F2ZZZ,【般】ロラゼパム錠１ｍｇ,ロラゼパム,１ｍｇ１錠,"加算1,2",,5.7,,,,
内用薬,1124023F1ZZZ,【般】アルプラゾラム錠０．４ｍｇ,アルプラゾラム,０．４ｍｇ１錠,"加算1,2",,5.7,,,,
内用薬,1124023F2ZZZ,【般】アルプラゾラム錠０．８ｍｇ,アルプラゾラム,０．８ｍｇ１錠,"加算1,2",,6.3,,,,
内用薬,1124026C1ZZZ,【般】トフィソパム細粒１０％,トフィソパム,１０％１ｇ,"加算1,2",,7,,,,
内用薬,1124026F1ZZZ,【般】トフィソパム錠５０ｍｇ,トフィソパム,５０ｍｇ１錠,"加算1,2",,5.9,,,,
内用薬,1124029F1ZZZ,【般】ロフラゼプ酸エチル錠１ｍｇ,ロフラゼプ酸エチル,１ｍｇ１錠,"加算1,2",,6.4,,,,
内用薬,1124029F2ZZZ,【般】ロフラゼプ酸エチル錠２ｍｇ,ロフラゼプ酸エチル,２ｍｇ１錠,"加算1,2",,10.1,,,,
内用薬,1124030F1ZZZ,【般】クアゼパム錠１５ｍｇ,クアゼパム,１５ｍｇ１錠,"加算1,2",,32.4,,,,
内用薬,1124030F2ZZZ,【般】クアゼパム錠２０ｍｇ,クアゼパム,２０ｍｇ１錠,"加算1,2",,40.2,,,,
内用薬,1129006F1ZZZ,【般】リルマザホン塩酸塩錠１ｍｇ,リルマザホン塩酸塩水和物,１ｍｇ１錠,"加算1,2",,9.3,,,,
内用薬,1129006F2ZZZ,【般】リルマザホン塩酸塩錠２ｍｇ,リルマザホン塩酸塩水和物,２ｍｇ１錠,"加算1,2",,14.8,,,,
内用薬,1129007F1ZZZ,【般】ゾピクロン錠７．５ｍｇ,ゾピクロン,７．５ｍｇ１錠,"加算1,2",,7,,,,
内用薬,1129007F2ZZZ,【般】ゾピクロン錠１０ｍｇ,ゾピクロン,１０ｍｇ１錠,"加算1,2",,7.8,,,,
内用薬,1129008F1ZZZ,【般】タンドスピロンクエン酸塩錠５ｍｇ,タンドスピロンクエン酸塩,５ｍｇ１錠,"加算1,2",,8.4,,,,
内用薬,1129008F2ZZZ,【般】タンドスピロンクエン酸塩錠１０ｍｇ,タンドスピロンクエン酸塩,１０ｍｇ１錠,"加算1,2",,14.2,,,,
内用薬,1129008F3ZZZ,【般】タンドスピロンクエン酸塩錠２０ｍｇ,タンドスピロンクエン酸塩,２０ｍｇ１錠,"加算1,2",,27.1,,,,
内用薬,1129009F1ZZZ,【般】ゾルピデム酒石酸塩錠５ｍｇ,ゾルピデム酒石酸塩,５ｍｇ１錠,"加算1,2",,10.1,,,,
内用薬,1129009F2ZZZ,【般】ゾルピデム酒石酸塩錠１０ｍｇ,ゾルピデム酒石酸塩,１０ｍｇ１錠,"加算1,2",,15.1,,,,
内用薬,1129009F3ZZZ,【般】ゾルピデム酒石酸塩口腔内崩壊錠５ｍｇ,ゾルピデム酒石酸塩,５ｍｇ１錠,加算1,,10.1,,,,
内用薬,1129009F4ZZZ,【般】ゾルピデム酒石酸塩口腔内崩壊錠１０ｍｇ,ゾルピデム酒石酸塩,１０ｍｇ１錠,加算1,,15.1,,,,
内用薬,1129009S1ZZZ,【般】ゾルピデム酒石酸塩経口液５ｍｇ,ゾルピデム酒石酸塩,５ｍｇ１ｍＬ１包,加算1,,63,,,,
内用薬,1129009S2ZZZ,【般】ゾルピデム酒石酸塩経口液１０ｍｇ,ゾルピデム酒石酸塩,１０ｍｇ２ｍＬ１包,加算1,,96.4,,,,
内用薬,1139002C1ZZZ,【般】カルバマゼピン細粒５０％,カルバマゼピン,５０％１ｇ,"加算1,2",,14.7,,,,
内用薬,1139002F1ZZZ,【般】カルバマゼピン錠２００ｍｇ,カルバマゼピン,２００ｍｇ１錠,"加算1,2",,6.5,,,,
内用薬,1139002F2ZZZ,【般】カルバマゼピン錠１００ｍｇ,カルバマゼピン,１００ｍｇ１錠,"加算1,2",,5.7,,,,
内用薬,1139004C1ZZZ,【般】バルプロ酸Ｎａ細粒２０％,バルプロ酸ナトリウム,２０％１ｇ,"加算1,2",,11.2,,,,
内用薬,1139004C2ZZZ,【般】バルプロ酸Ｎａ細粒４０％,バルプロ酸ナトリウム,４０％１ｇ,"加算1,2",,16.2,,,,
内用薬,1139004D1ZZZ,【般】バルプロ酸Ｎａ徐放顆粒４０％,バルプロ酸ナトリウム,４０％１ｇ,"加算1,2",,23.4,,,,
内用薬,1139004F1ZZZ,【般】バルプロ酸Ｎａ錠１００ｍｇ,バルプロ酸ナトリウム,１００ｍｇ１錠,"加算1,2",,9.3,,,,
内用薬,1139004F2ZZZ,【般】バルプロ酸Ｎａ錠２００ｍｇ,バルプロ酸ナトリウム,２００ｍｇ１錠,"加算1,2",,6.2,,,,
内用薬,1139004G1ZZZ,【般】バルプロ酸Ｎａ徐放錠１００ｍｇ,バルプロ酸ナトリウム,１００ｍｇ１錠,"加算1,2",,6.9,先発品はデパケンＲ錠１００ｍｇ,,,
内用薬,1139004G2ZZZ,【般】バルプロ酸Ｎａ徐放錠２００ｍｇ,バルプロ酸ナトリウム,２００ｍｇ１錠,"加算1,2",,10.4,先発品はデパケンＲ錠２００ｍｇ／セレニカＲ錠２００ｍｇ／一部先発品は用法が異なる,,,
内用薬,1139004Q1ZZZ,【般】バルプロ酸Ｎａシロップ５％,バルプロ酸ナトリウム,５％１ｍＬ,"加算1,2",,6.8,,,,
内用薬,1139005B1ZZZ,【般】ゾニサミド散２０％,ゾニサミド,２０％１ｇ,"加算1,2",,32.2,,,,
内用薬,1139005F1ZZZ,【般】ゾニサミド錠１００ｍｇ,ゾニサミド,１００ｍｇ１錠,"加算1,2",,15.8,,,,
内用薬,1139008F1ZZZ,【般】トピラマート錠５０ｍｇ,トピラマート,５０ｍｇ１錠,"加算1,2",,31,,,,
内用薬,1139008F2ZZZ,【般】トピラマート錠１００ｍｇ,トピラマート,１００ｍｇ１錠,"加算1,2",,49,,,,
内用薬,1139008F3ZZZ,【般】トピラマート錠２５ｍｇ,トピラマート,２５ｍｇ１錠,"加算1,2",,19,,,,
内用薬,1139009F1ZZZ,【般】ラモトリギン錠２ｍｇ,ラモトリギン,２ｍｇ１錠,"加算1,2",,5.9,,,,
内用薬,1139009F2ZZZ,【般】ラモトリギン錠５ｍｇ,ラモトリギン,５ｍｇ１錠,"加算1,2",,9.5,,,,
内用薬,1139009F3ZZZ,【般】ラモトリギン錠２５ｍｇ,ラモトリギン,２５ｍｇ１錠,"加算1,2",,26.3,,,,
内用薬,1139009F4ZZZ,【般】ラモトリギン錠１００ｍｇ,ラモトリギン,１００ｍｇ１錠,"加算1,2",,70.3,,,,
内用薬,1141007C1ZZZ,【般】アセトアミノフェン細粒２０％,アセトアミノフェン,２０％１ｇ,加算1,,7.7,,,,
内用薬,1141007C2ZZZ,【般】アセトアミノフェン細粒５０％,アセトアミノフェン,５０％１ｇ,加算1,,9.2,,,,
内用薬,1141007F1ZZZ,【般】アセトアミノフェン錠２００ｍｇ,アセトアミノフェン,２００ｍｇ１錠,加算1,,6.9,,,,
内用薬,1141007F2ZZZ,【般】アセトアミノフェン錠３００ｍｇ,アセトアミノフェン,３００ｍｇ１錠,加算1,,7.7,,,,
内用薬,1141007F3ZZZ,【般】アセトアミノフェン錠５００ｍｇ,アセトアミノフェン,５００ｍｇ１錠,加算1,,9,,,,
内用薬,1141007Q1ZZZ,【般】アセトアミノフェンシロップ２％,アセトアミノフェン,２％１ｍＬ,加算1,,4.7,,,,
内用薬,1141007R1ZZZ,【般】アセトアミノフェンシロップ用２０％,アセトアミノフェン,２０％１ｇ,加算1,,8.7,,,,
内用薬,1141007R2ZZZ,【般】アセトアミノフェンシロップ用４０％,アセトアミノフェン,４０％１ｇ,加算1,,10.2,,,,
内用薬,1143010F2ZZZ,【般】アスピリン３３０ｍｇ・ダイアルミネート配合錠,アスピリン・ダイアルミネート,３３０ｍｇ１錠,"加算1,2",,5.7,準先発品はバファリン配合錠Ａ３３０,,,
内用薬,1145002N1ZZZ,【般】インドメタシン徐放カプセル２５ｍｇ,インドメタシン,２５ｍｇ１カプセル,加算1,,7.3,該当する後発品の経過措置期限が令和2年3月31日であることから、同年4月1日以降は一般名処方マスタから削除される予定,,,
内用薬,1145002N2ZZZ,【般】インドメタシン徐放カプセル３７．５ｍｇ,インドメタシン,３７．５ｍｇ１カプセル,加算1,,10.3,該当する後発品の経過措置期限が令和2年3月31日であることから、同年4月1日以降は一般名処方マスタから削除される予定,,,
内用薬,1147002F1ZZZ,【般】ジクロフェナクＮａ錠２５ｍｇ,ジクロフェナクナトリウム,２５ｍｇ１錠,"加算1,2",,5.7,,,,
内用薬,1147002N1ZZZ,【般】ジクロフェナクＮａ徐放カプセル３７．５ｍｇ,ジクロフェナクナトリウム,３７．５ｍｇ１カプセル,"加算1,2",,6.3,,,,
内用薬,1149001D1ZZZ,【般】イブプロフェン顆粒２０％,イブプロフェン,２０％１ｇ,"加算1,2",,6.3,,,,
内用薬,1149001F1ZZZ,【般】イブプロフェン錠１００ｍｇ,イブプロフェン,１００ｍｇ１錠,"加算1,2",,5.1,,,,
内用薬,1149001F2ZZZ,【般】イブプロフェン錠２００ｍｇ,イブプロフェン,２００ｍｇ１錠,"加算1,2",,5.9,,,,
内用薬,1149010F1ZZZ,【般】プラノプロフェン錠７５ｍｇ,プラノプロフェン,７５ｍｇ１錠,"加算1,2",,7.4,,,,
内用薬,1149010M1ZZZ,【般】プラノプロフェンカプセル７５ｍｇ,プラノプロフェン,７５ｍｇ１カプセル,加算1,,7.4,,,,
内用薬,1149010Q1ZZZ,【般】プラノプロフェン経口液１．５％,プラノプロフェン,１．５％１ｍＬ,加算1,,6.7,,,,
内用薬,1149017M1ZZZ,【般】ピロキシカムカプセル１０ｍｇ,ピロキシカム,１０ｍｇ１カプセル,"加算1,2",,5.7,,,,
内用薬,1149017M2ZZZ,【般】ピロキシカムカプセル２０ｍｇ,ピロキシカム,２０ｍｇ１カプセル,"加算1,2",,5.7,,,,
内用薬,1149019C1ZZZ,【般】ロキソプロフェンＮａ細粒１０％,ロキソプロフェンナトリウム水和物,１０％１ｇ,"加算1,2",,11.3,,,,
内用薬,1149019F1ZZZ,【般】ロキソプロフェンＮａ錠６０ｍｇ,ロキソプロフェンナトリウム水和物,６０ｍｇ１錠,"加算1,2",,5.7,,,,
内用薬,1149019S1ZZZ,【般】ロキソプロフェンＮａ経口液０．６％,ロキソプロフェンナトリウム水和物,０．６％１ｍＬ,加算1,,2.1,,,,
内用薬,1149029F1ZZZ,【般】ザルトプロフェン錠８０ｍｇ,ザルトプロフェン,８０ｍｇ１錠,"加算1,2",,10.1,,,,
内用薬,1149030M1ZZZ,【般】アンピロキシカムカプセル１３．５ｍｇ,アンピロキシカム,１３．５ｍｇ１カプセル,"加算1,2",,16.2,,,,
内用薬,1149030M2ZZZ,【般】アンピロキシカムカプセル２７ｍｇ,アンピロキシカム,２７ｍｇ１カプセル,"加算1,2",,22.7,,,,
内用薬,1149031F1ZZZ,【般】アクタリット錠１００ｍｇ,アクタリット,１００ｍｇ１錠,"加算1,2",,25.1,,,,
内用薬,1149032F1ZZZ,【般】エトドラク錠１００ｍｇ,エトドラク,１００ｍｇ１錠,"加算1,2",,7,,,,
内用薬,1149032F2ZZZ,【般】エトドラク錠２００ｍｇ,エトドラク,２００ｍｇ１錠,"加算1,2",,9.7,,,,
内用薬,1149035F1ZZZ,【般】メロキシカム錠５ｍｇ,メロキシカム,５ｍｇ１錠,"加算1,2",,12.7,,,,
内用薬,1149035F2ZZZ,【般】メロキシカム錠１０ｍｇ,メロキシカム,１０ｍｇ１錠,"加算1,2",,17.8,,,,
内用薬,1149036F1ZZZ,【般】ロルノキシカム錠２ｍｇ,ロルノキシカム,２ｍｇ１錠,"加算1,2",,6.9,,,,
内用薬,1149036F2ZZZ,【般】ロルノキシカム錠４ｍｇ,ロルノキシカム,４ｍｇ１錠,"加算1,2",,9.5,,,,
内用薬,1149117F1ZZZ,【般】トラマドール・アセトアミノフェン配合錠,トラマドール塩酸塩・アセトアミノフェン,１錠,"加算1,2",,21.6,先発品はトラムセット配合錠,,,
内用薬,1161001C1ZZZ,【般】アマンタジン塩酸塩細粒１０％,アマンタジン塩酸塩,１０％１ｇ,"加算1,2",,7.1,,,,
内用薬,1161001F1ZZZ,【般】アマンタジン塩酸塩錠５０ｍｇ,アマンタジン塩酸塩,５０ｍｇ１錠,"加算1,2",,5.9,,,,
内用薬,1161001F2ZZZ,【般】アマンタジン塩酸塩錠１００ｍｇ,アマンタジン塩酸塩,１００ｍｇ１錠,"加算1,2",,6.1,,,,
内用薬,1162001B1ZZZ,【般】ビペリデン塩酸塩散１％,ビペリデン塩酸塩,１％１ｇ,加算1,,16.1,,,,
内用薬,1162001C1ZZZ,【般】ビペリデン塩酸塩細粒１％,ビペリデン塩酸塩,１％１ｇ,"加算1,2",,16.1,,,,
内用薬,1162001F1ZZZ,【般】ビペリデン塩酸塩錠１ｍｇ,ビペリデン塩酸塩,１ｍｇ１錠,加算1,,5.7,,,,
内用薬,1162001F2ZZZ,【般】ビペリデン塩酸塩錠２ｍｇ,ビペリデン塩酸塩,２ｍｇ１錠,加算1,,5.7,,,,
内用薬,1169002B1ZZZ,【般】トリヘキシフェニジル塩酸塩散１％,トリヘキシフェニジル塩酸塩,１％１ｇ,"加算1,2",,6.3,,,,
内用薬,1169005F1ZZZ,【般】ブロモクリプチンメシル酸塩錠２．５ｍｇ,ブロモクリプチンメシル酸塩,２．５ｍｇ１錠,"加算1,2",,16.1,,,,
内用薬,1169006C1ZZZ,【般】ドロキシドパ細粒２０％,ドロキシドパ,２０％１ｇ,"加算1,2",,68.5,,,,
内用薬,1169006F1ZZZ,【般】ドロキシドパ口腔内崩壊錠１００ｍｇ,ドロキシドパ,１００ｍｇ１錠,"加算1,2",,38.8,,,,
内用薬,1169006F2ZZZ,【般】ドロキシドパ口腔内崩壊錠２００ｍｇ,ドロキシドパ,２００ｍｇ１錠,"加算1,2",,73.1,,,,
内用薬,1169006M1ZZZ,【般】ドロキシドパカプセル１００ｍｇ,ドロキシドパ,１００ｍｇ１カプセル,加算1,,38.8,,,,
内用薬,1169006M2ZZZ,【般】ドロキシドパカプセル２００ｍｇ,ドロキシドパ,２００ｍｇ１カプセル,加算1,,73.1,,,,
内用薬,1169008D1ZZZ,【般】ペルゴリドメシル酸塩顆粒０．０２５％,ペルゴリドメシル酸塩,０．０２５％１ｇ,加算1,,98.3,,,,
内用薬,1169008F1ZZZ,【般】ペルゴリドメシル酸塩錠５０μｇ,ペルゴリドメシル酸塩,５０μｇ１錠,"加算1,2",,18.6,,,,
内用薬,1169008F2ZZZ,【般】ペルゴリドメシル酸塩錠２５０μｇ,ペルゴリドメシル酸塩,２５０μｇ１錠,"加算1,2",,73.5,,,,
内用薬,1169010F1ZZZ,【般】セレギリン塩酸塩錠２．５ｍｇ,セレギリン塩酸塩,２．５ｍｇ１錠,加算1,,169.1,,,,
内用薬,1169010F2ZZZ,【般】セレギリン塩酸塩口腔内崩壊錠２．５ｍｇ,セレギリン塩酸塩,２．５ｍｇ１錠,"加算1,2",,169.1,,,,
内用薬,1169011F1ZZZ,【般】カベルゴリン錠０．２５ｍｇ,カベルゴリン,０．２５ｍｇ１錠,"加算1,2",,37.6,,,,
内用薬,1169011F2ZZZ,【般】カベルゴリン錠１ｍｇ,カベルゴリン,１ｍｇ１錠,"加算1,2",,121.3,,,,
内用薬,1169012F1ZZZ,【般】プラミペキソール塩酸塩錠０．１２５ｍｇ,プラミペキソール塩酸塩水和物,０．１２５ｍｇ１錠,"加算1,2",,14.9,先発品はビ・シフロール錠０．１２５ｍｇ,,,
内用薬,1169012F2ZZZ,【般】プラミペキソール塩酸塩錠０．５ｍｇ,プラミペキソール塩酸塩水和物,０．５ｍｇ１錠,"加算1,2",,52.1,先発品はビ・シフロール錠０．５ｍｇ,,,
内用薬,1169012F3ZZZ,【般】プラミペキソール塩酸塩口腔内崩壊錠０．１２５ｍｇ,プラミペキソール塩酸塩水和物,０．１２５ｍｇ１錠,加算1,,14.9,,,,
内用薬,1169012F4ZZZ,【般】プラミペキソール塩酸塩口腔内崩壊錠０．５ｍｇ,プラミペキソール塩酸塩水和物,０．５ｍｇ１錠,加算1,,52.1,,,,
内用薬,1169012G1ZZZ,【般】プラミペキソール塩酸塩徐放錠０．３７５ｍｇ,プラミペキソール塩酸塩水和物,０．３７５ｍｇ１錠,"加算1,2",,35.8,先発品はミラペックスＬＡ錠０．３７５ｍｇ,,,
内用薬,1169012G2ZZZ,【般】プラミペキソール塩酸塩徐放錠１．５ｍｇ,プラミペキソール塩酸塩水和物,１．５ｍｇ１錠,"加算1,2",,123.4,先発品はミラペックスＬＡ錠１．５ｍｇ,,,
内用薬,1169013F1ZZZ,【般】ロピニロール錠０．２５ｍｇ,ロピニロール塩酸塩,０．２５ｍｇ１錠,"加算1,2",,15.8,,,,
内用薬,1169013F2ZZZ,【般】ロピニロール錠１ｍｇ,ロピニロール塩酸塩,１ｍｇ１錠,"加算1,2",,54.7,,,,
内用薬,1169013F3ZZZ,【般】ロピニロール錠２ｍｇ,ロピニロール塩酸塩,２ｍｇ１錠,"加算1,2",,95.8,,,,
内用薬,1169013F4ZZZ,【般】ロピニロール口腔内崩壊錠０．２５ｍｇ,ロピニロール塩酸塩,０．２５ｍｇ１錠,加算1,,15.8,,,,
内用薬,1169013F5ZZZ,【般】ロピニロール口腔内崩壊錠１ｍｇ,ロピニロール塩酸塩,１ｍｇ１錠,加算1,,54.7,,,,
内用薬,1169013F6ZZZ,【般】ロピニロール口腔内崩壊錠２ｍｇ,ロピニロール塩酸塩,２ｍｇ１錠,加算1,,95.8,,,,
内用薬,1169013G1ZZZ,【般】ロピニロール徐放錠２ｍｇ,ロピニロール塩酸塩,２ｍｇ１錠,"加算1,2",,91.2,,,,
内用薬,1169013G2ZZZ,【般】ロピニロール徐放錠８ｍｇ,ロピニロール塩酸塩,８ｍｇ１錠,"加算1,2",,314.5,,,,
内用薬,1169014F1ZZZ,【般】エンタカポン錠１００ｍｇ,エンタカポン,１００ｍｇ１錠,"加算1,2",,57.8,,,,
内用薬,1169101F1ZZZ,【般】レボドパ１００ｍｇ・カルビドパ配合錠,レボドパ・カルビドパ水和物,１錠,"加算1,2",,10.4,先発品はネオドパストン配合錠Ｌ１００／メネシット配合錠１００,,,
内用薬,1169101F2ZZZ,【般】レボドパ２５０ｍｇ・カルビドパ配合錠,レボドパ・カルビドパ水和物,１錠,"加算1,2",,25.1,先発品はネオドパストン配合錠Ｌ２５０／メネシット配合錠２５０,,,
内用薬,1169101F3ZZZ,【般】レボドパ５０ｍｇ・カルビドパ配合錠,レボドパ・カルビドパ水和物,１錠,加算1,,5.9,,,,
内用薬,1172014F2ZZZ,【般】レボメプロマジンマレイン酸塩錠２５ｍｇ,レボメプロマジンマレイン酸塩,２５ｍｇ１錠,加算1,,5.7,,,,
内用薬,1179008F1ZZZ,【般】マプロチリン塩酸塩錠１０ｍｇ,マプロチリン塩酸塩,１０ｍｇ１錠,"加算1,2",,5.9,,,,
内用薬,1179008F2ZZZ,【般】マプロチリン塩酸塩錠２５ｍｇ,マプロチリン塩酸塩,２５ｍｇ１錠,"加算1,2",,12.3,,,,
内用薬,1179008F3ZZZ,【般】マプロチリン塩酸塩錠５０ｍｇ,マプロチリン塩酸塩,５０ｍｇ１錠,加算1,,25.3,,,,
内用薬,1179012F1ZZZ,【般】クロチアゼパム錠５ｍｇ,クロチアゼパム,５ｍｇ１錠,"加算1,2",,5.7,,,,
内用薬,1179012F2ZZZ,【般】クロチアゼパム錠１０ｍｇ,クロチアゼパム,１０ｍｇ１錠,"加算1,2",,8.3,,,,
内用薬,1179016F1ZZZ,【般】スルピリド錠１００ｍｇ,スルピリド,１００ｍｇ１錠,"加算1,2",,6.4,,,,
内用薬,1179016F2ZZZ,【般】スルピリド錠２００ｍｇ,スルピリド,２００ｍｇ１錠,"加算1,2",,8,,,,
内用薬,1179017F1ZZZ,【般】炭酸リチウム錠１００ｍｇ,炭酸リチウム,１００ｍｇ１錠,"加算1,2",,5.9,,,,
内用薬,1179017F2ZZZ,【般】炭酸リチウム錠２００ｍｇ,炭酸リチウム,２００ｍｇ１錠,"加算1,2",,7.2,,,,
内用薬,1179019F1ZZZ,【般】ヒドロキシジンパモ酸塩錠２５ｍｇ,ヒドロキシジンパモ酸塩,２５ｍｇ１錠,加算1,,5.7,,,,
内用薬,1179019M1ZZZ,【般】ヒドロキシジンパモ酸塩カプセル２５ｍｇ,ヒドロキシジンパモ酸塩,２５ｍｇ１カプセル,"加算1,2",,5.7,,,,
内用薬,1179020C1ZZZ,【般】ハロペリドール細粒１％,ハロペリドール,１％１ｇ,"加算1,2",,7.5,,,,
内用薬,1179020F1ZZZ,【般】ハロペリドール錠０．７５ｍｇ,ハロペリドール,０．７５ｍｇ１錠,"加算1,2",,6,,,,
内用薬,1179020F2ZZZ,【般】ハロペリドール錠１ｍｇ,ハロペリドール,１ｍｇ１錠,"加算1,2",,6.1,,,,
内用薬,1179020F3ZZZ,【般】ハロペリドール錠１．５ｍｇ,ハロペリドール,１．５ｍｇ１錠,"加算1,2",,6.1,,,,
内用薬,1179020F4ZZZ,【般】ハロペリドール錠２ｍｇ,ハロペリドール,２ｍｇ１錠,加算1,,6.2,,,,
内用薬,1179020F5ZZZ,【般】ハロペリドール錠３ｍｇ,ハロペリドール,３ｍｇ１錠,"加算1,2",,6.4,,,,
内用薬,1179023F1ZZZ,【般】ペモリン錠１０ｍｇ,ペモリン,１０ｍｇ１錠,加算1,,11,,,,
内用薬,1179023F2ZZZ,【般】ペモリン錠２５ｍｇ,ペモリン,２５ｍｇ１錠,加算1,,25.1,,,,
内用薬,1179023F3ZZZ,【般】ペモリン錠５０ｍｇ,ペモリン,５０ｍｇ１錠,加算1,,48.6,,,,
内用薬,1179024C1ZZZ,【般】ゾテピン細粒１０％,ゾテピン,１０％１ｇ,"加算1,2",,22.4,,,,
内用薬,1179024C2ZZZ,【般】ゾテピン細粒５０％,ゾテピン,５０％１ｇ,"加算1,2",,91.4,,,,
内用薬,1179024F1ZZZ,【般】ゾテピン錠２５ｍｇ,ゾテピン,２５ｍｇ１錠,"加算1,2",,5.9,,,,
内用薬,1179024F2ZZZ,【般】ゾテピン錠５０ｍｇ,ゾテピン,５０ｍｇ１錠,"加算1,2",,10.5,,,,
内用薬,1179024F3ZZZ,【般】ゾテピン錠１００ｍｇ,ゾテピン,１００ｍｇ１錠,"加算1,2",,19,,,,
内用薬,1179025C1ZZZ,【般】エチゾラム細粒１％,エチゾラム,１％１ｇ,"加算1,2",,23.3,,,,
内用薬,1179025F1ZZZ,【般】エチゾラム錠０．５ｍｇ,エチゾラム,０．５ｍｇ１錠,"加算1,2",,6.4,,,,
内用薬,1179025F2ZZZ,【般】エチゾラム錠１ｍｇ,エチゾラム,１ｍｇ１錠,"加算1,2",,6.5,,,,
内用薬,1179025F3ZZZ,【般】エチゾラム錠０．２５ｍｇ,エチゾラム,０．２５ｍｇ１錠,"加算1,2",,5.9,,,,
内用薬,1179026C1ZZZ,【般】チミペロン細粒１％,チミペロン,１％１ｇ,"加算1,2",,44.4,,,,
内用薬,1179026F1ZZZ,【般】チミペロン錠０．５ｍｇ,チミペロン,０．５ｍｇ１錠,"加算1,2",,5.9,,,,
内用薬,1179026F2ZZZ,【般】チミペロン錠１ｍｇ,チミペロン,１ｍｇ１錠,"加算1,2",,6,,,,
内用薬,1179026F3ZZZ,【般】チミペロン錠３ｍｇ,チミペロン,３ｍｇ１錠,"加算1,2",,16.6,,,,
内用薬,1179028C1ZZZ,【般】ブロムペリドール細粒１％,ブロムペリドール,１％１ｇ,"加算1,2",,32.2,該当する先発品の経過措置期限が令和2年3月31日であることから、同年4月1日以降は一般名処方加算対象が１のみとなる予定,,,
内用薬,1179028F1ZZZ,【般】ブロムペリドール錠１ｍｇ,ブロムペリドール,１ｍｇ１錠,"加算1,2",,5.7,該当する先発品の経過措置期限が令和2年3月31日であることから、同年4月1日以降は一般名処方加算対象が１のみとなる予定,,,
内用薬,1179028F2ZZZ,【般】ブロムペリドール錠３ｍｇ,ブロムペリドール,３ｍｇ１錠,"加算1,2",,9.1,該当する先発品の経過措置期限が令和2年3月31日であることから、同年4月1日以降は一般名処方加算対象が１のみとなる予定,,,
内用薬,1179028F3ZZZ,【般】ブロムペリドール錠６ｍｇ,ブロムペリドール,６ｍｇ１錠,"加算1,2",,17.1,該当する先発品の経過措置期限が令和2年3月31日であることから、同年4月1日以降は一般名処方加算対象が１のみとなる予定,,,
内用薬,1179032C1ZZZ,【般】スルトプリド塩酸塩細粒５０％,スルトプリド塩酸塩,５０％１ｇ,"加算1,2",,28.2,,,,
内用薬,1179032F1ZZZ,【般】スルトプリド塩酸塩錠５０ｍｇ,スルトプリド塩酸塩,５０ｍｇ１錠,"加算1,2",,5.7,,,,
内用薬,1179032F2ZZZ,【般】スルトプリド塩酸塩錠１００ｍｇ,スルトプリド塩酸塩,１００ｍｇ１錠,"加算1,2",,7.4,,,,
内用薬,1179032F3ZZZ,【般】スルトプリド塩酸塩錠２００ｍｇ,スルトプリド塩酸塩,２００ｍｇ１錠,"加算1,2",,11.6,,,,
内用薬,1179034F1ZZZ,【般】セチプチリンマレイン酸塩錠１ｍｇ,セチプチリンマレイン酸塩,１ｍｇ１錠,"加算1,2",,5.9,,,,
内用薬,1179037F1ZZZ,【般】トラゾドン塩酸塩錠２５ｍｇ,トラゾドン塩酸塩,２５ｍｇ１錠,"加算1,2",,6.5,,,,
内用薬,1179037F2ZZZ,【般】トラゾドン塩酸塩錠５０ｍｇ,トラゾドン塩酸塩,５０ｍｇ１錠,"加算1,2",,11,,,,
内用薬,1179038C1ZZZ,【般】リスペリドン細粒１％,リスペリドン,１％１ｇ,"加算1,2",,61.5,,,,
内用薬,1179038F1ZZZ,【般】リスペリドン錠１ｍｇ,リスペリドン,１ｍｇ１錠,"加算1,2",,10.1,,,,
内用薬,1179038F2ZZZ,【般】リスペリドン錠２ｍｇ,リスペリドン,２ｍｇ１錠,"加算1,2",,12.2,,,,
内用薬,1179038F3ZZZ,【般】リスペリドン錠３ｍｇ,リスペリドン,３ｍｇ１錠,"加算1,2",,11.2,,,,
内用薬,1179038F4ZZZ,【般】リスペリドン錠０．５ｍｇ,リスペリドン,０．５ｍｇ１錠,加算1,,10.1,,,,
内用薬,1179038F5ZZZ,【般】リスペリドン口腔内崩壊錠１ｍｇ,リスペリドン,１ｍｇ１錠,"加算1,2",,10.1,,,,
内用薬,1179038F6ZZZ,【般】リスペリドン口腔内崩壊錠２ｍｇ,リスペリドン,２ｍｇ１錠,"加算1,2",,12.2,,,,
内用薬,1179038F7ZZZ,【般】リスペリドン口腔内崩壊錠０．５ｍｇ,リスペリドン,０．５ｍｇ１錠,"加算1,2",,10.1,,,,
内用薬,1179038F8ZZZ,【般】リスペリドン口腔内崩壊錠３ｍｇ,リスペリドン,３ｍｇ１錠,加算1,,11.2,,,,
内用薬,1179038S1ZZZ,【般】リスペリドン経口液０．１％,リスペリドン,０．１％１ｍＬ,"加算1,2",,30.1,,,,
内用薬,1179038S2ZZZ,【般】リスペリドン経口液０．１％０．５ｍＬ,リスペリドン,０．１％０．５ｍＬ１包,加算1,,20.5,,,,
内用薬,1179038S3ZZZ,【般】リスペリドン経口液０．１％１ｍＬ,リスペリドン,０．１％１ｍＬ１包,加算1,,45.6,,,,
内用薬,1179038S4ZZZ,【般】リスペリドン経口液０．１％２ｍＬ,リスペリドン,０．１％２ｍＬ１包,加算1,,56.1,,,,
内用薬,1179038S5ZZZ,【般】リスペリドン経口液０．１％３ｍＬ,リスペリドン,０．１％３ｍＬ１包,加算1,,79.8,,,,
内用薬,1179039F1ZZZ,【般】フルボキサミンマレイン酸塩錠２５ｍｇ,フルボキサミンマレイン酸塩,２５ｍｇ１錠,"加算1,2",,12.2,,,,
内用薬,1179039F2ZZZ,【般】フルボキサミンマレイン酸塩錠５０ｍｇ,フルボキサミンマレイン酸塩,５０ｍｇ１錠,"加算1,2",,21.1,,,,
内用薬,1179039F3ZZZ,【般】フルボキサミンマレイン酸塩錠７５ｍｇ,フルボキサミンマレイン酸塩,７５ｍｇ１錠,"加算1,2",,29.2,,,,
内用薬,1179040F1ZZZ,【般】ミルナシプラン塩酸塩錠１５ｍｇ,ミルナシプラン塩酸塩,１５ｍｇ１錠,"加算1,2",,10.7,,,,
内用薬,1179040F2ZZZ,【般】ミルナシプラン塩酸塩錠２５ｍｇ,ミルナシプラン塩酸塩,２５ｍｇ１錠,"加算1,2",,12,,,,
内用薬,1179040F3ZZZ,【般】ミルナシプラン塩酸塩錠１２．５ｍｇ,ミルナシプラン塩酸塩,１２．５ｍｇ１錠,"加算1,2",,9.9,,,,
内用薬,1179040F4ZZZ,【般】ミルナシプラン塩酸塩錠５０ｍｇ,ミルナシプラン塩酸塩,５０ｍｇ１錠,"加算1,2",,24.4,,,,
内用薬,1179041F1ZZZ,【般】パロキセチン錠１０ｍｇ,パロキセチン塩酸塩水和物,１０ｍｇ１錠,"加算1,2",,22.4,,,,
内用薬,1179041F2ZZZ,【般】パロキセチン錠２０ｍｇ,パロキセチン塩酸塩水和物,２０ｍｇ１錠,"加算1,2",,37.1,,,,
内用薬,1179041F3ZZZ,【般】パロキセチン錠５ｍｇ,パロキセチン塩酸塩水和物,５ｍｇ１錠,"加算1,2",,10.8,,,,
内用薬,1179041F4ZZZ,【般】パロキセチン口腔内崩壊錠１０ｍｇ,パロキセチン塩酸塩水和物,１０ｍｇ１錠,加算1,,22.4,,,,
内用薬,1179041F5ZZZ,【般】パロキセチン口腔内崩壊錠２０ｍｇ,パロキセチン塩酸塩水和物,２０ｍｇ１錠,加算1,,37.1,,,,
内用薬,1179041F6ZZZ,【般】パロキセチン口腔内崩壊錠５ｍｇ,パロキセチン塩酸塩水和物,５ｍｇ１錠,加算1,,10.8,,,,
内用薬,1179042C1ZZZ,【般】クエチアピン細粒５０％,クエチアピンフマル酸塩,５０％１ｇ,"加算1,2",,189.7,,,,
内用薬,1179042C2ZZZ,【般】クエチアピン細粒１０％,クエチアピンフマル酸塩,１０％１ｇ,加算1,,50.1,,,,
内用薬,1179042F1ZZZ,【般】クエチアピン錠２５ｍｇ,クエチアピンフマル酸塩,２５ｍｇ１錠,"加算1,2",,10.1,,,,
内用薬,1179042F2ZZZ,【般】クエチアピン錠１００ｍｇ,クエチアピンフマル酸塩,１００ｍｇ１錠,"加算1,2",,30.5,,,,
内用薬,1179042F3ZZZ,【般】クエチアピン錠２００ｍｇ,クエチアピンフマル酸塩,２００ｍｇ１錠,"加算1,2",,51.1,,,,
内用薬,1179042F4ZZZ,【般】クエチアピン錠１２．５ｍｇ,クエチアピンフマル酸塩,１２．５ｍｇ１錠,加算1,,10.1,,,,
内用薬,1179042F5ZZZ,【般】クエチアピン錠５０ｍｇ,クエチアピンフマル酸塩,５０ｍｇ１錠,加算1,,20.1,,,,
内用薬,1179043F1ZZZ,【般】ペロスピロン塩酸塩錠４ｍｇ,ペロスピロン塩酸塩水和物,４ｍｇ１錠,"加算1,2",,8.5,,,,
内用薬,1179043F2ZZZ,【般】ペロスピロン塩酸塩錠８ｍｇ,ペロスピロン塩酸塩水和物,８ｍｇ１錠,"加算1,2",,15.9,,,,
内用薬,1179043F3ZZZ,【般】ペロスピロン塩酸塩錠１６ｍｇ,ペロスピロン塩酸塩水和物,１６ｍｇ１錠,"加算1,2",,28.2,,,,
内用薬,1179044C1ZZZ,【般】オランザピン細粒１％,オランザピン,１％１ｇ,"加算1,2",,72,,,,
内用薬,1179044F1ZZZ,【般】オランザピン錠２．５ｍｇ,オランザピン,２．５ｍｇ１錠,"加算1,2",,19.3,,,,
内用薬,1179044F2ZZZ,【般】オランザピン錠５ｍｇ,オランザピン,５ｍｇ１錠,"加算1,2",,35.4,,,,
内用薬,1179044F3ZZZ,【般】オランザピン錠１０ｍｇ,オランザピン,１０ｍｇ１錠,"加算1,2",,68.5,,,,
内用薬,1179044F4ZZZ,【般】オランザピン口腔内崩壊錠５ｍｇ,オランザピン,５ｍｇ１錠,"加算1,2",,35.4,,,,
内用薬,1179044F5ZZZ,【般】オランザピン口腔内崩壊錠１０ｍｇ,オランザピン,１０ｍｇ１錠,"加算1,2",,68.5,,,,
内用薬,1179044F6ZZZ,【般】オランザピン口腔内崩壊錠２．５ｍｇ,オランザピン,２．５ｍｇ１錠,"加算1,2",,19.3,,,,
内用薬,1179044F7ZZZ,【般】オランザピン錠１．２５ｍｇ,オランザピン,１．２５ｍｇ１錠,加算1,,11,,,,
内用薬,1179044F8ZZZ,【般】オランザピン錠２０ｍｇ,オランザピン,２０ｍｇ１錠,加算1,,91.2,,,,
内用薬,1179044F9ZZZ,【般】オランザピン口腔内崩壊錠１．２５ｍｇ,オランザピン,１．２５ｍｇ１錠,加算1,,11,,,,
内用薬,1179045B1ZZZ,【般】アリピプラゾール散１％,アリピプラゾール,１％１ｇ,"加算1,2",,33.5,,,,
内用薬,1179045C1ZZZ,【般】アリピプラゾール細粒１％,アリピプラゾール,１％１ｇ,加算1,,33.5,,,,
内用薬,1179045F1ZZZ,【般】アリピプラゾール錠３ｍｇ,アリピプラゾール,３ｍｇ１錠,"加算1,2",,13.1,,,,
内用薬,1179045F2ZZZ,【般】アリピプラゾール錠６ｍｇ,アリピプラゾール,６ｍｇ１錠,"加算1,2",,24.1,,,,
内用薬,1179045F3ZZZ,【般】アリピプラゾール錠１２ｍｇ,アリピプラゾール,１２ｍｇ１錠,"加算1,2",,44.5,,,,
内用薬,1179045F4ZZZ,【般】アリピプラゾール口腔内崩壊錠３ｍｇ,アリピプラゾール,３ｍｇ１錠,"加算1,2",,13.1,,,,
内用薬,1179045F5ZZZ,【般】アリピプラゾール口腔内崩壊錠６ｍｇ,アリピプラゾール,６ｍｇ１錠,"加算1,2",,24.1,,,,
内用薬,1179045F6ZZZ,【般】アリピプラゾール口腔内崩壊錠１２ｍｇ,アリピプラゾール,１２ｍｇ１錠,"加算1,2",,44.5,,,,
内用薬,1179045F7ZZZ,【般】アリピプラゾール口腔内崩壊錠２４ｍｇ,アリピプラゾール,２４ｍｇ１錠,"加算1,2",,89,,,,
内用薬,1179045F9ZZZ,【般】アリピプラゾール錠２４ｍｇ,アリピプラゾール,２４ｍｇ１錠,加算1,,89,,,,
内用薬,1179045S2ZZZ,【般】アリピプラゾール経口液０．１％３ｍＬ,アリピプラゾール,０．１％３ｍＬ１包,加算1,,61.5,,,,
内用薬,1179045S3ZZZ,【般】アリピプラゾール経口液０．１％６ｍＬ,アリピプラゾール,０．１％６ｍＬ１包,加算1,,115.7,,,,
内用薬,1179045S4ZZZ,【般】アリピプラゾール経口液０．１％１２ｍＬ,アリピプラゾール,０．１％１２ｍＬ１包,加算1,,238.5,,,,
内用薬,1179046F1ZZZ,【般】セルトラリン錠２５ｍｇ,セルトラリン塩酸塩,２５ｍｇ１錠,"加算1,2",,18.9,,,,
内用薬,1179046F2ZZZ,【般】セルトラリン錠５０ｍｇ,セルトラリン塩酸塩,５０ｍｇ１錠,"加算1,2",,31.6,,,,
内用薬,1179046F3ZZZ,【般】セルトラリン錠１００ｍｇ,セルトラリン塩酸塩,１００ｍｇ１錠,"加算1,2",,48.5,,,,
内用薬,1179046F4ZZZ,【般】セルトラリン口腔内崩壊錠２５ｍｇ,セルトラリン塩酸塩,２５ｍｇ１錠,"加算1,2",,18.9,,,,
内用薬,1179046F5ZZZ,【般】セルトラリン口腔内崩壊錠５０ｍｇ,セルトラリン塩酸塩,５０ｍｇ１錠,"加算1,2",,31.6,,,,
内用薬,1179046F6ZZZ,【般】セルトラリン口腔内崩壊錠１００ｍｇ,セルトラリン塩酸塩,１００ｍｇ１錠,"加算1,2",,48.5,,,,
内用薬,1179048B1ZZZ,【般】ブロナンセリン散２％,ブロナンセリン,２％１ｇ,"加算1,2",,249,,,,
内用薬,1179048F1ZZZ,【般】ブロナンセリン錠２ｍｇ,ブロナンセリン,２ｍｇ１錠,"加算1,2",,25.8,,,,
内用薬,1179048F2ZZZ,【般】ブロナンセリン錠４ｍｇ,ブロナンセリン,４ｍｇ１錠,"加算1,2",,48.1,,,,
内用薬,1179048F3ZZZ,【般】ブロナンセリン錠８ｍｇ,ブロナンセリン,８ｍｇ１錠,"加算1,2",,89.9,,,,
内用薬,1179050F1ZZZ,【般】アトモキセチン錠５ｍｇ,アトモキセチン塩酸塩,５ｍｇ１錠,加算1,,94.2,,,,
内用薬,1179050F2ZZZ,【般】アトモキセチン錠１０ｍｇ,アトモキセチン塩酸塩,１０ｍｇ１錠,加算1,,112.3,,,,
内用薬,1179050F3ZZZ,【般】アトモキセチン錠２５ｍｇ,アトモキセチン塩酸塩,２５ｍｇ１錠,加算1,,141.6,,,,
内用薬,1179050F4ZZZ,【般】アトモキセチン錠４０ｍｇ,アトモキセチン塩酸塩,４０ｍｇ１錠,加算1,,159.5,,,,
内用薬,1179050M1ZZZ,【般】アトモキセチンカプセル５ｍｇ,アトモキセチン塩酸塩,５ｍｇ１カプセル,"加算1,2",,94.2,,,,
内用薬,1179050M2ZZZ,【般】アトモキセチンカプセル１０ｍｇ,アトモキセチン塩酸塩,１０ｍｇ１カプセル,"加算1,2",,112.3,,,,
内用薬,1179050M3ZZZ,【般】アトモキセチンカプセル２５ｍｇ,アトモキセチン塩酸塩,２５ｍｇ１カプセル,"加算1,2",,141.6,,,,
内用薬,1179050M4ZZZ,【般】アトモキセチンカプセル４０ｍｇ,アトモキセチン塩酸塩,４０ｍｇ１カプセル,"加算1,2",,159.5,,,,
内用薬,1179050S1ZZZ,【般】アトモキセチン経口液０．４％,アトモキセチン塩酸塩,０．４％１ｍＬ,"加算1,2",,70.7,,,,
内用薬,1179051F1ZZZ,【般】ミルタザピン錠１５ｍｇ,ミルタザピン,１５ｍｇ１錠,"加算1,2",,43.7,先発品はリフレックス錠１５ｍｇ／レメロン錠１５ｍｇ,,,
内用薬,1179051F2ZZZ,【般】ミルタザピン錠３０ｍｇ,ミルタザピン,３０ｍｇ１錠,"加算1,2",,72.3,先発品はリフレックス錠３０ｍｇ／レメロン錠３０ｍｇ,,,
内用薬,1179051F3ZZZ,【般】ミルタザピン口腔内崩壊錠１５ｍｇ,ミルタザピン,１５ｍｇ１錠,加算1,,43.7,,,,
内用薬,1179051F4ZZZ,【般】ミルタザピン口腔内崩壊錠３０ｍｇ,ミルタザピン,３０ｍｇ１錠,加算1,,72.3,,,,
内用薬,1180107D1ZZZ,【般】プロメタジン１．３５％等配合非ピリン系感冒剤,非ピリン系感冒剤,１ｇ,"加算1,2",,6.3,準先発品はＰＬ配合顆粒,,,
内用薬,1180109F1ZZZ,【般】プロメタジン６．７５ｍｇ等配合非ピリン系感冒剤,非ピリン系感冒剤,１錠,加算1,,4.7,,,,
内用薬,1190004C1ZZZ,【般】チアプリド塩酸塩細粒１０％,チアプリド塩酸塩,１０％１ｇ,"加算1,2",,14.3,,,,
内用薬,1190004F1ZZZ,【般】チアプリド塩酸塩錠２５ｍｇ,チアプリド塩酸塩,２５ｍｇ１錠,"加算1,2",,7.9,,,,
内用薬,1190004F2ZZZ,【般】チアプリド塩酸塩錠５０ｍｇ,チアプリド塩酸塩,５０ｍｇ１錠,"加算1,2",,10.1,,,,
内用薬,1190010F1ZZZ,【般】テルグリド錠０．５ｍｇ,テルグリド,０．５ｍｇ１錠,"加算1,2",,79.7,,,,
内用薬,1190011F1ZZZ,【般】リルゾール錠５０ｍｇ,リルゾール,５０ｍｇ１錠,"加算1,2",,678.8,,,,
内用薬,1190012C1ZZZ,【般】ドネペジル塩酸塩細粒０．５％,ドネペジル塩酸塩,０．５％１ｇ,"加算1,2",,86,,,,
内用薬,1190012F1ZZZ,【般】ドネペジル塩酸塩錠３ｍｇ,ドネペジル塩酸塩,３ｍｇ１錠,"加算1,2",,38.1,,,,
内用薬,1190012F2ZZZ,【般】ドネペジル塩酸塩錠５ｍｇ,ドネペジル塩酸塩,５ｍｇ１錠,"加算1,2",,55.3,,,,
内用薬,1190012F3ZZZ,【般】ドネペジル塩酸塩口腔内崩壊錠３ｍｇ,ドネペジル塩酸塩,３ｍｇ１錠,"加算1,2",,38.1,,,,
内用薬,1190012F4ZZZ,【般】ドネペジル塩酸塩口腔内崩壊錠５ｍｇ,ドネペジル塩酸塩,５ｍｇ１錠,"加算1,2",,55.3,,,,
内用薬,1190012F5ZZZ,【般】ドネペジル塩酸塩錠１０ｍｇ,ドネペジル塩酸塩,１０ｍｇ１錠,"加算1,2",,101.9,,,,
内用薬,1190012F6ZZZ,【般】ドネペジル塩酸塩口腔内崩壊錠１０ｍｇ,ドネペジル塩酸塩,１０ｍｇ１錠,"加算1,2",,101.9,,,,
内用薬,1190012Q1ZZZ,【般】ドネペジル塩酸塩経口ゼリー３ｍｇ,ドネペジル塩酸塩,３ｍｇ１個,"加算1,2",,58.1,,,,
内用薬,1190012Q2ZZZ,【般】ドネペジル塩酸塩経口ゼリー５ｍｇ,ドネペジル塩酸塩,５ｍｇ１個,"加算1,2",,171,,,,
内用薬,1190012Q3ZZZ,【般】ドネペジル塩酸塩経口ゼリー１０ｍｇ,ドネペジル塩酸塩,１０ｍｇ１個,"加算1,2",,187.4,,,,
内用薬,1190012S1ZZZ,【般】ドネペジル塩酸塩経口液３ｍｇ１．５ｍＬ,ドネペジル塩酸塩,３ｍｇ１．５ｍＬ１包,加算1,,58.1,,,,
内用薬,1190012S2ZZZ,【般】ドネペジル塩酸塩経口液５ｍｇ２．５ｍＬ,ドネペジル塩酸塩,５ｍｇ２．５ｍＬ１包,加算1,,171,,,,
内用薬,1190012S3ZZZ,【般】ドネペジル塩酸塩経口液１０ｍｇ５ｍＬ,ドネペジル塩酸塩,１０ｍｇ５ｍＬ１包,加算1,,187.4,,,,
内用薬,1190014F1ZZZ,【般】タルチレリン錠５ｍｇ,タルチレリン水和物,５ｍｇ１錠,"加算1,2",,429.2,,,,
内用薬,1190014F2ZZZ,【般】タルチレリン口腔内崩壊錠５ｍｇ,タルチレリン水和物,５ｍｇ１錠,"加算1,2",,429.2,,,,
内用薬,1190015F1ZZZ,【般】ナルフラフィン塩酸塩口腔内崩壊錠２．５μｇ,ナルフラフィン塩酸塩,２．５μｇ１錠,"加算1,2",,326,,,,
内用薬,1190015M1ZZZ,【般】ナルフラフィン塩酸塩カプセル２．５μｇ,ナルフラフィン塩酸塩,２．５μｇ１カプセル,"加算1,2",,326,,,,
内用薬,1219003D1ZZZ,【般】ピペリジノアセチルアミノ安息香酸エチル顆粒２０％,ピペリジノアセチルアミノ安息香酸エチル,２０％１ｇ,加算1,,6.3,,,,
内用薬,1219003F1ZZZ,【般】ピペリジノアセチルアミノ安息香酸エチル錠１００ｍｇ,ピペリジノアセチルアミノ安息香酸エチル,１００ｍｇ１錠,加算1,,5.7,,,,
内用薬,1225001F1ZZZ,【般】クロルフェネシンカルバミン酸エステル錠１２５ｍｇ,クロルフェネシンカルバミン酸エステル,１２５ｍｇ１錠,"加算1,2",,6.3,,,,
内用薬,1225001F2ZZZ,【般】クロルフェネシンカルバミン酸エステル錠２５０ｍｇ,クロルフェネシンカルバミン酸エステル,２５０ｍｇ１錠,"加算1,2",,6.3,,,,
内用薬,1231009F1ZZZ,【般】メペンゾラート臭化物錠７．５ｍｇ,メペンゾラート臭化物,７．５ｍｇ１錠,加算1,,5.7,,,,
内用薬,1231013D1ZZZ,【般】チキジウム臭化物顆粒２％,チキジウム臭化物,２％１ｇ,加算1,,10.3,,,,
内用薬,1231013M1ZZZ,【般】チキジウム臭化物カプセル５ｍｇ,チキジウム臭化物,５ｍｇ１カプセル,"加算1,2",,5.9,,,,
内用薬,1231013M2ZZZ,【般】チキジウム臭化物カプセル１０ｍｇ,チキジウム臭化物,１０ｍｇ１カプセル,"加算1,2",,5.9,,,,
内用薬,1242002F1ZZZ,【般】ブチルスコポラミン臭化物錠１０ｍｇ,ブチルスコポラミン臭化物,１０ｍｇ１錠,"加算1,2",,5.5,,,,
内用薬,1249004F1ZZZ,【般】ピペリドレート塩酸塩錠５０ｍｇ,ピペリドレート塩酸塩,５０ｍｇ１錠,"加算1,2",,6.2,,,,
内用薬,1249005F1ZZZ,【般】チメピジウム臭化物錠３０ｍｇ,チメピジウム臭化物水和物,３０ｍｇ１錠,加算1,,5.7,,,,
内用薬,1249005M1ZZZ,【般】チメピジウム臭化物カプセル３０ｍｇ,チメピジウム臭化物水和物,３０ｍｇ１カプセル,"加算1,2",,5.7,,,,
内用薬,1249008F1ZZZ,【般】アフロクアロン錠２０ｍｇ,アフロクアロン,２０ｍｇ１錠,"加算1,2",,7,,,,
内用薬,1249009F1ZZZ,【般】エペリゾン塩酸塩錠５０ｍｇ,エペリゾン塩酸塩,５０ｍｇ１錠,"加算1,2",,5.9,,,,
内用薬,1249010D1ZZZ,【般】チザニジン顆粒０．２％,チザニジン塩酸塩,０．２％１ｇ,"加算1,2",,11.4,,,,
内用薬,1249010F1ZZZ,【般】チザニジン錠１ｍｇ,チザニジン塩酸塩,１ｍｇ１錠,"加算1,2",,5.9,,,,
内用薬,1339002F1ZZZ,【般】ジフェニドール塩酸塩錠２５ｍｇ,ジフェニドール塩酸塩,２５ｍｇ１錠,"加算1,2",,5.7,,,,
内用薬,1339005F1ZZZ,【般】ベタヒスチンメシル酸塩錠６ｍｇ,ベタヒスチンメシル酸塩,６ｍｇ１錠,"加算1,2",,6.1,,,,
内用薬,1339005F2ZZZ,【般】ベタヒスチンメシル酸塩錠１２ｍｇ,ベタヒスチンメシル酸塩,１２ｍｇ１錠,"加算1,2",,6.4,,,,
内用薬,2113005F1ZZZ,【般】メチルジゴキシン錠０．１ｍｇ,メチルジゴキシン,０．１ｍｇ１錠,"加算1,2",,5.9,,,,
内用薬,2119003D1ZZZ,【般】ユビデカレノン顆粒１％,ユビデカレノン,１％１ｇ,"加算1,2",,6.4,,,,
内用薬,2119003F1ZZZ,【般】ユビデカレノン錠５ｍｇ,ユビデカレノン,５ｍｇ１錠,"加算1,2",,5.9,,,,
内用薬,2119003F2ZZZ,【般】ユビデカレノン錠１０ｍｇ,ユビデカレノン,１０ｍｇ１錠,"加算1,2",,5.9,,,,
内用薬,2119003M1ZZZ,【般】ユビデカレノンカプセル５ｍｇ,ユビデカレノン,５ｍｇ１カプセル,加算1,,5.9,,,,
内用薬,2119003M2ZZZ,【般】ユビデカレノンカプセル１０ｍｇ,ユビデカレノン,１０ｍｇ１カプセル,加算1,,5.9,,,,
内用薬,2119004F1ZZZ,【般】デノパミン錠５ｍｇ,デノパミン,５ｍｇ１錠,"加算1,2",,13.6,,,,
内用薬,2119004F2ZZZ,【般】デノパミン錠１０ｍｇ,デノパミン,１０ｍｇ１錠,"加算1,2",,22.8,,,,
内用薬,2119006F1ZZZ,【般】ピモベンダン錠１．２５ｍｇ,ピモベンダン,１．２５ｍｇ１錠,加算1,,54.7,,,,
内用薬,2119006F2ZZZ,【般】ピモベンダン錠２．５ｍｇ,ピモベンダン,２．５ｍｇ１錠,加算1,,98.4,,,,
内用薬,2119006F3ZZZ,【般】ピモベンダン錠０．６２５ｍｇ,ピモベンダン,０．６２５ｍｇ１錠,加算1,,32.2,,,,
内用薬,2119006M1ZZZ,【般】ピモベンダンカプセル１．２５ｍｇ,ピモベンダン,１．２５ｍｇ１カプセル,"加算1,2",,54.7,,,,
内用薬,2119006M2ZZZ,【般】ピモベンダンカプセル２．５ｍｇ,ピモベンダン,２．５ｍｇ１カプセル,"加算1,2",,98.4,,,,
内用薬,2123005F1ZZZ,【般】カルテオロール塩酸塩錠５ｍｇ,カルテオロール塩酸塩,５ｍｇ１錠,"加算1,2",,5.9,,,,
内用薬,2123008F1ZZZ,【般】プロプラノロール塩酸塩錠１０ｍｇ,プロプラノロール塩酸塩,１０ｍｇ１錠,"加算1,2",,6.4,,,,
内用薬,2123009F3ZZZ,【般】ピンドロール錠５ｍｇ,ピンドロール,５ｍｇ１錠,"加算1,2",,5.7,,,,
内用薬,2123011F1ZZZ,【般】アテノロール錠２５ｍｇ,アテノロール,２５ｍｇ１錠,"加算1,2",,5.9,,,,
内用薬,2123011F2ZZZ,【般】アテノロール錠５０ｍｇ,アテノロール,５０ｍｇ１錠,"加算1,2",,5.9,,,,
内用薬,2123014F1ZZZ,【般】アロチノロール塩酸塩錠５ｍｇ,アロチノロール塩酸塩,５ｍｇ１錠,"加算1,2",,6.3,,,,
内用薬,2123014F2ZZZ,【般】アロチノロール塩酸塩錠１０ｍｇ,アロチノロール塩酸塩,１０ｍｇ１錠,"加算1,2",,9.5,,,,
内用薬,2123016F1ZZZ,【般】ビソプロロールフマル酸塩錠２．５ｍｇ,ビソプロロールフマル酸塩,２．５ｍｇ１錠,"加算1,2",,10.2,,,,
内用薬,2123016F2ZZZ,【般】ビソプロロールフマル酸塩錠５ｍｇ,ビソプロロールフマル酸塩,５ｍｇ１錠,"加算1,2",,12.6,,,,
内用薬,2123016F3ZZZ,【般】ビソプロロールフマル酸塩錠０．６２５ｍｇ,ビソプロロールフマル酸塩,０．６２５ｍｇ１錠,"加算1,2",,10.1,,,,
内用薬,2129002M1ZZZ,【般】ジソピラミドカプセル５０ｍｇ,ジソピラミド,５０ｍｇ１カプセル,"加算1,2",,6.7,,,,
内用薬,2129002M2ZZZ,【般】ジソピラミドカプセル１００ｍｇ,ジソピラミド,１００ｍｇ１カプセル,"加算1,2",,7.2,,,,
内用薬,2129003F1ZZZ,【般】メキシレチン塩酸塩錠５０ｍｇ,メキシレチン塩酸塩,５０ｍｇ１錠,加算1,,5.9,,,,
内用薬,2129003F2ZZZ,【般】メキシレチン塩酸塩錠１００ｍｇ,メキシレチン塩酸塩,１００ｍｇ１錠,加算1,,8.6,,,,
内用薬,2129003M1ZZZ,【般】メキシレチン塩酸塩カプセル５０ｍｇ,メキシレチン塩酸塩,５０ｍｇ１カプセル,"加算1,2",,5.9,,,,
内用薬,2129003M2ZZZ,【般】メキシレチン塩酸塩カプセル１００ｍｇ,メキシレチン塩酸塩,１００ｍｇ１カプセル,"加算1,2",,8.6,,,,
内用薬,2129004M1ZZZ,【般】アプリンジン塩酸塩カプセル１０ｍｇ,アプリンジン塩酸塩,１０ｍｇ１カプセル,"加算1,2",,16.7,,,,
内用薬,2129004M2ZZZ,【般】アプリンジン塩酸塩カプセル２０ｍｇ,アプリンジン塩酸塩,２０ｍｇ１カプセル,"加算1,2",,26,,,,
内用薬,2129005F1ZZZ,【般】ジソピラミドリン酸塩徐放錠１５０ｍｇ,リン酸ジソピラミド,１５０ｍｇ１錠,"加算1,2",,14.6,,,,
内用薬,2129006F1ZZZ,【般】プロパフェノン塩酸塩錠１５０ｍｇ,プロパフェノン塩酸塩,１５０ｍｇ１錠,"加算1,2",,19.1,,,,
内用薬,2129006F2ZZZ,【般】プロパフェノン塩酸塩錠１００ｍｇ,プロパフェノン塩酸塩,１００ｍｇ１錠,"加算1,2",,16.1,,,,
内用薬,2129007F1ZZZ,【般】シベンゾリンコハク酸塩錠５０ｍｇ,シベンゾリンコハク酸塩,５０ｍｇ１錠,"加算1,2",,15.9,,,,
内用薬,2129007F2ZZZ,【般】シベンゾリンコハク酸塩錠１００ｍｇ,シベンゾリンコハク酸塩,１００ｍｇ１錠,"加算1,2",,26.3,,,,
内用薬,2129008M1ZZZ,【般】ピルシカイニド塩酸塩カプセル２５ｍｇ,ピルシカイニド塩酸塩水和物,２５ｍｇ１カプセル,"加算1,2",,18.6,,,,
内用薬,2129008M2ZZZ,【般】ピルシカイニド塩酸塩カプセル５０ｍｇ,ピルシカイニド塩酸塩水和物,５０ｍｇ１カプセル,"加算1,2",,31.4,,,,
内用薬,2129009F1ZZZ,【般】フレカイニド酢酸塩錠５０ｍｇ,フレカイニド酢酸塩,５０ｍｇ１錠,"加算1,2",,31.4,,,,
内用薬,2129009F2ZZZ,【般】フレカイニド酢酸塩錠１００ｍｇ,フレカイニド酢酸塩,１００ｍｇ１錠,"加算1,2",,53.8,,,,
内用薬,2129010F1ZZZ,【般】アミオダロン塩酸塩錠１００ｍｇ,アミオダロン塩酸塩,１００ｍｇ１錠,"加算1,2",,127.4,,,,
内用薬,2129010F3ZZZ,【般】アミオダロン塩酸塩錠５０ｍｇ,アミオダロン塩酸塩,５０ｍｇ１錠,加算1,,75.3,,,,
内用薬,2132003F1ZZZ,【般】トリクロルメチアジド錠２ｍｇ,トリクロルメチアジド,２ｍｇ１錠,"加算1,2",,6.1,,,,
内用薬,2132003F3ZZZ,【般】トリクロルメチアジド錠１ｍｇ,トリクロルメチアジド,１ｍｇ１錠,"加算1,2",,6.2,,,,
内用薬,2132004F1ZZZ,【般】ヒドロクロロチアジド錠２５ｍｇ,ヒドロクロロチアジド,２５ｍｇ１錠,加算1,,5.7,,,,
内用薬,2132004F2ZZZ,【般】ヒドロクロロチアジド錠１２．５ｍｇ,ヒドロクロロチアジド,１２．５ｍｇ１錠,加算1,,5.7,,,,
内用薬,2132004F3ZZZ,【般】ヒドロクロロチアジド口腔内崩壊錠１２．５ｍｇ,ヒドロクロロチアジド,１２．５ｍｇ１錠,加算1,,5.7,,,,
内用薬,2133001F1ZZZ,【般】スピロノラクトン錠２５ｍｇ,スピロノラクトン,２５ｍｇ１錠,"加算1,2",,5.7,,,,
内用薬,2133001F2ZZZ,【般】スピロノラクトン錠５０ｍｇ,スピロノラクトン,５０ｍｇ１錠,"加算1,2",,6.4,,,,
内用薬,2135001F1ZZZ,【般】メフルシド錠２５ｍｇ,メフルシド,２５ｍｇ１錠,"加算1,2",,6.1,,,,
内用薬,2139001S1ZZZ,【般】イソソルビド経口液７０％１ｍＬ,イソソルビド,７０％１ｍＬ,"加算1,2",,4.1,,,,
内用薬,2139001S5ZZZ,【般】イソソルビド経口液７０％４０ｍＬ,イソソルビド,７０％４０ｍＬ１包,加算1,,185.7,,,,
内用薬,2139005C1ZZZ,【般】フロセミド細粒４％,フロセミド,４％１ｇ,"加算1,2",,6.5,該当する先発品の経過措置期限が令和2年3月31日であることから、同年4月1日以降は一般名処方加算対象が１のみとなる予定,,,
内用薬,2139005F1ZZZ,【般】フロセミド錠２０ｍｇ,フロセミド,２０ｍｇ１錠,"加算1,2",,6.1,,,,
内用薬,2139005F2ZZZ,【般】フロセミド錠４０ｍｇ,フロセミド,４０ｍｇ１錠,"加算1,2",,6.4,,,,
内用薬,2139005F3ZZZ,【般】フロセミド錠１０ｍｇ,フロセミド,１０ｍｇ１錠,"加算1,2",,6.1,,,,
内用薬,2139008F1ZZZ,【般】アゾセミド錠６０ｍｇ,アゾセミド,６０ｍｇ１錠,"加算1,2",,15.8,,,,
内用薬,2139008F2ZZZ,【般】アゾセミド錠３０ｍｇ,アゾセミド,３０ｍｇ１錠,"加算1,2",,10.2,,,,
内用薬,2139009F1ZZZ,【般】トラセミド錠４ｍｇ,トラセミド,４ｍｇ１錠,"加算1,2",,9.8,,,,
内用薬,2139009F2ZZZ,【般】トラセミド錠８ｍｇ,トラセミド,８ｍｇ１錠,"加算1,2",,15.5,,,,
内用薬,2139009F3ZZZ,【般】トラセミド口腔内崩壊錠４ｍｇ,トラセミド,４ｍｇ１錠,加算1,,9.8,,,,
内用薬,2139009F4ZZZ,【般】トラセミド口腔内崩壊錠８ｍｇ,トラセミド,８ｍｇ１錠,加算1,,15.5,,,,
内用薬,2144001C1ZZZ,【般】カプトプリル細粒５％,カプトプリル,５％１ｇ,"加算1,2",,13.9,,,,
内用薬,2144001F1ZZZ,【般】カプトプリル錠１２．５ｍｇ,カプトプリル,１２．５ｍｇ１錠,"加算1,2",,5.7,,,,
内用薬,2144001F2ZZZ,【般】カプトプリル錠２５ｍｇ,カプトプリル,２５ｍｇ１錠,"加算1,2",,5.9,,,,
内用薬,2144002C1ZZZ,【般】エナラプリルマレイン酸塩細粒１％,エナラプリルマレイン酸塩,１％１ｇ,加算1,,71.3,,,,
内用薬,2144002F1ZZZ,【般】エナラプリルマレイン酸塩錠２．５ｍｇ,エナラプリルマレイン酸塩,２．５ｍｇ１錠,"加算1,2",,10.1,,,,
内用薬,2144002F2ZZZ,【般】エナラプリルマレイン酸塩錠５ｍｇ,エナラプリルマレイン酸塩,５ｍｇ１錠,"加算1,2",,10.1,,,,
内用薬,2144002F3ZZZ,【般】エナラプリルマレイン酸塩錠１０ｍｇ,エナラプリルマレイン酸塩,１０ｍｇ１錠,"加算1,2",,13.2,,,,
内用薬,2144003F1ZZZ,【般】アラセプリル錠１２．５ｍｇ,アラセプリル,１２．５ｍｇ１錠,"加算1,2",,9.1,,,,
内用薬,2144003F2ZZZ,【般】アラセプリル錠２５ｍｇ,アラセプリル,２５ｍｇ１錠,"加算1,2",,9.8,,,,
内用薬,2144003F3ZZZ,【般】アラセプリル錠５０ｍｇ,アラセプリル,５０ｍｇ１錠,"加算1,2",,9.8,,,,
内用薬,2144005F1ZZZ,【般】シラザプリル錠０．２５ｍｇ,シラザプリル水和物,０．２５ｍｇ１錠,"加算1,2",,13.9,,,,
内用薬,2144005F2ZZZ,【般】シラザプリル錠０．５ｍｇ,シラザプリル水和物,０．５ｍｇ１錠,"加算1,2",,17.5,,,,
内用薬,2144005F3ZZZ,【般】シラザプリル錠１ｍｇ,シラザプリル水和物,１ｍｇ１錠,"加算1,2",,23.9,,,,
内用薬,2144006F1ZZZ,【般】リシノプリル錠５ｍｇ,リシノプリル水和物,５ｍｇ１錠,"加算1,2",,10.2,,,,
内用薬,2144006F2ZZZ,【般】リシノプリル錠１０ｍｇ,リシノプリル水和物,１０ｍｇ１錠,"加算1,2",,10.7,,,,
内用薬,2144006F3ZZZ,【般】リシノプリル錠２０ｍｇ,リシノプリル水和物,２０ｍｇ１錠,"加算1,2",,15.1,,,,
内用薬,2144007F1ZZZ,【般】ベナゼプリル塩酸塩錠２．５ｍｇ,ベナゼプリル塩酸塩,２．５ｍｇ１錠,"加算1,2",,10.6,,,,
内用薬,2144007F2ZZZ,【般】ベナゼプリル塩酸塩錠５ｍｇ,ベナゼプリル塩酸塩,５ｍｇ１錠,"加算1,2",,19.1,,,,
内用薬,2144007F3ZZZ,【般】ベナゼプリル塩酸塩錠１０ｍｇ,ベナゼプリル塩酸塩,１０ｍｇ１錠,"加算1,2",,34.2,,,,
内用薬,2144008F1ZZZ,【般】イミダプリル塩酸塩錠２．５ｍｇ,イミダプリル塩酸塩,２．５ｍｇ１錠,"加算1,2",,12.2,,,,
内用薬,2144008F2ZZZ,【般】イミダプリル塩酸塩錠５ｍｇ,イミダプリル塩酸塩,５ｍｇ１錠,"加算1,2",,22.5,,,,
内用薬,2144008F3ZZZ,【般】イミダプリル塩酸塩錠１０ｍｇ,イミダプリル塩酸塩,１０ｍｇ１錠,"加算1,2",,45,,,,
内用薬,2144009F1ZZZ,【般】テモカプリル塩酸塩錠１ｍｇ,テモカプリル塩酸塩,１ｍｇ１錠,"加算1,2",,12.9,,,,
内用薬,2144009F2ZZZ,【般】テモカプリル塩酸塩錠２ｍｇ,テモカプリル塩酸塩,２ｍｇ１錠,"加算1,2",,25.7,,,,
内用薬,2144009F3ZZZ,【般】テモカプリル塩酸塩錠４ｍｇ,テモカプリル塩酸塩,４ｍｇ１錠,"加算1,2",,51.8,,,,
内用薬,2144011F1ZZZ,【般】トランドラプリル錠０．５ｍｇ,トランドラプリル,０．５ｍｇ１錠,"加算1,2",,13.7,,,,
内用薬,2144011F2ZZZ,【般】トランドラプリル錠１ｍｇ,トランドラプリル,１ｍｇ１錠,"加算1,2",,22.3,,,,
内用薬,2144012F1ZZZ,【般】ペリンドプリルエルブミン錠２ｍｇ,ペリンドプリルエルブミン,２ｍｇ１錠,"加算1,2",,26.5,,,,
内用薬,2144012F2ZZZ,【般】ペリンドプリルエルブミン錠４ｍｇ,ペリンドプリルエルブミン,４ｍｇ１錠,"加算1,2",,46.4,,,,
内用薬,2149009F1ZZZ,【般】ラベタロール塩酸塩錠５０ｍｇ,ラベタロール塩酸塩,５０ｍｇ１錠,"加算1,2",,6.2,,,,
内用薬,2149009F2ZZZ,【般】ラベタロール塩酸塩錠１００ｍｇ,ラベタロール塩酸塩,１００ｍｇ１錠,"加算1,2",,9.8,,,,
内用薬,2149010F1ZZZ,【般】メトプロロール酒石酸塩錠２０ｍｇ,メトプロロール酒石酸塩,２０ｍｇ１錠,"加算1,2",,7.4,,,,
内用薬,2149010F2ZZZ,【般】メトプロロール酒石酸塩錠４０ｍｇ,メトプロロール酒石酸塩,４０ｍｇ１錠,"加算1,2",,7.5,,,,
内用薬,2149011N1ZZZ,【般】ピンドロール徐放カプセル５ｍｇ,ピンドロール,５ｍｇ１カプセル,加算1,,24.7,,,,
内用薬,2149011N2ZZZ,【般】ピンドロール徐放カプセル１５ｍｇ,ピンドロール,１５ｍｇ１カプセル,加算1,,59.5,,,,
内用薬,2149014M1ZZZ,【般】プロプラノロール塩酸塩徐放カプセル６０ｍｇ,プロプラノロール塩酸塩,６０ｍｇ１カプセル,加算1,,28,,,,
内用薬,2149019B1ZZZ,【般】ニカルジピン塩酸塩散１０％,ニカルジピン塩酸塩,１０％１ｇ,"加算1,2",,15.5,,,,
内用薬,2149019F1ZZZ,【般】ニカルジピン塩酸塩錠１０ｍｇ,ニカルジピン塩酸塩,１０ｍｇ１錠,"加算1,2",,5.7,,,,
内用薬,2149019F2ZZZ,【般】ニカルジピン塩酸塩錠２０ｍｇ,ニカルジピン塩酸塩,２０ｍｇ１錠,"加算1,2",,5.7,,,,
内用薬,2149019N1ZZZ,【般】ニカルジピン塩酸塩徐放カプセル２０ｍｇ,ニカルジピン塩酸塩,２０ｍｇ１カプセル,"加算1,2",,5.7,,,,
内用薬,2149019N2ZZZ,【般】ニカルジピン塩酸塩徐放カプセル４０ｍｇ,ニカルジピン塩酸塩,４０ｍｇ１カプセル,"加算1,2",,5.9,,,,
内用薬,2149022F1ZZZ,【般】ニルバジピン錠２ｍｇ,ニルバジピン,２ｍｇ１錠,"加算1,2",,9.8,,,,
内用薬,2149022F2ZZZ,【般】ニルバジピン錠４ｍｇ,ニルバジピン,４ｍｇ１錠,"加算1,2",,11.2,,,,
内用薬,2149026F1ZZZ,【般】ドキサゾシンメシル酸塩錠０．５ｍｇ,ドキサゾシンメシル酸塩,０．５ｍｇ１錠,"加算1,2",,10.1,,,,
内用薬,2149026F2ZZZ,【般】ドキサゾシンメシル酸塩錠１ｍｇ,ドキサゾシンメシル酸塩,１ｍｇ１錠,"加算1,2",,10.1,,,,
内用薬,2149026F3ZZZ,【般】ドキサゾシンメシル酸塩錠２ｍｇ,ドキサゾシンメシル酸塩,２ｍｇ１錠,"加算1,2",,10.5,,,,
内用薬,2149026F4ZZZ,【般】ドキサゾシンメシル酸塩錠４ｍｇ,ドキサゾシンメシル酸塩,４ｍｇ１錠,"加算1,2",,21,,,,
内用薬,2149026F5ZZZ,【般】ドキサゾシンメシル酸塩口腔内崩壊錠０．５ｍｇ,ドキサゾシンメシル酸塩,０．５ｍｇ１錠,"加算1,2",,10.1,,,,
内用薬,2149026F6ZZZ,【般】ドキサゾシンメシル酸塩口腔内崩壊錠１ｍｇ,ドキサゾシンメシル酸塩,１ｍｇ１錠,"加算1,2",,10.1,,,,
内用薬,2149026F7ZZZ,【般】ドキサゾシンメシル酸塩口腔内崩壊錠２ｍｇ,ドキサゾシンメシル酸塩,２ｍｇ１錠,"加算1,2",,10.5,,,,
内用薬,2149026F8ZZZ,【般】ドキサゾシンメシル酸塩口腔内崩壊錠４ｍｇ,ドキサゾシンメシル酸塩,４ｍｇ１錠,"加算1,2",,21,,,,
内用薬,2149027F1ZZZ,【般】マニジピン塩酸塩錠５ｍｇ,マニジピン塩酸塩,５ｍｇ１錠,"加算1,2",,10.1,,,,
内用薬,2149027F2ZZZ,【般】マニジピン塩酸塩錠１０ｍｇ,マニジピン塩酸塩,１０ｍｇ１錠,"加算1,2",,10.9,,,,
内用薬,2149027F3ZZZ,【般】マニジピン塩酸塩錠２０ｍｇ,マニジピン塩酸塩,２０ｍｇ１錠,"加算1,2",,19.6,,,,
内用薬,2149029F1ZZZ,【般】セリプロロール塩酸塩錠１００ｍｇ,セリプロロール塩酸塩,１００ｍｇ１錠,"加算1,2",,11.2,,,,
内用薬,2149029F2ZZZ,【般】セリプロロール塩酸塩錠２００ｍｇ,セリプロロール塩酸塩,２００ｍｇ１錠,"加算1,2",,23.4,,,,
内用薬,2149031F1ZZZ,【般】ベタキソロール塩酸塩錠５ｍｇ,ベタキソロール塩酸塩,５ｍｇ１錠,"加算1,2",,18.5,,,,
内用薬,2149031F2ZZZ,【般】ベタキソロール塩酸塩錠１０ｍｇ,ベタキソロール塩酸塩,１０ｍｇ１錠,"加算1,2",,20.8,,,,
内用薬,2149032F1ZZZ,【般】カルベジロール錠１０ｍｇ,カルベジロール,１０ｍｇ１錠,"加算1,2",,17,,,,
内用薬,2149032F2ZZZ,【般】カルベジロール錠２０ｍｇ,カルベジロール,２０ｍｇ１錠,"加算1,2",,20.5,,,,
内用薬,2149032F3ZZZ,【般】カルベジロール錠１．２５ｍｇ,カルベジロール,１．２５ｍｇ１錠,"加算1,2",,10.1,,,,
内用薬,2149032F4ZZZ,【般】カルベジロール錠２．５ｍｇ,カルベジロール,２．５ｍｇ１錠,"加算1,2",,10.1,,,,
内用薬,2149035F1ZZZ,【般】フェロジピン錠２．５ｍｇ,フェロジピン,２．５ｍｇ１錠,"加算1,2",,7.6,,,,
内用薬,2149035F2ZZZ,【般】フェロジピン錠５ｍｇ,フェロジピン,５ｍｇ１錠,"加算1,2",,14.3,,,,
内用薬,2149037F1ZZZ,【般】シルニジピン錠５ｍｇ,シルニジピン,５ｍｇ１錠,"加算1,2",,13.3,,,,
内用薬,2149037F2ZZZ,【般】シルニジピン錠１０ｍｇ,シルニジピン,１０ｍｇ１錠,"加算1,2",,24.8,,,,
内用薬,2149037F3ZZZ,【般】シルニジピン錠２０ｍｇ,シルニジピン,２０ｍｇ１錠,"加算1,2",,37.5,,,,
内用薬,2149039F1ZZZ,【般】ロサルタンＫ錠２５ｍｇ,ロサルタンカリウム,２５ｍｇ１錠,"加算1,2",,14.3,,,,
内用薬,2149039F2ZZZ,【般】ロサルタンＫ錠５０ｍｇ,ロサルタンカリウム,５０ｍｇ１錠,"加算1,2",,26.3,,,,
内用薬,2149039F3ZZZ,【般】ロサルタンＫ錠１００ｍｇ,ロサルタンカリウム,１００ｍｇ１錠,"加算1,2",,41.3,,,,
内用薬,2149040F1ZZZ,【般】カンデサルタン錠２ｍｇ,カンデサルタンシレキセチル,２ｍｇ１錠,"加算1,2",,10.1,,,,
内用薬,2149040F2ZZZ,【般】カンデサルタン錠４ｍｇ,カンデサルタンシレキセチル,４ｍｇ１錠,"加算1,2",,11.9,,,,
内用薬,2149040F3ZZZ,【般】カンデサルタン錠８ｍｇ,カンデサルタンシレキセチル,８ｍｇ１錠,"加算1,2",,23.1,,,,
内用薬,2149040F4ZZZ,【般】カンデサルタン錠１２ｍｇ,カンデサルタンシレキセチル,１２ｍｇ１錠,"加算1,2",,28.8,,,,
内用薬,2149040F5ZZZ,【般】カンデサルタン口腔内崩壊錠２ｍｇ,カンデサルタンシレキセチル,２ｍｇ１錠,加算1,,10.1,,,,
内用薬,2149040F6ZZZ,【般】カンデサルタン口腔内崩壊錠４ｍｇ,カンデサルタンシレキセチル,４ｍｇ１錠,加算1,,11.9,,,,
内用薬,2149040F7ZZZ,【般】カンデサルタン口腔内崩壊錠８ｍｇ,カンデサルタンシレキセチル,８ｍｇ１錠,加算1,,23.1,,,,
内用薬,2149040F8ZZZ,【般】カンデサルタン口腔内崩壊錠１２ｍｇ,カンデサルタンシレキセチル,１２ｍｇ１錠,加算1,,28.8,,,,
内用薬,2149041F1ZZZ,【般】バルサルタン錠２０ｍｇ,バルサルタン,２０ｍｇ１錠,"加算1,2",,10.1,,,,
内用薬,2149041F2ZZZ,【般】バルサルタン錠４０ｍｇ,バルサルタン,４０ｍｇ１錠,"加算1,2",,11.8,,,,
内用薬,2149041F3ZZZ,【般】バルサルタン錠８０ｍｇ,バルサルタン,８０ｍｇ１錠,"加算1,2",,21.6,,,,
内用薬,2149041F4ZZZ,【般】バルサルタン錠１６０ｍｇ,バルサルタン,１６０ｍｇ１錠,"加算1,2",,37.6,,,,
内用薬,2149041F5ZZZ,【般】バルサルタン口腔内崩壊錠２０ｍｇ,バルサルタン,２０ｍｇ１錠,"加算1,2",,10.1,,,,
内用薬,2149041F6ZZZ,【般】バルサルタン口腔内崩壊錠４０ｍｇ,バルサルタン,４０ｍｇ１錠,"加算1,2",,11.8,,,,
内用薬,2149041F7ZZZ,【般】バルサルタン口腔内崩壊錠８０ｍｇ,バルサルタン,８０ｍｇ１錠,"加算1,2",,21.6,,,,
内用薬,2149041F8ZZZ,【般】バルサルタン口腔内崩壊錠１６０ｍｇ,バルサルタン,１６０ｍｇ１錠,"加算1,2",,37.6,,,,
内用薬,2149042F1ZZZ,【般】テルミサルタン錠２０ｍｇ,テルミサルタン,２０ｍｇ１錠,"加算1,2",,10.1,,,,
内用薬,2149042F2ZZZ,【般】テルミサルタン錠４０ｍｇ,テルミサルタン,４０ｍｇ１錠,"加算1,2",,17.9,,,,
内用薬,2149042F3ZZZ,【般】テルミサルタン錠８０ｍｇ,テルミサルタン,８０ｍｇ１錠,"加算1,2",,26.3,,,,
内用薬,2149042F4ZZZ,【般】テルミサルタン口腔内崩壊錠２０ｍｇ,テルミサルタン,２０ｍｇ１錠,加算1,,10.1,,,,
内用薬,2149042F5ZZZ,【般】テルミサルタン口腔内崩壊錠４０ｍｇ,テルミサルタン,４０ｍｇ１錠,加算1,,17.9,,,,
内用薬,2149043F1ZZZ,【般】アゼルニジピン錠８ｍｇ,アゼルニジピン,８ｍｇ１錠,"加算1,2",,10.9,,,,
内用薬,2149043F2ZZZ,【般】アゼルニジピン錠１６ｍｇ,アゼルニジピン,１６ｍｇ１錠,"加算1,2",,19.2,,,,
内用薬,2149044F1ZZZ,【般】オルメサルタン錠１０ｍｇ,オルメサルタンメドキソミル,１０ｍｇ１錠,加算1,,12.6,,,,
内用薬,2149044F2ZZZ,【般】オルメサルタン錠２０ｍｇ,オルメサルタンメドキソミル,２０ｍｇ１錠,加算1,,23.8,,,,
内用薬,2149044F3ZZZ,【般】オルメサルタン錠５ｍｇ,オルメサルタンメドキソミル,５ｍｇ１錠,加算1,,10.1,,,,
内用薬,2149044F4ZZZ,【般】オルメサルタン錠４０ｍｇ,オルメサルタンメドキソミル,４０ｍｇ１錠,加算1,,35.7,,,,
内用薬,2149044F5ZZZ,【般】オルメサルタン口腔内崩壊錠１０ｍｇ,オルメサルタンメドキソミル,１０ｍｇ１錠,"加算1,2",,12.6,,,,
内用薬,2149044F6ZZZ,【般】オルメサルタン口腔内崩壊錠２０ｍｇ,オルメサルタンメドキソミル,２０ｍｇ１錠,"加算1,2",,23.8,,,,
内用薬,2149044F7ZZZ,【般】オルメサルタン口腔内崩壊錠４０ｍｇ,オルメサルタンメドキソミル,４０ｍｇ１錠,"加算1,2",,35.7,,,,
内用薬,2149044F8ZZZ,【般】オルメサルタン口腔内崩壊錠５ｍｇ,オルメサルタンメドキソミル,５ｍｇ１錠,"加算1,2",,10.1,,,,
内用薬,2149046F1ZZZ,【般】イルベサルタン錠５０ｍｇ,イルベサルタン,５０ｍｇ１錠,"加算1,2",,20.8,,,,
内用薬,2149046F2ZZZ,【般】イルベサルタン錠１００ｍｇ,イルベサルタン,１００ｍｇ１錠,"加算1,2",,27.9,,,,
内用薬,2149046F3ZZZ,【般】イルベサルタン錠２００ｍｇ,イルベサルタン,２００ｍｇ１錠,"加算1,2",,41.9,,,,
内用薬,2149046F4ZZZ,【般】イルベサルタン口腔内崩壊錠５０ｍｇ,イルベサルタン,５０ｍｇ１錠,加算1,,20.8,,,,
内用薬,2149046F5ZZZ,【般】イルベサルタン口腔内崩壊錠１００ｍｇ,イルベサルタン,１００ｍｇ１錠,加算1,,27.9,,,,
内用薬,2149046F6ZZZ,【般】イルベサルタン口腔内崩壊錠２００ｍｇ,イルベサルタン,２００ｍｇ１錠,加算1,,41.9,,,,
内用薬,2149110F1ZZZ,【般】ロサルタン５０ｍｇ・ヒドロクロロチアジド配合錠,ロサルタンカリウム・ヒドロクロロチアジド,１錠,"加算1,2",,27.5,先発品はプレミネント配合錠ＬＤ,,,
内用薬,2149110F2ZZZ,【般】ロサルタン１００ｍｇ・ヒドロクロロチアジド配合錠,ロサルタンカリウム・ヒドロクロロチアジド,１錠,"加算1,2",,40.1,先発品はプレミネント配合錠ＨＤ,,,
内用薬,2149111F1ZZZ,【般】カンデサルタン４ｍｇ・ヒドロクロロチアジド配合錠,カンデサルタンシレキセチル・ヒドロクロロチアジド,１錠,"加算1,2",,25.4,先発品はエカード配合錠ＬＤ,,,
内用薬,2149111F2ZZZ,【般】カンデサルタン８ｍｇ・ヒドロクロロチアジド配合錠,カンデサルタンシレキセチル・ヒドロクロロチアジド,１錠,"加算1,2",,48,先発品はエカード配合錠ＨＤ,,,
内用薬,2149112F1ZZZ,【般】バルサルタン・ヒドロクロロチアジド６．２５ｍｇ配合錠,バルサルタン・ヒドロクロロチアジド,１錠,"加算1,2",,39.4,先発品はコディオ配合錠ＭＤ,,,
内用薬,2149112F2ZZZ,【般】バルサルタン・ヒドロクロロチアジド１２．５ｍｇ配合錠,バルサルタン・ヒドロクロロチアジド,１錠,"加算1,2",,39.5,先発品はコディオ配合錠ＥＸ,,,
内用薬,2149113F1ZZZ,【般】テルミサルタン４０ｍｇ・ヒドロクロロチアジド配合錠,テルミサルタン・ヒドロクロロチアジド,１錠,"加算1,2",,20.6,先発品はミコンビ配合錠ＡＰ,,,
内用薬,2149113F2ZZZ,【般】テルミサルタン８０ｍｇ・ヒドロクロロチアジド配合錠,テルミサルタン・ヒドロクロロチアジド,１錠,"加算1,2",,30.2,先発品はミコンビ配合錠ＢＰ,,,
内用薬,2149114F1ZZZ,【般】バルサルタン・アムロジピン配合錠,バルサルタン・アムロジピンベシル酸塩,１錠,"加算1,2",,21.5,先発品はエックスフォージ配合錠,,,
内用薬,2149114F2ZZZ,【般】バルサルタン・アムロジピン配合口腔内崩壊錠,バルサルタン・アムロジピンベシル酸塩,１錠,"加算1,2",,21.5,先発品はエックスフォージ配合ＯＤ錠,,,
内用薬,2149116F1ZZZ,【般】カンデサルタン・アムロジピン２．５ｍｇ配合錠,カンデサルタンシレキセチル・アムロジピンベシル酸塩,１錠,"加算1,2",,42.8,先発品はユニシア配合錠ＬＤ,,,
内用薬,2149116F2ZZZ,【般】カンデサルタン・アムロジピン５ｍｇ配合錠,カンデサルタンシレキセチル・アムロジピンベシル酸塩,１錠,"加算1,2",,41.8,先発品はユニシア配合錠ＨＤ,,,
内用薬,2149117F1ZZZ,【般】テルミサルタン４０ｍｇ・アムロジピン配合錠,テルミサルタン・アムロジピンベシル酸塩,１錠,"加算1,2",,20.8,先発品はミカムロ配合錠ＡＰ,,,
内用薬,2149117F2ZZZ,【般】テルミサルタン８０ｍｇ・アムロジピン配合錠,テルミサルタン・アムロジピンベシル酸塩,１錠,"加算1,2",,31.5,先発品はミカムロ配合錠ＢＰ,,,
内用薬,2149118F1ZZZ,【般】イルベサルタン・アムロジピン５ｍｇ配合錠,イルベサルタン・アムロジピンベシル酸塩,１錠,"加算1,2",,28,先発品はアイミクス配合錠ＬＤ,,,
内用薬,2149118F2ZZZ,【般】イルベサルタン・アムロジピン１０ｍｇ配合錠,イルベサルタン・アムロジピンベシル酸塩,１錠,"加算1,2",,32.5,先発品はアイミクス配合錠ＨＤ,,,
内用薬,2160002F1ZZZ,【般】ミドドリン塩酸塩錠２ｍｇ,ミドドリン塩酸塩,２ｍｇ１錠,"加算1,2",,8.7,,,,
内用薬,2160002F2ZZZ,【般】ミドドリン塩酸塩口腔内崩壊錠２ｍｇ,ミドドリン塩酸塩,２ｍｇ１錠,"加算1,2",,8.7,,,,
内用薬,2160003F1ZZZ,【般】スマトリプタン錠５０ｍｇ,スマトリプタンコハク酸塩,５０ｍｇ１錠,"加算1,2",,244.5,,,,
内用薬,2160003S1ZZZ,【般】スマトリプタン経口液５０ｍｇ２ｍＬ,スマトリプタンコハク酸塩,５０ｍｇ２ｍＬ１包,加算1,,778.9,,,,
内用薬,2160004F1ZZZ,【般】ゾルミトリプタン錠２．５ｍｇ,ゾルミトリプタン,２．５ｍｇ１錠,"加算1,2",,253.8,,,,
内用薬,2160004F2ZZZ,【般】ゾルミトリプタン口腔内崩壊錠２．５ｍｇ,ゾルミトリプタン,２．５ｍｇ１錠,"加算1,2",,253.8,,,,
内用薬,2160005F1ZZZ,【般】エレトリプタン錠２０ｍｇ,エレトリプタン臭化水素酸塩,２０ｍｇ１錠,"加算1,2",,309.8,,,,
内用薬,2160005F2ZZZ,【般】エレトリプタン口腔内崩壊錠２０ｍｇ,エレトリプタン臭化水素酸塩,２０ｍｇ１錠,加算1,,309.8,,,,
内用薬,2160006F1ZZZ,【般】リザトリプタン錠１０ｍｇ,リザトリプタン安息香酸塩,１０ｍｇ１錠,"加算1,2",,225.7,,,,
内用薬,2160006F2ZZZ,【般】リザトリプタン口腔内崩壊錠１０ｍｇ,リザトリプタン安息香酸塩,１０ｍｇ１錠,"加算1,2",,225.7,,,,
内用薬,2171005F1ZZZ,【般】ジラゼプ塩酸塩錠５０ｍｇ,ジラゼプ塩酸塩水和物,５０ｍｇ１錠,"加算1,2",,5.7,,,,
内用薬,2171005F2ZZZ,【般】ジラゼプ塩酸塩錠１００ｍｇ,ジラゼプ塩酸塩水和物,１００ｍｇ１錠,"加算1,2",,5.9,,,,
内用薬,2171006F1ZZZ,【般】ジルチアゼム塩酸塩錠３０ｍｇ,ジルチアゼム塩酸塩,３０ｍｇ１錠,"加算1,2",,5.7,,,,
内用薬,2171006F2ZZZ,【般】ジルチアゼム塩酸塩錠６０ｍｇ,ジルチアゼム塩酸塩,６０ｍｇ１錠,"加算1,2",,6.9,,,,
内用薬,2171006N1ZZZ,【般】ジルチアゼム塩酸塩徐放カプセル１００ｍｇ,ジルチアゼム塩酸塩,１００ｍｇ１カプセル,"加算1,2",,11.1,,,,
内用薬,2171006N2ZZZ,【般】ジルチアゼム塩酸塩徐放カプセル２００ｍｇ,ジルチアゼム塩酸塩,２００ｍｇ１カプセル,"加算1,2",,22.8,,,,
内用薬,2171008F1ZZZ,【般】ベラパミル塩酸塩錠４０ｍｇ,ベラパミル塩酸塩,４０ｍｇ１錠,"加算1,2",,6.4,,,,
内用薬,2171010B1ZZZ,【般】ジピリダモール散１２．５％,ジピリダモール,１２．５％１ｇ,加算1,,22.3,,,,
内用薬,2171010F1ZZZ,【般】ジピリダモール錠１２．５ｍｇ,ジピリダモール,１２．５ｍｇ１錠,"加算1,2",,5.8,,,,
内用薬,2171010F2ZZZ,【般】ジピリダモール錠２５ｍｇ,ジピリダモール,２５ｍｇ１錠,"加算1,2",,5.8,,,,
内用薬,2171010F3ZZZ,【般】ジピリダモール錠１００ｍｇ,ジピリダモール,１００ｍｇ１錠,"加算1,2",,5.9,,,,
内用薬,2171011G1ZZZ,【般】硝酸イソソルビド徐放錠２０ｍｇ,硝酸イソソルビド,２０ｍｇ１錠,"加算1,2",,5.9,,,,
内用薬,2171011N1ZZZ,【般】硝酸イソソルビド徐放カプセル２０ｍｇ,硝酸イソソルビド,２０ｍｇ１カプセル,"加算1,2",,5.9,,,,
内用薬,2171012F1ZZZ,【般】トラピジル錠５０ｍｇ,トラピジル,５０ｍｇ１錠,"加算1,2",,5.7,,,,
内用薬,2171012F2ZZZ,【般】トラピジル錠１００ｍｇ,トラピジル,１００ｍｇ１錠,"加算1,2",,5.7,,,,
内用薬,2171014C1ZZZ,【般】ニフェジピン細粒１％,ニフェジピン,１％１ｇ,加算1,,6.3,,,,
内用薬,2171014F1ZZZ,【般】ニフェジピン錠１０ｍｇ,ニフェジピン,１０ｍｇ１錠,加算1,,5.7,,,,
内用薬,2171014G1ZZZ,【般】ニフェジピン徐放錠１０ｍｇ（１２時間持続）,ニフェジピン,１０ｍｇ１錠,"加算1,2",,5.7,先発品はアダラートＬ錠１０ｍｇ,,,
内用薬,2171014G2ZZZ,【般】ニフェジピン徐放錠２０ｍｇ（１２時間持続）,ニフェジピン,２０ｍｇ１錠,"加算1,2",,5.9,先発品はアダラートＬ錠２０ｍｇ,,,
内用薬,2171014G3ZZZ,【般】ニフェジピン徐放錠１０ｍｇ（２４時間持続）,ニフェジピン,１０ｍｇ１錠,"加算1,2",,6.2,先発品はアダラートＣＲ錠１０ｍｇ,,,
内用薬,2171014G4ZZZ,【般】ニフェジピン徐放錠２０ｍｇ（２４時間持続）,ニフェジピン,２０ｍｇ１錠,"加算1,2",,10.6,先発品はアダラートＣＲ錠２０ｍｇ,,,
内用薬,2171014G5ZZZ,【般】ニフェジピン徐放錠４０ｍｇ（２４時間持続）,ニフェジピン,４０ｍｇ１錠,"加算1,2",,20.5,先発品はアダラートＣＲ錠４０ｍｇ,,,
内用薬,2171014M1ZZZ,【般】ニフェジピンカプセル５ｍｇ,ニフェジピン,５ｍｇ１カプセル,"加算1,2",,5.7,,,,
内用薬,2171014M2ZZZ,【般】ニフェジピンカプセル１０ｍｇ,ニフェジピン,１０ｍｇ１カプセル,"加算1,2",,5.7,,,,
内用薬,2171014N1ZZZ,【般】ニフェジピン徐放カプセル１０ｍｇ（１２時間持続）,ニフェジピン,１０ｍｇ１カプセル,"加算1,2",,5.7,先発品はセパミット－Ｒカプセル１０,,,
内用薬,2171014N2ZZZ,【般】ニフェジピン徐放カプセル２０ｍｇ（１２時間持続）,ニフェジピン,２０ｍｇ１カプセル,"加算1,2",,5.9,先発品はセパミット－Ｒカプセル２０,,,
内用薬,2171017F1ZZZ,【般】ニコランジル錠２．５ｍｇ,ニコランジル,２．５ｍｇ１錠,"加算1,2",,5.7,,,,
内用薬,2171017F2ZZZ,【般】ニコランジル錠５ｍｇ,ニコランジル,５ｍｇ１錠,"加算1,2",,5.9,,,,
内用薬,2171018K1ZZZ,【般】ニトログリセリン舌下錠０．３ｍｇ,ニトログリセリン,０．３ｍｇ１錠,加算1,,12.8,,,,
内用薬,2171019F1ZZZ,【般】ニソルジピン錠５ｍｇ,ニソルジピン,５ｍｇ１錠,"加算1,2",,6.5,,,,
内用薬,2171019F2ZZZ,【般】ニソルジピン錠１０ｍｇ,ニソルジピン,１０ｍｇ１錠,"加算1,2",,17.3,,,,
内用薬,2171020F1ZZZ,【般】ニトレンジピン錠５ｍｇ,ニトレンジピン,５ｍｇ１錠,"加算1,2",,9.8,,,,
内用薬,2171020F2ZZZ,【般】ニトレンジピン錠１０ｍｇ,ニトレンジピン,１０ｍｇ１錠,"加算1,2",,10.1,,,,
内用薬,2171021F1ZZZ,【般】ベニジピン塩酸塩錠２ｍｇ,ベニジピン塩酸塩,２ｍｇ１錠,"加算1,2",,10.1,,,,
内用薬,2171021F2ZZZ,【般】ベニジピン塩酸塩錠４ｍｇ,ベニジピン塩酸塩,４ｍｇ１錠,"加算1,2",,16.5,,,,
内用薬,2171021F3ZZZ,【般】ベニジピン塩酸塩錠８ｍｇ,ベニジピン塩酸塩,８ｍｇ１錠,"加算1,2",,19.8,,,,
内用薬,2171022F1ZZZ,【般】アムロジピン錠２．５ｍｇ,アムロジピンベシル酸塩,２．５ｍｇ１錠,"加算1,2",,10.1,,,,
内用薬,2171022F2ZZZ,【般】アムロジピン錠５ｍｇ,アムロジピンベシル酸塩,５ｍｇ１錠,"加算1,2",,10.1,,,,
内用薬,2171022F3ZZZ,【般】アムロジピン口腔内崩壊錠２．５ｍｇ,アムロジピンベシル酸塩,２．５ｍｇ１錠,"加算1,2",,10.1,,,,
内用薬,2171022F4ZZZ,【般】アムロジピン口腔内崩壊錠５ｍｇ,アムロジピンベシル酸塩,５ｍｇ１錠,"加算1,2",,10.1,,,,
内用薬,2171022F5ZZZ,【般】アムロジピン錠１０ｍｇ,アムロジピンベシル酸塩,１０ｍｇ１錠,"加算1,2",,10.5,,,,
内用薬,2171022F6ZZZ,【般】アムロジピン口腔内崩壊錠１０ｍｇ,アムロジピンベシル酸塩,１０ｍｇ１錠,"加算1,2",,10.5,,,,
内用薬,2171023F1ZZZ,【般】一硝酸イソソルビド錠１０ｍｇ,一硝酸イソソルビド,１０ｍｇ１錠,"加算1,2",,5.7,,,,
内用薬,2171023F2ZZZ,【般】一硝酸イソソルビド錠２０ｍｇ,一硝酸イソソルビド,２０ｍｇ１錠,"加算1,2",,7.7,,,,
内用薬,2183005G1ZZZ,【般】ベザフィブラート徐放錠２００ｍｇ,ベザフィブラート,２００ｍｇ１錠,"加算1,2",,10.1,,,,
内用薬,2183005G2ZZZ,【般】ベザフィブラート徐放錠１００ｍｇ,ベザフィブラート,１００ｍｇ１錠,"加算1,2",,10.1,,,,
内用薬,2183006F3ZZZ,【般】フェノフィブラート錠５３．３ｍｇ,フェノフィブラート,５３．３ｍｇ１錠,"加算1,2",,12.6,,,,
内用薬,2183006F4ZZZ,【般】フェノフィブラート錠８０ｍｇ,フェノフィブラート,８０ｍｇ１錠,"加算1,2",,16.7,,,,
内用薬,2183006M3ZZZ,【般】フェノフィブラートカプセル６７ｍｇ,フェノフィブラート,６７ｍｇ１カプセル,加算1,,12.8,,,,
内用薬,2183006M4ZZZ,【般】フェノフィブラートカプセル１００ｍｇ,フェノフィブラート,１００ｍｇ１カプセル,加算1,,17.1,,,,
内用薬,2189001F1ZZZ,【般】エラスターゼ錠１，８００単位,エラスターゼ,１，８００単位１錠,"加算1,2",,5.9,,,,
内用薬,2189006M1ZZZ,【般】ポリエンホスファチジルコリンカプセル２５０ｍｇ,ポリエンホスファチジルコリン,２５０ｍｇ１カプセル,加算1,,7.8,,,,
内用薬,2189008F1ZZZ,【般】プロブコール錠２５０ｍｇ,プロブコール,２５０ｍｇ１錠,"加算1,2",,7.6,,,,
内用薬,2189010F1ZZZ,【般】プラバスタチンＮａ錠５ｍｇ,プラバスタチンナトリウム,５ｍｇ１錠,"加算1,2",,10.1,,,,
内用薬,2189010F2ZZZ,【般】プラバスタチンＮａ錠１０ｍｇ,プラバスタチンナトリウム,１０ｍｇ１錠,"加算1,2",,17.2,,,,
内用薬,2189011F1ZZZ,【般】シンバスタチン錠５ｍｇ,シンバスタチン,５ｍｇ１錠,"加算1,2",,19.6,,,,
内用薬,2189011F2ZZZ,【般】シンバスタチン錠１０ｍｇ,シンバスタチン,１０ｍｇ１錠,"加算1,2",,45.5,,,,
内用薬,2189011F3ZZZ,【般】シンバスタチン錠２０ｍｇ,シンバスタチン,２０ｍｇ１錠,"加算1,2",,59.9,,,,
内用薬,2189012F1ZZZ,【般】フルバスタチン錠１０ｍｇ,フルバスタチンナトリウム,１０ｍｇ１錠,"加算1,2",,15.1,,,,
内用薬,2189012F2ZZZ,【般】フルバスタチン錠２０ｍｇ,フルバスタチンナトリウム,２０ｍｇ１錠,"加算1,2",,28.6,,,,
内用薬,2189012F3ZZZ,【般】フルバスタチン錠３０ｍｇ,フルバスタチンナトリウム,３０ｍｇ１錠,"加算1,2",,41.1,,,,
内用薬,2189015F1ZZZ,【般】アトルバスタチン錠５ｍｇ,アトルバスタチンカルシウム水和物,５ｍｇ１錠,"加算1,2",,10.3,,,,
内用薬,2189015F2ZZZ,【般】アトルバスタチン錠１０ｍｇ,アトルバスタチンカルシウム水和物,１０ｍｇ１錠,"加算1,2",,20.5,,,,
内用薬,2189015F3ZZZ,【般】アトルバスタチン口腔内崩壊錠５ｍｇ,アトルバスタチンカルシウム水和物,５ｍｇ１錠,加算1,,10.3,,,,
内用薬,2189015F4ZZZ,【般】アトルバスタチン口腔内崩壊錠１０ｍｇ,アトルバスタチンカルシウム水和物,１０ｍｇ１錠,加算1,,20.5,,,,
内用薬,2189015F5ZZZ,【般】アトルバスタチン錠２０ｍｇ,アトルバスタチンカルシウム水和物,２０ｍｇ１錠,加算1,,50.7,,,,
内用薬,2189016F1ZZZ,【般】ピタバスタチンＣａ錠１ｍｇ,ピタバスタチンカルシウム,１ｍｇ１錠,"加算1,2",,13.5,,,,
内用薬,2189016F2ZZZ,【般】ピタバスタチンＣａ錠２ｍｇ,ピタバスタチンカルシウム,２ｍｇ１錠,"加算1,2",,26.2,,,,
内用薬,2189016F3ZZZ,【般】ピタバスタチンＣａ錠４ｍｇ,ピタバスタチンカルシウム,４ｍｇ１錠,"加算1,2",,47.2,,,,
内用薬,2189016F4ZZZ,【般】ピタバスタチンＣａ口腔内崩壊錠１ｍｇ,ピタバスタチンカルシウム,１ｍｇ１錠,"加算1,2",,13.5,,,,
内用薬,2189016F5ZZZ,【般】ピタバスタチンＣａ口腔内崩壊錠２ｍｇ,ピタバスタチンカルシウム,２ｍｇ１錠,"加算1,2",,26.2,,,,
内用薬,2189016F6ZZZ,【般】ピタバスタチンＣａ口腔内崩壊錠４ｍｇ,ピタバスタチンカルシウム,４ｍｇ１錠,"加算1,2",,47.2,,,,
内用薬,2189017F1ZZZ,【般】ロスバスタチン錠２．５ｍｇ,ロスバスタチンカルシウム,２．５ｍｇ１錠,"加算1,2",,12.9,,,,
内用薬,2189017F2ZZZ,【般】ロスバスタチン錠５ｍｇ,ロスバスタチンカルシウム,５ｍｇ１錠,"加算1,2",,25,,,,
内用薬,2189017F3ZZZ,【般】ロスバスタチン口腔内崩壊錠２．５ｍｇ,ロスバスタチンカルシウム,２．５ｍｇ１錠,"加算1,2",,12.9,,,,
内用薬,2189017F4ZZZ,【般】ロスバスタチン口腔内崩壊錠５ｍｇ,ロスバスタチンカルシウム,５ｍｇ１錠,"加算1,2",,25,,,,
内用薬,2189017F5ZZZ,【般】ロスバスタチン錠１０ｍｇ,ロスバスタチンカルシウム,１０ｍｇ１錠,加算1,,38.5,,,,
内用薬,2189017F6ZZZ,【般】ロスバスタチン口腔内崩壊錠１０ｍｇ,ロスバスタチンカルシウム,１０ｍｇ１錠,加算1,,38.5,,,,
内用薬,2190005C1ZZZ,【般】イフェンプロジル酒石酸塩細粒４％,イフェンプロジル酒石酸塩,４％１ｇ,"加算1,2",,8,該当する後発品の経過措置期限が令和2年3月31日であることから、同年4月1日以降は一般名処方マスタから削除される予定,,,
内用薬,2190005F1ZZZ,【般】イフェンプロジル酒石酸塩錠１０ｍｇ,イフェンプロジル酒石酸塩,１０ｍｇ１錠,"加算1,2",,5.7,,,,
内用薬,2190005F2ZZZ,【般】イフェンプロジル酒石酸塩錠２０ｍｇ,イフェンプロジル酒石酸塩,２０ｍｇ１錠,"加算1,2",,5.9,,,,
内用薬,2190006M1ZZZ,【般】トコフェロールニコチン酸エステルカプセル１００ｍｇ,トコフェロールニコチン酸エステル,１００ｍｇ１カプセル,"加算1,2",,5.5,,,,
内用薬,2190006M2ZZZ,【般】トコフェロールニコチン酸エステルカプセル２００ｍｇ,トコフェロールニコチン酸エステル,２００ｍｇ１カプセル,"加算1,2",,5.7,,,,
内用薬,2190009A1ZZZ,【般】ポリスチレンスルホン酸Ｎａ原末,ポリスチレンスルホン酸ナトリウム,１ｇ,"加算1,2",,12.7,,,,
内用薬,2190016B1ZZZ,【般】ポリスチレンスルホン酸Ｃａ散９６．７％,ポリスチレンスルホン酸カルシウム,９６．７％１ｇ,加算1,,12.3,,,,
内用薬,2190016D1ZZZ,【般】ポリスチレンスルホン酸Ｃａ顆粒８９．２９％,ポリスチレンスルホン酸カルシウム,８９．２９％１ｇ,加算1,,12.3,,,,
内用薬,2190016Q2ZZZ,【般】ポリスチレンスルホン酸Ｃａ経口ゼリー２０％２５ｇ,ポリスチレンスルホン酸カルシウム,２０％２５ｇ１個,加算1,,76.8,,,,
内用薬,2190016S1ZZZ,【般】ポリスチレンスルホン酸Ｃａ経口液２０％,ポリスチレンスルホン酸カルシウム,２０％２５ｇ１包,"加算1,2",,76.8,,,,
内用薬,2190021B1ZZZ,【般】ニセルゴリン散１％,ニセルゴリン,１％１ｇ,"加算1,2",,15.3,,,,
内用薬,2190021C1ZZZ,【般】ニセルゴリン細粒１％,ニセルゴリン,１％１ｇ,加算1,,15.3,,,,
内用薬,2190021F1ZZZ,【般】ニセルゴリン錠５ｍｇ,ニセルゴリン,５ｍｇ１錠,"加算1,2",,9.8,,,,
内用薬,2190022F1ZZZ,【般】アメジニウムメチル硫酸塩錠１０ｍｇ,アメジニウムメチル硫酸塩,１０ｍｇ１錠,"加算1,2",,8.2,,,,
内用薬,2190024F1ZZZ,【般】沈降炭酸カルシウム錠５００ｍｇ（高リン血症用）,沈降炭酸カルシウム,５００ｍｇ１錠,"加算1,2",,5.8,先発品はカルタン錠５００（同一成分で制酸剤として用いるものがある）,,,
内用薬,2190024F2ZZZ,【般】沈降炭酸カルシウム錠２５０ｍｇ（高リン血症用）,沈降炭酸カルシウム,２５０ｍｇ１錠,"加算1,2",,5.7,先発品はカルタン錠２５０（同一成分で制酸剤として用いるものがある）,,,
内用薬,2190024F3ZZZ,【般】沈降炭酸カルシウム口腔内崩壊錠２５０ｍｇ（高リン血症用）,沈降炭酸カルシウム,２５０ｍｇ１錠,"加算1,2",,5.7,先発品はカルタンＯＤ錠２５０ｍｇ（同一成分で制酸剤として用いるものがある）,,,
内用薬,2190024F4ZZZ,【般】沈降炭酸カルシウム口腔内崩壊錠５００ｍｇ（高リン血症用）,沈降炭酸カルシウム,５００ｍｇ１錠,"加算1,2",,5.8,先発品はカルタンＯＤ錠５００ｍｇ（同一成分で制酸剤として用いるものがある）,,,
内用薬,2190026F1ZZZ,【般】ボセンタン錠６２．５ｍｇ,ボセンタン水和物,６２．５ｍｇ１錠,"加算1,2",,1067.1,,,,
内用薬,2190026R1ZZZ,【般】ボセンタン成人用シロップ用６．２５％,ボセンタン水和物,６．２５％１ｇ,加算1,,1363.2,,,,
内用薬,2190029D1ZZZ,【般】炭酸ランタン顆粒２５０ｍｇ,炭酸ランタン水和物,２５０ｍｇ１包,"加算1,2",,53.9,,,,
内用薬,2190029D2ZZZ,【般】炭酸ランタン顆粒５００ｍｇ,炭酸ランタン水和物,５００ｍｇ１包,"加算1,2",,83.5,,,,
内用薬,2190029F3ZZZ,【般】炭酸ランタン口腔内崩壊錠２５０ｍｇ,炭酸ランタン水和物,２５０ｍｇ１錠,"加算1,2",,66.7,,,,
内用薬,2190029F4ZZZ,【般】炭酸ランタン口腔内崩壊錠５００ｍｇ,炭酸ランタン水和物,５００ｍｇ１錠,"加算1,2",,98.3,,,,
内用薬,2190101F1ZZZ,【般】アムロジピン２．５ｍｇ・アトルバスタチン５ｍｇ配合錠：１,アムロジピンベシル酸塩・アトルバスタチンカルシウム水和物,１錠,"加算1,2",,24.2,先発品はカデュエット配合錠１番,,,
内用薬,2190102F1ZZZ,【般】アムロジピン２．５ｍｇ・アトルバスタチン１０ｍｇ配合錠：２,アムロジピンベシル酸塩・アトルバスタチンカルシウム水和物,１錠,"加算1,2",,38.9,先発品はカデュエット配合錠２番,,,
内用薬,2190103F1ZZZ,【般】アムロジピン５ｍｇ・アトルバスタチン５ｍｇ配合錠：３,アムロジピンベシル酸塩・アトルバスタチンカルシウム水和物,１錠,"加算1,2",,30.8,先発品はカデュエット配合錠３番,,,
内用薬,2190104F1ZZZ,【般】アムロジピン５ｍｇ・アトルバスタチン１０ｍｇ配合錠：４,アムロジピンベシル酸塩・アトルバスタチンカルシウム水和物,１錠,"加算1,2",,45.5,先発品はカデュエット配合錠４番,,,
内用薬,2223001B1ZZZ,【般】デキストロメトルファン臭化水素酸塩散１０％,デキストロメトルファン臭化水素酸塩水和物,１０％１ｇ,"加算1,2",,8,,,,
内用薬,2223001C1ZZZ,【般】デキストロメトルファン臭化水素酸塩細粒１０％,デキストロメトルファン臭化水素酸塩水和物,１０％１ｇ,加算1,,8,,,,
内用薬,2223001F2ZZZ,【般】デキストロメトルファン臭化水素酸塩錠１５ｍｇ,デキストロメトルファン臭化水素酸塩水和物,１５ｍｇ１錠,加算1,,5.7,,,,
内用薬,2224001F1ZZZ,【般】ペントキシベリンクエン酸塩錠１０ｍｇ,ペントキシベリンクエン酸塩,１０ｍｇ１錠,加算1,,5.5,,,,
内用薬,2224001F3ZZZ,【般】ペントキシベリンクエン酸塩錠１５ｍｇ,ペントキシベリンクエン酸塩,１５ｍｇ１錠,加算1,,5.5,,,,
内用薬,2229001B1ZZZ,【般】ジメモルファンリン酸塩散１０％,ジメモルファンリン酸塩,１０％１ｇ,"加算1,2",,34.3,,,,
内用薬,2229001Q1ZZZ,【般】ジメモルファンリン酸塩シロップ０．２５％,ジメモルファンリン酸塩,０．２５％１ｍＬ,"加算1,2",,2.9,,,,
内用薬,2229001R1ZZZ,【般】ジメモルファンリン酸塩シロップ用２．５％,ジメモルファンリン酸塩,２．５％１ｇ,加算1,,10.4,,,,
内用薬,2229100B1ZZZ,【般】ジヒドロコデイン・ｄｌ－メチルエフェドリン等配合散,鎮咳配合剤,１ｇ,加算1,,6.5,,,,
内用薬,2229102Q1ZZZ,【般】ジヒドロコデイン・ｄｌ－メチルエフェドリン等配合シロップ,鎮咳配合剤,１ｍＬ,"加算1,2",,3.6,準先発品はライトゲン配合シロップ,,,
内用薬,2229104M1ZZZ,【般】ジプロフィリン・メトキシフェナミン等配合カプセル,ジプロフィリン・メトキシフェナミン配合剤,１カプセル,加算1,,5.5,,,,
内用薬,2233002C1ZZZ,【般】カルボシステイン細粒５０％,Ｌ－カルボシステイン,５０％１ｇ,加算1,,6.5,,,,
内用薬,2233002F1ZZZ,【般】カルボシステイン錠２５０ｍｇ,Ｌ－カルボシステイン,２５０ｍｇ１錠,"加算1,2",,5.7,,,,
内用薬,2233002F2ZZZ,【般】カルボシステイン錠５００ｍｇ,Ｌ－カルボシステイン,５００ｍｇ１錠,"加算1,2",,6.9,,,,
内用薬,2233002Q1ZZZ,【般】カルボシステインシロップ５％,Ｌ－カルボシステイン,５％１ｍＬ,"加算1,2",,2.6,,,,
内用薬,2233002Q2ZZZ,【般】カルボシステインシロップ１０％,Ｌ－カルボシステイン,１０％１ｍＬ,加算1,,6.1,,,,
内用薬,2233002R1ZZZ,【般】カルボシステインシロップ用３３．３％,Ｌ－カルボシステイン,３３．３％１ｇ,加算1,,8,該当する後発品の経過措置期限が令和2年3月31日であることから、同年4月1日以降は一般名処方マスタから削除される予定,,,
内用薬,2233002R2ZZZ,【般】カルボシステインシロップ用５０％,Ｌ－カルボシステイン,５０％１ｇ,"加算1,2",,10.1,,,,
内用薬,2234001F1ZZZ,【般】ブロムヘキシン塩酸塩錠４ｍｇ,ブロムヘキシン塩酸塩,４ｍｇ１錠,"加算1,2",,5.1,,,,
内用薬,2234001Q1ZZZ,【般】ブロムヘキシン塩酸塩シロップ０．０８％,ブロムヘキシン塩酸塩,０．０８％１ｍＬ,加算1,,1.1,,,,
内用薬,2239001F1ZZZ,【般】アンブロキソール塩酸塩錠１５ｍｇ,アンブロキソール塩酸塩,１５ｍｇ１錠,"加算1,2",,5.7,,,,
内用薬,2239001G1ZZZ,【般】アンブロキソール塩酸塩徐放口腔内崩壊錠４５ｍｇ,アンブロキソール塩酸塩,４５ｍｇ１錠,加算1,,21.6,,,,
内用薬,2239001G2ZZZ,【般】アンブロキソール塩酸塩徐放錠４５ｍｇ,アンブロキソール塩酸塩,４５ｍｇ１錠,"加算1,2",,21.6,,,,
内用薬,2239001N1ZZZ,【般】アンブロキソール塩酸塩徐放カプセル４５ｍｇ,アンブロキソール塩酸塩,４５ｍｇ１カプセル,"加算1,2",,21.6,,,,
内用薬,2239001Q1ZZZ,【般】アンブロキソール塩酸塩シロップ０．３％,アンブロキソール塩酸塩,０．３％１ｍＬ,"加算1,2",,5.2,,,,
内用薬,2239001R1ZZZ,【般】アンブロキソール塩酸塩シロップ用１．５％,アンブロキソール塩酸塩,１．５％１ｇ,"加算1,2",,31.9,,,,
内用薬,2239001R2ZZZ,【般】アンブロキソール塩酸塩シロップ用３％,アンブロキソール塩酸塩,３％１ｇ,"加算1,2",,26.8,,,,
内用薬,2239001S1ZZZ,【般】アンブロキソール塩酸塩経口液０．７５％,アンブロキソール塩酸塩,０．７５％１ｍＬ,"加算1,2",,4.9,,,,
内用薬,2239001S2ZZZ,【般】アンブロキソール塩酸塩経口液０．３％,アンブロキソール塩酸塩,０．３％１ｍＬ,加算1,,8.9,,,,
内用薬,2241003S1ZZZ,【般】オウヒエキスシロップ３．３％,オウヒエキス,１０ｍＬ,加算1,,17.1,,,,
内用薬,2251001F1ZZZ,【般】テオフィリン徐放錠５０ｍｇ（１２～２４時間持続）,テオフィリン,５０ｍｇ１錠,"加算1,2",,5.9,先発品はテオドール錠５０ｍｇ,,,
内用薬,2251001F2ZZZ,【般】テオフィリン徐放錠１００ｍｇ（１２～２４時間持続）,テオフィリン,１００ｍｇ１錠,"加算1,2",,5.7,先発品はテオドール錠１００ｍｇ,,,
内用薬,2251001F3ZZZ,【般】テオフィリン徐放錠２００ｍｇ（１２～２４時間持続）,テオフィリン,２００ｍｇ１錠,"加算1,2",,5.9,先発品はテオドール錠２００ｍｇ,,,
内用薬,2251001G1ZZZ,【般】テオフィリン徐放錠２００ｍｇ（２４時間持続）,テオフィリン,２００ｍｇ１錠,"加算1,2",,5.9,先発品はユニコン錠２００／ユニフィルＬＡ錠２００ｍｇ,,,
内用薬,2251001G2ZZZ,【般】テオフィリン徐放錠４００ｍｇ（２４時間持続）,テオフィリン,４００ｍｇ１錠,"加算1,2",,6.4,先発品はユニコン錠４００／ユニフィルＬＡ錠４００ｍｇ,,,
内用薬,2251001G3ZZZ,【般】テオフィリン徐放錠１００ｍｇ（２４時間持続）,テオフィリン,１００ｍｇ１錠,"加算1,2",,5.7,先発品はユニコン錠１００／ユニフィルＬＡ錠１００ｍｇ,,,
内用薬,2251001M3ZZZ,【般】テオフィリン徐放カプセル５０ｍｇ（１２～２４時間持続）,テオフィリン,５０ｍｇ１カプセル,加算1,,5.9,,,,
内用薬,2251001R1ZZZ,【般】テオフィリンシロップ用２０％,テオフィリン,２０％１ｇ,"加算1,2",,30.6,,,,
内用薬,2252003C1ZZZ,【般】テルブタリン硫酸塩細粒１％,テルブタリン硫酸塩,１％１ｇ,加算1,,9.7,,,,
内用薬,2252003F1ZZZ,【般】テルブタリン硫酸塩錠２ｍｇ,テルブタリン硫酸塩,２ｍｇ１錠,"加算1,2",,5.7,,,,
内用薬,2252006Q1ZZZ,【般】フェノテロール臭化水素酸塩シロップ０．０５％,フェノテロール臭化水素酸塩,０．０５％１ｍＬ,"加算1,2",,6.5,該当する後発品の経過措置期限が令和2年3月31日であることから、同年4月1日以降は一般名処方マスタから削除される予定,,,
内用薬,2252006R1ZZZ,【般】フェノテロール臭化水素酸塩シロップ用０．２５％,フェノテロール臭化水素酸塩,０．２５％１ｇ,加算1,,27.6,,,,
内用薬,2252006R2ZZZ,【般】フェノテロール臭化水素酸塩シロップ用０．５％,フェノテロール臭化水素酸塩,０．５％１ｇ,加算1,,39,,,,
内用薬,2254001F1ZZZ,【般】サルブタモール硫酸塩錠２ｍｇ,サルブタモール硫酸塩,２ｍｇ１錠,"加算1,2",,5.5,,,,
内用薬,2259002F1ZZZ,【般】ツロブテロール塩酸塩錠１ｍｇ,ツロブテロール塩酸塩,１ｍｇ１錠,"加算1,2",,5.9,,,,
内用薬,2259002R1ZZZ,【般】ツロブテロール塩酸塩シロップ用０．１％,ツロブテロール塩酸塩,０．１％１ｇ,"加算1,2",,7.5,,,,
内用薬,2259003F1ZZZ,【般】トリメトキノール塩酸塩錠３ｍｇ,トリメトキノール塩酸塩水和物,３ｍｇ１錠,"加算1,2",,5.7,該当する後発品の経過措置期限が令和2年3月31日であることから、同年4月1日以降は一般名処方マスタから削除される予定,,,
内用薬,2259003Q1ZZZ,【般】トリメトキノール塩酸塩シロップ０．１％,トリメトキノール塩酸塩水和物,０．１％１ｍＬ,"加算1,2",,4,,,,
内用薬,2259004F1ZZZ,【般】プロカテロール塩酸塩錠０．０２５ｍｇ,プロカテロール塩酸塩水和物,０．０２５ｍｇ１錠,"加算1,2",,5.7,,,,
内用薬,2259004F2ZZZ,【般】プロカテロール塩酸塩錠０．０５ｍｇ,プロカテロール塩酸塩水和物,０．０５ｍｇ１錠,"加算1,2",,5.9,,,,
内用薬,2259004Q1ZZZ,【般】プロカテロール塩酸塩シロップ０．０００５％,プロカテロール塩酸塩水和物,０．０００５％１ｍＬ,"加算1,2",,3.9,,,,
内用薬,2259004R1ZZZ,【般】プロカテロール塩酸塩シロップ用０．０１％,プロカテロール塩酸塩水和物,０．０１％１ｇ,加算1,,44.2,,,,
内用薬,2259006F1ZZZ,【般】クレンブテロール塩酸塩錠１０μｇ,クレンブテロール塩酸塩,１０μｇ１錠,"加算1,2",,5.8,,,,
内用薬,2314002F2ZZZ,【般】ベルベリン塩化物錠１００ｍｇ,ベルベリン塩化物水和物,１００ｍｇ１錠,加算1,,8.6,,,,
内用薬,2316002BAZZZ,【般】耐性乳酸菌散１０％,耐性乳酸菌,１ｇ,加算1,例外コード,6.3,,2316002B1053,耐性乳酸菌散１０％「ＪＧ」,
内用薬,2316002BAZZZ,【般】耐性乳酸菌散１０％,耐性乳酸菌,１ｇ,加算1,例外コード,6.3,,2316002B1061,耐性乳酸菌散１０％「トーワ」,
内用薬,2316003B1ZZZ,【般】ビフィズス菌・ラクトミン配合散,ビフィズス菌,１ｇ,加算1,,6.3,,,,
内用薬,2316003F1ZZZ,【般】ビフィズス菌・ラクトミン配合錠,ビフィズス菌,１錠,加算1,,6.3,,,,
内用薬,2316004B1ZZZ,【般】耐性乳酸菌散０．６％,耐性乳酸菌,１ｇ,加算1,,6.3,,,,
内用薬,2316004F1ZZZ,【般】耐性乳酸菌錠６ｍｇ,耐性乳酸菌,１錠,加算1,,5.9,,,,
内用薬,2316005B1ZZZ,【般】カゼイ菌散５０％,カゼイ菌,１ｇ,加算1,,6.3,,,,
内用薬,2316012AAZZZ,【般】ラクトミン原末,ラクトミン,１ｇ,加算1,例外コード,6.3,,2316012A1124,ビオヂアスミンＦ－２散,
内用薬,2316012AAZZZ,【般】ラクトミン原末,ラクトミン,１ｇ,加算1,例外コード,6.3,,2316012A1140,ラクトミン散「イセイ」,
内用薬,2316016B1ZZZ,【般】耐性乳酸菌散１．８％,耐性乳酸菌,１ｇ,加算1,,6.3,,,,
内用薬,2316016F1ZZZ,【般】耐性乳酸菌錠１８ｍｇ,耐性乳酸菌,１錠,加算1,,5.9,,,,
内用薬,2316018B1ZZZ,【般】ビフィズス菌散２％,ビフィズス菌,２％１ｇ,加算1,,6.3,,,,
内用薬,2316019BAZZZ,【般】耐性乳酸菌散１％,耐性乳酸菌,１ｇ,加算1,例外コード,6.3,,2316019B1059,ラックビーＲ散,
内用薬,2316020F1ZZZ,【般】ビフィズス菌錠１２ｍｇ,ビフィズス菌,１錠,加算1,,5.7,,,,
内用薬,2318001F1ZZZ,【般】ジメチコン錠４０ｍｇ,ジメチコン,４０ｍｇ１錠,加算1,,5.7,,,,
内用薬,2318001F3ZZZ,【般】ジメチコン錠８０ｍｇ,ジメチコン,８０ｍｇ１錠,"加算1,2",,5.7,,,,
内用薬,2318001Q1ZZZ,【般】ジメチコンシロップ２％,ジメチコン,２％１ｍＬ,"加算1,2",,3.1,,,,
内用薬,2319001C1ZZZ,【般】ロペラミド塩酸塩細粒０．０５％,ロペラミド塩酸塩,０．０５％１ｇ,"加算1,2",,11.9,,,,
内用薬,2319001F1ZZZ,【般】ロペラミド塩酸塩錠１ｍｇ,ロペラミド塩酸塩,１ｍｇ１錠,加算1,,7.1,,,,
内用薬,2319001M1ZZZ,【般】ロペラミド塩酸塩カプセル１ｍｇ,ロペラミド塩酸塩,１ｍｇ１カプセル,"加算1,2",,7.1,,,,
内用薬,2319100F1ZZZ,【般】ベルベリン・ゲンノショウコエキス配合錠,ベルベリン塩化物水和物・ゲンノショウコエキス,１錠,"加算1,2",,5.7,準先発品はフェロベリン配合錠,,,
内用薬,2322001D1ZZZ,【般】Ｌ－グルタミン顆粒９９％,Ｌ－グルタミン,９９％１ｇ,加算1,,6.5,,,,
内用薬,2323001D3ZZZ,【般】アズレンスルホン酸Ｎａ顆粒１％,アズレンスルホン酸ナトリウム水和物,１％１ｇ,加算1,,6.3,,,,
内用薬,2323001F1ZZZ,【般】アズレンスルホン酸Ｎａ錠２ｍｇ,アズレンスルホン酸ナトリウム水和物,２ｍｇ１錠,"加算1,2",,5.1,,,,
内用薬,2325001C1ZZZ,【般】シメチジン細粒２０％,シメチジン,２０％１ｇ,"加算1,2",,6.3,,,,
内用薬,2325001C2ZZZ,【般】シメチジン細粒４０％,シメチジン,４０％１ｇ,"加算1,2",,6.5,該当する後発品の経過措置期限が令和2年3月31日であることから、同年4月1日以降は一般名処方マスタから削除される予定,,,
内用薬,2325001F1ZZZ,【般】シメチジン錠２００ｍｇ,シメチジン,２００ｍｇ１錠,"加算1,2",,5.7,,,,
内用薬,2325001F2ZZZ,【般】シメチジン錠４００ｍｇ,シメチジン,４００ｍｇ１錠,"加算1,2",,5.9,,,,
内用薬,2325002F1ZZZ,【般】ラニチジン錠１５０ｍｇ,ラニチジン塩酸塩,１５０ｍｇ１錠,"加算1,2",,5.9,,,,
内用薬,2325002F2ZZZ,【般】ラニチジン錠７５ｍｇ,ラニチジン塩酸塩,７５ｍｇ１錠,"加算1,2",,5.9,,,,
内用薬,2325003B1ZZZ,【般】ファモチジン散１０％,ファモチジン,１０％１ｇ,"加算1,2",,70.8,,,,
内用薬,2325003B2ZZZ,【般】ファモチジン散２％,ファモチジン,２％１ｇ,"加算1,2",,15.8,,,,
内用薬,2325003F1ZZZ,【般】ファモチジン錠１０ｍｇ,ファモチジン,１０ｍｇ１錠,"加算1,2",,10.1,,,,
内用薬,2325003F2ZZZ,【般】ファモチジン錠２０ｍｇ,ファモチジン,２０ｍｇ１錠,"加算1,2",,10.1,,,,
内用薬,2325003F3ZZZ,【般】ファモチジン口腔内崩壊錠１０ｍｇ,ファモチジン,１０ｍｇ１錠,"加算1,2",,10.1,,,,
内用薬,2325003F4ZZZ,【般】ファモチジン口腔内崩壊錠２０ｍｇ,ファモチジン,２０ｍｇ１錠,"加算1,2",,10.1,,,,
内用薬,2325004M1ZZZ,【般】ロキサチジン酢酸エステル塩酸塩徐放カプセル７５ｍｇ,ロキサチジン酢酸エステル塩酸塩,７５ｍｇ１カプセル,"加算1,2",,19.3,,,,
内用薬,2325004M2ZZZ,【般】ロキサチジン酢酸エステル塩酸塩徐放カプセル３７．５ｍｇ,ロキサチジン酢酸エステル塩酸塩,３７．５ｍｇ１カプセル,"加算1,2",,11.8,,,,
内用薬,2325005F1ZZZ,【般】ニザチジン錠１５０ｍｇ,ニザチジン,１５０ｍｇ１錠,"加算1,2",,10.9,,,,
内用薬,2325005F2ZZZ,【般】ニザチジン錠７５ｍｇ,ニザチジン,７５ｍｇ１錠,"加算1,2",,11.7,,,,
内用薬,2325005M1ZZZ,【般】ニザチジンカプセル１５０ｍｇ,ニザチジン,１５０ｍｇ１カプセル,加算1,,10.9,,,,
内用薬,2325005M2ZZZ,【般】ニザチジンカプセル７５ｍｇ,ニザチジン,７５ｍｇ１カプセル,加算1,,11.7,,,,
内用薬,2325006F1ZZZ,【般】ラフチジン錠５ｍｇ,ラフチジン,５ｍｇ１錠,"加算1,2",,10.1,,,,
内用薬,2325006F2ZZZ,【般】ラフチジン錠１０ｍｇ,ラフチジン,１０ｍｇ１錠,"加算1,2",,14.4,,,,
内用薬,2325006F3ZZZ,【般】ラフチジン口腔内崩壊錠５ｍｇ,ラフチジン,５ｍｇ１錠,"加算1,2",,10.1,,,,
内用薬,2325006F4ZZZ,【般】ラフチジン口腔内崩壊錠１０ｍｇ,ラフチジン,１０ｍｇ１錠,"加算1,2",,14.4,,,,
内用薬,2329002D1ZZZ,【般】アルジオキサ顆粒１０％,アルジオキサ,１０％１ｇ,加算1,,5.7,,,,
内用薬,2329002D2ZZZ,【般】アルジオキサ顆粒２０％,アルジオキサ,２０％１ｇ,加算1,,6.3,,,,
内用薬,2329002D3ZZZ,【般】アルジオキサ顆粒２５％,アルジオキサ,２５％１ｇ,加算1,,7.5,,,,
内用薬,2329002D4ZZZ,【般】アルジオキサ顆粒５０％,アルジオキサ,５０％１ｇ,加算1,,6.3,,,,
内用薬,2329002F2ZZZ,【般】アルジオキサ錠１００ｍｇ,アルジオキサ,１００ｍｇ１錠,加算1,,5.7,,,,
内用薬,2329004M1ZZZ,【般】セトラキサート塩酸塩カプセル２００ｍｇ,セトラキサート塩酸塩,２００ｍｇ１カプセル,"加算1,2",,8.1,該当する後発品の経過措置期限が令和2年3月31日であることから、同年4月1日以降は一般名処方マスタから削除される予定,,,
内用薬,2329005F1ZZZ,【般】ピレンゼピン塩酸塩錠２５ｍｇ,ピレンゼピン塩酸塩水和物,２５ｍｇ１錠,"加算1,2",,5.7,,,,
内用薬,2329006M1ZZZ,【般】ゲファルナートカプセル５０ｍｇ,ゲファルナート,５０ｍｇ１カプセル,加算1,,5.5,,,,
内用薬,2329006M2ZZZ,【般】ゲファルナートカプセル１００ｍｇ,ゲファルナート,１００ｍｇ１カプセル,加算1,,5.9,,,,
内用薬,2329008C1ZZZ,【般】スクラルファート細粒９０％,スクラルファート水和物,９０％１ｇ,"加算1,2",,6.3,,,,
内用薬,2329008D1ZZZ,【般】スクラルファート顆粒９０％,スクラルファート水和物,９０％１ｇ,加算1,,6.3,,,,
内用薬,2329008S1ZZZ,【般】スクラルファート経口液１０％,スクラルファート水和物,１０％１ｍＬ,"加算1,2",,2.3,,,,
内用薬,2329009C2ZZZ,【般】スルピリド細粒１０％,スルピリド,１０％１ｇ,"加算1,2",,6.3,,,,
内用薬,2329009C3ZZZ,【般】スルピリド細粒５０％,スルピリド,５０％１ｇ,"加算1,2",,15,,,,
内用薬,2329009F1ZZZ,【般】スルピリド錠５０ｍｇ,スルピリド,５０ｍｇ１錠,"加算1,2",,6.4,,,,
内用薬,2329009M1ZZZ,【般】スルピリドカプセル５０ｍｇ,スルピリド,５０ｍｇ１カプセル,"加算1,2",,6.4,,,,
内用薬,2329011C1ZZZ,【般】ソファルコン細粒１０％,ソファルコン,１０％１ｇ,加算1,,8.2,,,,
内用薬,2329011C2ZZZ,【般】ソファルコン細粒２０％,ソファルコン,２０％１ｇ,"加算1,2",,11.1,,,,
内用薬,2329011F1ZZZ,【般】ソファルコン錠５０ｍｇ,ソファルコン,５０ｍｇ１錠,"加算1,2",,5.7,,,,
内用薬,2329011M2ZZZ,【般】ソファルコンカプセル１００ｍｇ,ソファルコン,１００ｍｇ１カプセル,"加算1,2",,8.4,,,,
内用薬,2329012C1ZZZ,【般】テプレノン細粒１０％,テプレノン,１０％１ｇ,"加算1,2",,11,,,,
内用薬,2329012M1ZZZ,【般】テプレノンカプセル５０ｍｇ,テプレノン,５０ｍｇ１カプセル,"加算1,2",,6.3,,,,
内用薬,2329015C1ZZZ,【般】トロキシピド細粒２０％,トロキシピド,２０％１ｇ,"加算1,2",,11.6,,,,
内用薬,2329015F2ZZZ,【般】トロキシピド錠１００ｍｇ,トロキシピド,１００ｍｇ１錠,"加算1,2",,6.2,,,,
内用薬,2329020C1ZZZ,【般】イルソグラジンマレイン酸塩細粒０．８％,イルソグラジンマレイン酸塩,０．８％１ｇ,"加算1,2",,17.1,,,,
内用薬,2329020F1ZZZ,【般】イルソグラジンマレイン酸塩錠２ｍｇ,イルソグラジンマレイン酸塩,２ｍｇ１錠,"加算1,2",,9.9,,,,
内用薬,2329020F2ZZZ,【般】イルソグラジンマレイン酸塩錠４ｍｇ,イルソグラジンマレイン酸塩,４ｍｇ１錠,"加算1,2",,10.1,,,,
内用薬,2329020F3ZZZ,【般】イルソグラジンマレイン酸塩口腔内崩壊錠２ｍｇ,イルソグラジンマレイン酸塩,２ｍｇ１錠,"加算1,2",,9.9,,,,
内用薬,2329020F4ZZZ,【般】イルソグラジンマレイン酸塩口腔内崩壊錠４ｍｇ,イルソグラジンマレイン酸塩,４ｍｇ１錠,"加算1,2",,10.1,,,,
内用薬,2329021D1ZZZ,【般】レバミピド顆粒２０％,レバミピド,２０％１ｇ,"加算1,2",,17.7,,,,
内用薬,2329021F1ZZZ,【般】レバミピド錠１００ｍｇ,レバミピド,１００ｍｇ１錠,"加算1,2",,10.1,,,,
内用薬,2329021F2ZZZ,【般】レバミピド口腔内崩壊錠１００ｍｇ,レバミピド,１００ｍｇ１錠,加算1,,10.1,,,,
内用薬,2329022H1ZZZ,【般】オメプラゾール錠２０ｍｇ,オメプラゾール,２０ｍｇ１錠,"加算1,2",,38.7,,,,
内用薬,2329022H2ZZZ,【般】オメプラゾール錠１０ｍｇ,オメプラゾール,１０ｍｇ１錠,"加算1,2",,23.8,,,,
内用薬,2329023F1ZZZ,【般】ランソプラゾール口腔内崩壊錠１５ｍｇ,ランソプラゾール,１５ｍｇ１錠,"加算1,2",,25.1,,,,
内用薬,2329023F2ZZZ,【般】ランソプラゾール口腔内崩壊錠３０ｍｇ,ランソプラゾール,３０ｍｇ１錠,"加算1,2",,35.1,,,,
内用薬,2329023M1ZZZ,【般】ランソプラゾールカプセル１５ｍｇ,ランソプラゾール,１５ｍｇ１カプセル,"加算1,2",,25.1,,,,
内用薬,2329023M2ZZZ,【般】ランソプラゾールカプセル３０ｍｇ,ランソプラゾール,３０ｍｇ１カプセル,"加算1,2",,35.1,,,,
内用薬,2329026D1ZZZ,【般】エカベトＮａ顆粒６６．７％,エカベトナトリウム水和物,６６．７％１ｇ,"加算1,2",,10.7,,,,
内用薬,2329027D1ZZZ,【般】ポラプレジンク顆粒１５％,ポラプレジンク,１５％１ｇ,"加算1,2",,36.9,,,,
内用薬,2329027F1ZZZ,【般】ポラプレジンク口腔内崩壊錠７５ｍｇ,ポラプレジンク,７５ｍｇ１錠,"加算1,2",,15,,,,
内用薬,2329028F1ZZZ,【般】ラベプラゾールＮａ錠１０ｍｇ,ラベプラゾールナトリウム,１０ｍｇ１錠,"加算1,2",,14.3,,,,
内用薬,2329028F2ZZZ,【般】ラベプラゾールＮａ錠２０ｍｇ,ラベプラゾールナトリウム,２０ｍｇ１錠,"加算1,2",,44.3,,,,
内用薬,2329107D1ZZZ,【般】ジサイクロミン・乾燥水酸化アルミニウムゲル等配合顆粒,ジサイクロミン・水酸化アルミニウム配合剤,１ｇ,"加算1,2",,6,準先発品はコランチル配合顆粒,,,
内用薬,2329116S1ZZZ,【般】アルギン酸Ｎａ経口液５％,アルギン酸ナトリウム,１０ｍＬ,"加算1,2",,6.7,,,,
内用薬,2329122C1ZZZ,【般】アズレンスルホン酸Ｎａ・Ｌ－グルタミン配合細粒,アズレンスルホン酸ナトリウム水和物・Ｌ－グルタミン,１ｇ,加算1,,6.5,,,,
内用薬,2329122D1ZZZ,【般】アズレンスルホン酸Ｎａ・Ｌ－グルタミン配合顆粒,アズレンスルホン酸ナトリウム水和物・Ｌ－グルタミン,１ｇ,"加算1,2",,6.5,準先発品はマーズレンＳ配合顆粒,,,
内用薬,2339003B1ZZZ,【般】β－ガラクトシダーゼ（アスペルギルス）散５０％,β－ガラクトシダーゼ（アスペルギルス）,５０％１ｇ,"加算1,2",,17.4,,,,
内用薬,2339003D1ZZZ,【般】β－ガラクトシダーゼ（アスペルギルス）顆粒５０％,β－ガラクトシダーゼ（アスペルギルス）,５０％１ｇ,加算1,,17.4,,,,
内用薬,2339105X1ZZZ,【般】炭酸水素ナトリウム・ゲンチアナ・ジアスターゼ配合散,炭酸水素ナトリウム・ゲンチアナ末配合剤,１ｇ,加算1,,6.3,,,,
内用薬,2339114F1ZZZ,【般】サナクターゼ５０ｍｇ等消化酵素配合錠,サナクターゼ配合剤,１錠,加算1,,5.7,,,,
内用薬,2339159MAZZZ,【般】ビオヂアスターゼ１０００等消化酵素配合カプセル,ビオヂアスターゼ１０００配合剤,１カプセル,加算1,例外コード,5.7,各品目により成分・含量が異なる,2339159M1030,フェルターゼ配合カプセル,
内用薬,2339159MAZZZ,【般】ビオヂアスターゼ１０００等消化酵素配合カプセル,ビオヂアスターゼ１０００配合剤,１カプセル,加算1,例外コード,5.7,各品目により成分・含量が異なる,2339161P1042,フェンラーゼ配合カプセル,
内用薬,2339178BAZZZ,【般】ジアスターゼ・生薬等配合散,ジアスターゼ・生薬配合剤,１ｇ,加算1,例外コード,5.7,各品目により成分・含量が異なる,2339178B1040,ＨＭ散,
内用薬,2339178BAZZZ,【般】ジアスターゼ・生薬等配合散,ジアスターゼ・生薬配合剤,１ｇ,加算1,例外コード,5.7,各品目により成分・含量が異なる,2339178B1075,ＮＩＭ配合散,
内用薬,2339178BAZZZ,【般】ジアスターゼ・生薬等配合散,ジアスターゼ・生薬配合剤,１ｇ,加算1,例外コード,5.7,各品目により成分・含量が異なる,2339189B1065,ピーマーゲン配合散,
内用薬,2339179BAZZZ,【般】ビオヂアスターゼ・生薬等配合散,ビオヂアスターゼ・生薬配合剤,１ｇ,加算1,例外コード,6.3,各品目により成分・含量が異なる,2339179B1037,マナミンＴＭ散,
内用薬,2339179BAZZZ,【般】ビオヂアスターゼ・生薬等配合散,ビオヂアスターゼ・生薬配合剤,１ｇ,加算1,例外コード,6.3,各品目により成分・含量が異なる,2339263B1034,ＭＭＤ配合散,
内用薬,2339206F1ZZZ,【般】ビオヂアスターゼ１０００等消化酵素配合錠,ビオヂアスターゼ１０００配合剤,１錠,加算1,,5.7,,,,
内用薬,2339209MAZZZ,【般】ビオヂアスターゼ２０００等消化酵素配合カプセル,ビオヂアスターゼ２０００配合剤,１カプセル,加算1,例外コード,5.5,各品目により成分・含量が異なる,2339209M1022,ケイラーゼＡカプセル,
内用薬,2339209MAZZZ,【般】ビオヂアスターゼ２０００等消化酵素配合カプセル,ビオヂアスターゼ２０００配合剤,１カプセル,加算1,例外コード,5.5,各品目により成分・含量が異なる,2339209M1030,ケイラーゼＡＴ配合カプセル,
内用薬,2339209MAZZZ,【般】ビオヂアスターゼ２０００等消化酵素配合カプセル,ビオヂアスターゼ２０００配合剤,１カプセル,加算1,例外コード,5.5,各品目により成分・含量が異なる,2339244M1032,オーネスＳＰ配合カプセル,
内用薬,2339225DAZZZ,【般】ビオヂアスターゼ２０００等消化酵素配合顆粒,ビオヂアスターゼ２０００配合剤,１ｇ,加算1,例外コード,8.1,各品目により成分・含量が異なる,2339225D1048,ヨウラーゼＥ配合顆粒,
内用薬,2339225DAZZZ,【般】ビオヂアスターゼ２０００等消化酵素配合顆粒,ビオヂアスターゼ２０００配合剤,１ｇ,加算1,例外コード,8.1,各品目により成分・含量が異なる,2339226D1026,ケイラーゼＳ顆粒,
内用薬,2339225DAZZZ,【般】ビオヂアスターゼ２０００等消化酵素配合顆粒,ビオヂアスターゼ２０００配合剤,１ｇ,加算1,例外コード,8.1,各品目により成分・含量が異なる,2339226D1034,ケイラーゼＳＡ配合顆粒,
内用薬,2339225DAZZZ,【般】ビオヂアスターゼ２０００等消化酵素配合顆粒,ビオヂアスターゼ２０００配合剤,１ｇ,加算1,例外コード,8.1,各品目により成分・含量が異なる,2339229D1038,ハイフル配合顆粒,
内用薬,2339225DAZZZ,【般】ビオヂアスターゼ２０００等消化酵素配合顆粒,ビオヂアスターゼ２０００配合剤,１ｇ,加算1,例外コード,8.1,各品目により成分・含量が異なる,2339262D1030,オーネスＮ配合顆粒,
内用薬,2339235FAZZZ,【般】ビオヂアスターゼ２０００等消化酵素配合錠,ビオヂアスターゼ２０００配合剤,１錠,加算1,例外コード,5.5,各品目により成分・含量が異なる,2339235F1034,オーネスＳＴ配合錠,
内用薬,2339235FAZZZ,【般】ビオヂアスターゼ２０００等消化酵素配合錠,ビオヂアスターゼ２０００配合剤,１錠,加算1,例外コード,5.5,各品目により成分・含量が異なる,2339241F1056,ボルトミー配合錠,
内用薬,2339235FAZZZ,【般】ビオヂアスターゼ２０００等消化酵素配合錠,ビオヂアスターゼ２０００配合剤,１錠,加算1,例外コード,5.5,各品目により成分・含量が異なる,2339265F1027,マックターゼ配合錠,
内用薬,2339264B1ZZZ,【般】カンゾウ等生薬配合散,カンゾウ末配合剤,１ｇ,加算1,,6.3,該当する後発品の経過措置期限が令和2年3月31日であることから、同年4月1日以降は一般名処方マスタから削除される予定,,,
内用薬,2344005F1ZZZ,【般】炭酸水素ナトリウム錠５００ｍｇ,炭酸水素ナトリウム,５００ｍｇ１錠,加算1,,5.7,,,,
内用薬,2344008F1ZZZ,【般】沈降炭酸カルシウム錠５００ｍｇ（制酸剤）,沈降炭酸カルシウム,５００ｍｇ１錠,加算1,,5.9,,,,
内用薬,2344008F2ZZZ,【般】沈降炭酸カルシウム錠２５０ｍｇ（制酸剤）,沈降炭酸カルシウム,２５０ｍｇ１錠,加算1,,5.9,,,,
内用薬,2344009C1ZZZ,【般】酸化マグネシウム細粒８３％,酸化マグネシウム,８３％１ｇ,加算1,,11.3,,,,
内用薬,2344009F1ZZZ,【般】酸化マグネシウム錠２５０ｍｇ,酸化マグネシウム,２５０ｍｇ１錠,加算1,,5.7,,,,
内用薬,2344009F2ZZZ,【般】酸化マグネシウム錠３３０ｍｇ,酸化マグネシウム,３３０ｍｇ１錠,加算1,,5.7,,,,
内用薬,2344009F3ZZZ,【般】酸化マグネシウム錠２００ｍｇ,酸化マグネシウム,２００ｍｇ１錠,加算1,,5.7,,,,
内用薬,2344009F4ZZZ,【般】酸化マグネシウム錠５００ｍｇ,酸化マグネシウム,５００ｍｇ１錠,加算1,,5.7,,,,
内用薬,2344009F5ZZZ,【般】酸化マグネシウム錠３００ｍｇ,酸化マグネシウム,３００ｍｇ１錠,加算1,,5.7,,,,
内用薬,2344009F6ZZZ,【般】酸化マグネシウム錠４００ｍｇ,酸化マグネシウム,４００ｍｇ１錠,加算1,,5.7,,,,
内用薬,2349100X1ZZZ,【般】水酸化アルミニウムゲル・水酸化マグネシウム配合経口液,水酸化アルミニウムゲル・水酸化マグネシウム,１０ｍＬ,加算1,,11.7,,,,
内用薬,2349101D1ZZZ,【般】水酸化アルミニウムゲル・水酸化マグネシウム配合シロップ用,水酸化アルミニウムゲル・水酸化マグネシウム,１ｇ,加算1,,6.5,,,,
内用薬,2354001X1ZZZ,【般】カスカラサグラダ流エキス経口液,カスカラサグラダ流エキス,１０ｍＬ,加算1,,13,,,,
内用薬,2354002F2ZZZ,【般】センナエキス錠８０ｍｇ,センナエキス,８０ｍｇ１錠,加算1,,6.5,,,,
内用薬,2354003D2ZZZ,【般】センノシド顆粒８％,センノシド,８％１ｇ,加算1,,12.6,,,,
内用薬,2354003F2ZZZ,【般】センノシド錠１２ｍｇ,センノシド,１２ｍｇ１錠,"加算1,2",,5.1,,,,
内用薬,2359005D1ZZZ,【般】ピコスルファートＮａ顆粒１％,ピコスルファートナトリウム水和物,１％１ｇ,加算1,,9.8,,,,
内用薬,2359005F1ZZZ,【般】ピコスルファートＮａ錠２．５ｍｇ,ピコスルファートナトリウム水和物,２．５ｍｇ１錠,"加算1,2",,5.9,,,,
内用薬,2359005F3ZZZ,【般】ピコスルファートＮａ錠７．５ｍｇ,ピコスルファートナトリウム水和物,７．５ｍｇ１錠,加算1,,5.9,,,,
内用薬,2359005M1ZZZ,【般】ピコスルファートＮａカプセル２．５ｍｇ,ピコスルファートナトリウム水和物,２．５ｍｇ１カプセル,加算1,,5.9,,,,
内用薬,2359005R1ZZZ,【般】ピコスルファートＮａシロップ用１％,ピコスルファートナトリウム水和物,１％１ｇ,加算1,,10.9,,,,
内用薬,2359005S1ZZZ,【般】ピコスルファートＮａ経口液０．７５％,ピコスルファートナトリウム水和物,０．７５％１ｍＬ,"加算1,2",,8.9,,,,
内用薬,2359102X1ZZZ,【般】センナ・センナ実配合顆粒,センナ・センナ実,１ｇ,"加算1,2",,6.3,準先発品はアローゼン顆粒,,,
内用薬,2359106B1ZZZ,【般】複方カンゾウ散,複方カンゾウ,１ｇ,加算1,,6,,,,
内用薬,2359108F1ZZZ,【般】ジオクチルソジウムスルホサクシネート等配合錠,ジオクチルソジウムスルホサクシネート・カサンスラノール,１錠,加算1,,5.7,,,,
内用薬,2359109B1ZZZ,【般】人工カルルス塩粉末,人工カルルス塩,１０ｇ,加算1,,7,,,,
内用薬,2362001F1ZZZ,【般】ウルソデオキシコール酸錠５０ｍｇ,ウルソデオキシコール酸,５０ｍｇ１錠,"加算1,2",,6.1,,,,
内用薬,2362001F2ZZZ,【般】ウルソデオキシコール酸錠１００ｍｇ,ウルソデオキシコール酸,１００ｍｇ１錠,"加算1,2",,6.6,,,,
内用薬,2391001F3ZZZ,【般】オンダンセトロン口腔内崩壊錠２ｍｇ,オンダンセトロン塩酸塩水和物,２ｍｇ１錠,加算1,,394.8,,,,
内用薬,2391001F4ZZZ,【般】オンダンセトロン口腔内崩壊錠４ｍｇ,オンダンセトロン塩酸塩水和物,４ｍｇ１錠,加算1,,512.8,,,,
内用薬,2391002Q1ZZZ,【般】グラニセトロン経口ゼリー１ｍｇ,グラニセトロン塩酸塩,１ｍｇ１包,加算1,,394.5,,,,
内用薬,2391002Q2ZZZ,【般】グラニセトロン経口ゼリー２ｍｇ,グラニセトロン塩酸塩,２ｍｇ１包,加算1,,697.6,,,,
内用薬,2399004C1ZZZ,【般】メトクロプラミド細粒２％,メトクロプラミド,２％１ｇ,"加算1,2",,6.3,,,,
内用薬,2399004F1ZZZ,【般】メトクロプラミド錠５ｍｇ,メトクロプラミド,５ｍｇ１錠,"加算1,2",,5.7,,,,
内用薬,2399004F2ZZZ,【般】メトクロプラミド錠１０ｍｇ,メトクロプラミド,１０ｍｇ１錠,加算1,,6.1,,,,
内用薬,2399004Q1ZZZ,【般】メトクロプラミドシロップ０．１％,メトクロプラミド,０．１％１０ｍＬ,"加算1,2",,10.8,該当する後発品の経過措置期限が令和2年3月31日であることから、同年4月1日以降は一般名処方マスタから削除される予定,,,
内用薬,2399005F1ZZZ,【般】ドンペリドン錠５ｍｇ,ドンペリドン,５ｍｇ１錠,"加算1,2",,5.9,,,,
内用薬,2399005F2ZZZ,【般】ドンペリドン錠１０ｍｇ,ドンペリドン,１０ｍｇ１錠,"加算1,2",,5.9,,,,
内用薬,2399005F3ZZZ,【般】ドンペリドン口腔内崩壊錠５ｍｇ,ドンペリドン,５ｍｇ１錠,"加算1,2",,5.9,,,,
内用薬,2399005F4ZZZ,【般】ドンペリドン口腔内崩壊錠１０ｍｇ,ドンペリドン,１０ｍｇ１錠,"加算1,2",,5.9,,,,
内用薬,2399005R1ZZZ,【般】ドンペリドンシロップ用１％,ドンペリドン,１％１ｇ,"加算1,2",,8.3,,,,
内用薬,2399006C1ZZZ,【般】トリメブチンマレイン酸塩細粒２０％,トリメブチンマレイン酸塩,２０％１ｇ,"加算1,2",,9.2,,,,
内用薬,2399006F1ZZZ,【般】トリメブチンマレイン酸塩錠１００ｍｇ,トリメブチンマレイン酸塩,１００ｍｇ１錠,"加算1,2",,5.9,,,,
内用薬,2399008F1ZZZ,【般】イトプリド塩酸塩錠５０ｍｇ,イトプリド塩酸塩,５０ｍｇ１錠,"加算1,2",,8.2,,,,
内用薬,2399009D1ZZZ,【般】メサラジン顆粒５０％,メサラジン,５０％１ｇ,加算1,,49.8,,,,
内用薬,2399009F1ZZZ,【般】メサラジン錠２５０ｍｇ,メサラジン,２５０ｍｇ１錠,"加算1,2",,19.9,先発品はペンタサ錠２５０ｍｇ,,,
内用薬,2399009F2ZZZ,【般】メサラジン錠５００ｍｇ,メサラジン,５００ｍｇ１錠,"加算1,2",,42.5,先発品はペンタサ錠５００ｍｇ,,,
内用薬,2399009F3ZZZ,【般】メサラジン腸溶錠４００ｍｇ,メサラジン,４００ｍｇ１錠,"加算1,2",,32.3,先発品はアサコール錠４００ｍｇ,,,
内用薬,2399010B1ZZZ,【般】モサプリドクエン酸塩散１％,モサプリドクエン酸塩水和物,１％１ｇ,"加算1,2",,13.8,,,,
内用薬,2399010F1ZZZ,【般】モサプリドクエン酸塩錠２．５ｍｇ,モサプリドクエン酸塩水和物,２．５ｍｇ１錠,"加算1,2",,9.8,,,,
内用薬,2399010F2ZZZ,【般】モサプリドクエン酸塩錠５ｍｇ,モサプリドクエン酸塩水和物,５ｍｇ１錠,"加算1,2",,10.1,,,,
内用薬,2399011C1ZZZ,【般】ポリカルボフィルＣａ細粒８３．３％,ポリカルボフィルカルシウム,８３．３％１ｇ,"加算1,2",,13.6,,,,
内用薬,2454002S1ZZZ,【般】デキサメタゾンエリキシル０．０１％,デキサメタゾン,０．０１％１ｍＬ,"加算1,2",,1.7,,,,
内用薬,2454004B1ZZZ,【般】ベタメタゾン散０．１％,ベタメタゾン,０．１％１ｇ,"加算1,2",,19.7,,,,
内用薬,2454004F2ZZZ,【般】ベタメタゾン錠０．５ｍｇ,ベタメタゾン,０．５ｍｇ１錠,"加算1,2",,6.4,,,,
内用薬,2459100F1ZZZ,【般】ベタメタゾン・ｄ－クロルフェニラミン配合錠,ベタメタゾン・ｄ－クロルフェニラミンマレイン酸塩,１錠,"加算1,2",,5.7,準先発品はセレスタミン配合錠,,,
内用薬,2478001F2ZZZ,【般】クロルマジノン酢酸エステル錠２５ｍｇ,クロルマジノン酢酸エステル,２５ｍｇ１錠,"加算1,2",,10.7,,,,
内用薬,2478001G1ZZZ,【般】クロルマジノン酢酸エステル徐放錠５０ｍｇ,クロルマジノン酢酸エステル,５０ｍｇ１錠,"加算1,2",,47.3,,,,
内用薬,2478002F1ZZZ,【般】メドロキシプロゲステロン酢酸エステル錠２．５ｍｇ,メドロキシプロゲステロン酢酸エステル,２．５ｍｇ１錠,"加算1,2",,8.3,,,,
内用薬,2478002F2ZZZ,【般】メドロキシプロゲステロン酢酸エステル錠５ｍｇ,メドロキシプロゲステロン酢酸エステル,５ｍｇ１錠,"加算1,2",,18.5,,,,
内用薬,2478002F3ZZZ,【般】メドロキシプロゲステロン酢酸エステル錠２００ｍｇ,メドロキシプロゲステロン酢酸エステル,２００ｍｇ１錠,"加算1,2",,106.9,,,,
内用薬,2479003F2ZZZ,【般】アリルエストレノール錠２５ｍｇ,アリルエストレノール,２５ｍｇ１錠,加算1,,27.4,,,,
内用薬,2482009F1ZZZ,【般】ノルエチステロン・エチニルエストラジオール０．０３５配合錠,ノルエチステロン・エチニルエストラジオール,１錠,"加算1,2",,137.5,先発品はルナベル配合錠ＬＤ,,,
内用薬,2482009F2ZZZ,【般】ノルエチステロン・エチニルエストラジオール０．０２配合錠,ノルエチステロン・エチニルエストラジオール,１錠,"加算1,2",,128.6,先発品はルナベル配合錠ＵＬＤ,,,
内用薬,2491001F5ZZZ,【般】カリジノゲナーゼ錠２５単位,カリジノゲナーゼ,２５単位１錠,"加算1,2",,5.7,,,,
内用薬,2491001F6ZZZ,【般】カリジノゲナーゼ錠５０単位,カリジノゲナーゼ,５０単位１錠,"加算1,2",,5.9,,,,
内用薬,2491001M3ZZZ,【般】カリジノゲナーゼカプセル２５単位,カリジノゲナーゼ,２５単位１カプセル,"加算1,2",,5.7,,,,
内用薬,2499010F1ZZZ,【般】ジエノゲスト錠１ｍｇ,ジエノゲスト,１ｍｇ１錠,"加算1,2",,83.1,,,,
内用薬,2499010F2ZZZ,【般】ジエノゲスト口腔内崩壊錠１ｍｇ,ジエノゲスト,１ｍｇ１錠,"加算1,2",,83.1,,,,
内用薬,2559003F1ZZZ,【般】メリロートエキス錠２５ｍｇ,メリロートエキス,２５ｍｇ１錠,加算1,,5.7,,,,
内用薬,2590002F1ZZZ,【般】フラボキサート塩酸塩錠２００ｍｇ,フラボキサート塩酸塩,２００ｍｇ１錠,"加算1,2",,7,,,,
内用薬,2590004F1ZZZ,【般】リトドリン塩酸塩錠５ｍｇ,リトドリン塩酸塩,５ｍｇ１錠,"加算1,2",,14.2,,,,
内用薬,2590005F1ZZZ,【般】オキシブチニン塩酸塩錠２ｍｇ,オキシブチニン塩酸塩,２ｍｇ１錠,"加算1,2",,5.9,,,,
内用薬,2590005F2ZZZ,【般】オキシブチニン塩酸塩錠３ｍｇ,オキシブチニン塩酸塩,３ｍｇ１錠,"加算1,2",,5.9,,,,
内用薬,2590005F3ZZZ,【般】オキシブチニン塩酸塩錠１ｍｇ,オキシブチニン塩酸塩,１ｍｇ１錠,"加算1,2",,5.7,,,,
内用薬,2590007F1ZZZ,【般】プロピベリン塩酸塩錠１０ｍｇ,プロピベリン塩酸塩,１０ｍｇ１錠,"加算1,2",,13.9,,,,
内用薬,2590007F2ZZZ,【般】プロピベリン塩酸塩錠２０ｍｇ,プロピベリン塩酸塩,２０ｍｇ１錠,"加算1,2",,22.9,,,,
内用薬,2590008F1ZZZ,【般】タムスロシン塩酸塩口腔内崩壊錠０．１ｍｇ,タムスロシン塩酸塩,０．１ｍｇ１錠,"加算1,2",,13.3,,,,
内用薬,2590008F2ZZZ,【般】タムスロシン塩酸塩口腔内崩壊錠０．２ｍｇ,タムスロシン塩酸塩,０．２ｍｇ１錠,"加算1,2",,26.6,,,,
内用薬,2590008N1ZZZ,【般】タムスロシン塩酸塩カプセル０．１ｍｇ,タムスロシン塩酸塩,０．１ｍｇ１カプセル,加算1,,13.3,,,,
内用薬,2590008N2ZZZ,【般】タムスロシン塩酸塩カプセル０．２ｍｇ,タムスロシン塩酸塩,０．２ｍｇ１カプセル,加算1,,26.6,,,,
内用薬,2590009F1ZZZ,【般】ナフトピジル錠２５ｍｇ,ナフトピジル,２５ｍｇ１錠,"加算1,2",,10.1,,,,
内用薬,2590009F2ZZZ,【般】ナフトピジル錠５０ｍｇ,ナフトピジル,５０ｍｇ１錠,"加算1,2",,19.7,,,,
内用薬,2590009F3ZZZ,【般】ナフトピジル錠７５ｍｇ,ナフトピジル,７５ｍｇ１錠,"加算1,2",,28.5,,,,
内用薬,2590009F4ZZZ,【般】ナフトピジル口腔内崩壊錠５０ｍｇ,ナフトピジル,５０ｍｇ１錠,"加算1,2",,19.7,,,,
内用薬,2590009F5ZZZ,【般】ナフトピジル口腔内崩壊錠７５ｍｇ,ナフトピジル,７５ｍｇ１錠,"加算1,2",,28.5,,,,
内用薬,2590009F6ZZZ,【般】ナフトピジル口腔内崩壊錠２５ｍｇ,ナフトピジル,２５ｍｇ１錠,"加算1,2",,10.1,,,,
内用薬,2590010F1ZZZ,【般】シロドシン錠２ｍｇ,シロドシン,２ｍｇ１錠,"加算1,2",,12.5,,,,
内用薬,2590010F2ZZZ,【般】シロドシン錠４ｍｇ,シロドシン,４ｍｇ１錠,"加算1,2",,24.4,,,,
内用薬,2590010F3ZZZ,【般】シロドシン口腔内崩壊錠２ｍｇ,シロドシン,２ｍｇ１錠,"加算1,2",,12.5,,,,
内用薬,2590010F4ZZZ,【般】シロドシン口腔内崩壊錠４ｍｇ,シロドシン,４ｍｇ１錠,"加算1,2",,24.4,,,,
内用薬,2590100X1ZZZ,【般】オオウメガサソウエキス０．５ｍｇ・ハコヤナギエキス等配合錠,オオウメガサソウエキス・ハコヤナギエキス配合剤,１錠,加算1,,5.9,,,,
内用薬,2590100X2ZZZ,【般】オオウメガサソウエキス１．０ｍｇ・ハコヤナギエキス等配合錠,オオウメガサソウエキス・ハコヤナギエキス配合剤,１錠,"加算1,2",,6.3,準先発品はエビプロスタット配合錠ＤＢ,,,
内用薬,2900002C1ZZZ,【般】ガンマオリザノール細粒２０％,ガンマオリザノール,２０％１ｇ,"加算1,2",,6.3,,,,
内用薬,2900002F5ZZZ,【般】ガンマオリザノール錠５０ｍｇ,ガンマオリザノール,５０ｍｇ１錠,"加算1,2",,5.7,,,,
内用薬,3112001F1ZZZ,【般】アルファカルシドール錠０．２５μｇ,アルファカルシドール,０．２５μｇ１錠,"加算1,2",,5.9,,,,
内用薬,3112001F2ZZZ,【般】アルファカルシドール錠０．５μｇ,アルファカルシドール,０．５μｇ１錠,"加算1,2",,5.9,,,,
内用薬,3112001F3ZZZ,【般】アルファカルシドール錠１μｇ,アルファカルシドール,１μｇ１錠,"加算1,2",,7.6,,,,
内用薬,3112001M1ZZZ,【般】アルファカルシドールカプセル０．２５μｇ,アルファカルシドール,０．２５μｇ１カプセル,"加算1,2",,5.9,,,,
内用薬,3112001M2ZZZ,【般】アルファカルシドールカプセル０．５μｇ,アルファカルシドール,０．５μｇ１カプセル,"加算1,2",,5.9,,,,
内用薬,3112001M3ZZZ,【般】アルファカルシドールカプセル１μｇ,アルファカルシドール,１μｇ１カプセル,"加算1,2",,7.6,,,,
内用薬,3112001M4ZZZ,【般】アルファカルシドールカプセル３μｇ,アルファカルシドール,３μｇ１カプセル,"加算1,2",,19.7,,,,
内用薬,3112004F1ZZZ,【般】カルシトリオール錠０．２５μｇ,カルシトリオール,０．２５μｇ１錠,加算1,,6.8,,,,
内用薬,3112004M1ZZZ,【般】カルシトリオールカプセル０．２５μｇ,カルシトリオール,０．２５μｇ１カプセル,"加算1,2",,6.8,,,,
内用薬,3112004M2ZZZ,【般】カルシトリオールカプセル０．５μｇ,カルシトリオール,０．５μｇ１カプセル,"加算1,2",,10.3,,,,
内用薬,3122007D1ZZZ,【般】フルスルチアミン顆粒１０％,フルスルチアミン,１０％１ｇ,加算1,,6.5,,,,
内用薬,3122007F2ZZZ,【般】フルスルチアミン錠２５ｍｇ,フルスルチアミン,２５ｍｇ１錠,"加算1,2",,5.5,,,,
内用薬,3122008F1ZZZ,【般】ベンフォチアミン錠２５ｍｇ,ベンフォチアミン,２５ｍｇ１錠,加算1,,5.7,,,,
内用薬,3131001F1ZZZ,【般】ＦＡＤ錠５ｍｇ,フラビンアデニンジヌクレオチド,５ｍｇ１錠,加算1,,5.7,,,,
内用薬,3131001F2ZZZ,【般】ＦＡＤ錠１０ｍｇ,フラビンアデニンジヌクレオチド,１０ｍｇ１錠,"加算1,2",,5.7,,,,
内用薬,3131001F3ZZZ,【般】ＦＡＤ錠１５ｍｇ,フラビンアデニンジヌクレオチド,１５ｍｇ１錠,加算1,,5.7,,,,
内用薬,3131001Q1ZZZ,【般】ＦＡＤシロップ０．３％,フラビンアデニンジヌクレオチド,０．３％１ｍＬ,"加算1,2",,2.8,,,,
内用薬,3131002C1ZZZ,【般】リボフラビン酪酸エステル細粒１０％,リボフラビン酪酸エステル,１０％１ｇ,"加算1,2",,6.3,,,,
内用薬,3131002F1ZZZ,【般】リボフラビン酪酸エステル錠２０ｍｇ,リボフラビン酪酸エステル,２０ｍｇ１錠,"加算1,2",,5.5,,,,
内用薬,3133001B1ZZZ,【般】パンテチン散２０％,パンテチン,２０％１ｇ,"加算1,2",,6.3,,,,
内用薬,3133001C1ZZZ,【般】パンテチン細粒２０％,パンテチン,２０％１ｇ,加算1,,6.3,,,,
内用薬,3133001C3ZZZ,【般】パンテチン細粒５０％,パンテチン,５０％１ｇ,"加算1,2",,10.8,,,,
内用薬,3133001F1ZZZ,【般】パンテチン錠３０ｍｇ,パンテチン,３０ｍｇ１錠,加算1,,5.7,,,,
内用薬,3133001F2ZZZ,【般】パンテチン錠６０ｍｇ,パンテチン,６０ｍｇ１錠,"加算1,2",,5.7,,,,
内用薬,3133001F3ZZZ,【般】パンテチン錠１００ｍｇ,パンテチン,１００ｍｇ１錠,"加算1,2",,5.7,,,,
内用薬,3134002F1ZZZ,【般】ピリドキシン塩酸塩錠３０ｍｇ,ピリドキシン塩酸塩,３０ｍｇ１錠,加算1,,5.7,,,,
内用薬,3134003F1ZZZ,【般】ピリドキサールリン酸エステル錠１０ｍｇ,ピリドキサールリン酸エステル水和物,１０ｍｇ１錠,加算1,,5.7,,,,
内用薬,3134003F2ZZZ,【般】ピリドキサールリン酸エステル錠２０ｍｇ,ピリドキサールリン酸エステル水和物,２０ｍｇ１錠,"加算1,2",,5.7,,,,
内用薬,3134003F3ZZZ,【般】ピリドキサールリン酸エステル錠３０ｍｇ,ピリドキサールリン酸エステル水和物,３０ｍｇ１錠,"加算1,2",,5.7,,,,
内用薬,3136001F1ZZZ,【般】コバマミド錠０．２５ｍｇ,コバマミド,０．２５ｍｇ１錠,加算1,,5.7,,,,
内用薬,3136004C1ZZZ,【般】メコバラミン細粒０．１％５００ｍｇ,メコバラミン,０．１％５００ｍｇ１包,加算1,,21.8,,,,
内用薬,3136004F1ZZZ,【般】メコバラミン錠０．２５ｍｇ,メコバラミン,０．２５ｍｇ１錠,加算1,,5.7,,,,
内用薬,3136004F2ZZZ,【般】メコバラミン錠０．５ｍｇ,メコバラミン,０．５ｍｇ１錠,加算1,,5.7,,,,
内用薬,3136004M1ZZZ,【般】メコバラミンカプセル０．２５ｍｇ,メコバラミン,０．２５ｍｇ１カプセル,加算1,,5.7,,,,
内用薬,3150002D1ZZZ,【般】トコフェロール酢酸エステル顆粒２０％,トコフェロール酢酸エステル,２０％１ｇ,"加算1,2",,6.3,,,,
内用薬,3150002F1ZZZ,【般】トコフェロール酢酸エステル錠５０ｍｇ,トコフェロール酢酸エステル,５０ｍｇ１錠,加算1,,5.7,,,,
内用薬,3150002F2ZZZ,【般】トコフェロール酢酸エステル錠１００ｍｇ,トコフェロール酢酸エステル,１００ｍｇ１錠,加算1,,5.7,,,,
内用薬,3150002M1ZZZ,【般】トコフェロール酢酸エステルカプセル１００ｍｇ,トコフェロール酢酸エステル,１００ｍｇ１カプセル,加算1,,5.7,,,,
内用薬,3160001F1ZZZ,【般】フィトナジオン錠５ｍｇ,フィトナジオン,５ｍｇ１錠,"加算1,2",,5.7,,,,
内用薬,3160002M2ZZZ,【般】メナテトレノンカプセル１５ｍｇ,メナテトレノン,１５ｍｇ１カプセル,"加算1,2",,11.8,,,,
内用薬,3179101M1ZZZ,【般】チアミンジスルフィド・Ｂ６（２５ｍｇ）・Ｂ１２配合カプセル,チアミンジスルフィド・Ｂ６・Ｂ１２配合剤,１カプセル,加算1,,5.5,,,,
内用薬,3179107F1ZZZ,【般】フルスルチアミン５０ｍｇ・Ｂ２・Ｂ６・Ｂ１２配合錠,フルスルチアミン・Ｂ２・Ｂ６・Ｂ１２配合剤,１錠,加算1,,7.8,,,,
内用薬,3179107MAZZZ,【般】フルスルチアミン５０ｍｇ・Ｂ２・Ｂ６・Ｂ１２配合カプセル,フルスルチアミン・Ｂ２・Ｂ６・Ｂ１２配合剤,１カプセル,"加算1,2",例外コード,7.8,準先発品はビタノイリンカプセル５０,3179107M1059,ビタノイリンカプセル５０,
内用薬,3179109M1ZZZ,【般】ベンフォチアミン２５ｍｇ（Ｂ１）・Ｂ６・Ｂ１２配合カプセル,ベンフォチアミン・Ｂ６・Ｂ１２配合剤,１カプセル,"加算1,2",,5.5,準先発品はビタメジン配合カプセルＢ２５,,,
内用薬,3179115D1ZZZ,【般】アスコルビン酸・パントテン酸Ｃａ配合顆粒,アスコルビン酸・パントテン酸カルシウム,１ｇ,加算1,,6.3,,,,
内用薬,3190001R1ZZZ,【般】ビオチンシロップ用０．１％,ビオチン,０．１％１ｇ,加算1,,6.4,,,,
内用薬,3211002F1ZZZ,【般】乳酸カルシウム錠５００ｍｇ,乳酸カルシウム水和物,５００ｍｇ１錠,加算1,,5.7,,,,
内用薬,3214001F1ZZZ,【般】Ｌ－アスパラギン酸Ｃａ錠２００ｍｇ,Ｌ－アスパラギン酸カルシウム水和物,１錠,加算1,,5.7,,,,
内用薬,3222012Q1ZZZ,【般】溶性ピロリン酸第二鉄シロップ５％,溶性ピロリン酸第二鉄,１ｍＬ,加算1,,6.2,,,,
内用薬,3222013D1ZZZ,【般】クエン酸第一鉄ナトリウム顆粒８．３％（鉄として）,クエン酸第一鉄ナトリウム,１ｇ,"加算1,2",,6.6,,,,
内用薬,3222013F1ZZZ,【般】クエン酸第一鉄ナトリウム錠５０ｍｇ（鉄として）,クエン酸第一鉄ナトリウム,鉄５０ｍｇ１錠,"加算1,2",,5.7,,,,
内用薬,3229002G1ZZZ,【般】塩化カリウム徐放錠６００ｍｇ,塩化カリウム,６００ｍｇ１錠,"加算1,2",,5.7,,,,
内用薬,3229003S1ZZZ,【般】酢酸カリウム経口液,酢酸カリウム,１０ｍＬ,加算1,,9.1,,,,
内用薬,3229005F1ZZZ,【般】Ｌ－アスパラギン酸Ｋ錠３００ｍｇ,Ｌ－アスパラギン酸カリウム,３００ｍｇ１錠,加算1,,5.9,,,,
内用薬,3253003D1ZZZ,【般】イソロイシン・ロイシン・バリン配合顆粒４．７４ｇ,イソロイシン・ロイシン・バリン,４．７４ｇ１包,加算1,,72,,,,
内用薬,3253003D3ZZZ,【般】イソロイシン・ロイシン・バリン配合顆粒４．５ｇ,イソロイシン・ロイシン・バリン,４．５ｇ１包,加算1,,96.6,,,,
内用薬,3253003D4ZZZ,【般】イソロイシン・ロイシン・バリン配合顆粒４．７３ｇ,イソロイシン・ロイシン・バリン,４．７３ｇ１包,加算1,,83.6,,,,
内用薬,3321002B1ZZZ,【般】カルバゾクロムスルホン酸Ｎａ散１０％,カルバゾクロムスルホン酸ナトリウム水和物,１０％１ｇ,"加算1,2",,9.4,,,,
内用薬,3321002C1ZZZ,【般】カルバゾクロムスルホン酸Ｎａ細粒１０％,カルバゾクロムスルホン酸ナトリウム水和物,１０％１ｇ,加算1,,9.4,,,,
内用薬,3321002F1ZZZ,【般】カルバゾクロムスルホン酸Ｎａ錠１０ｍｇ,カルバゾクロムスルホン酸ナトリウム水和物,１０ｍｇ１錠,"加算1,2",,5.1,,,,
内用薬,3321002F2ZZZ,【般】カルバゾクロムスルホン酸Ｎａ錠３０ｍｇ,カルバゾクロムスルホン酸ナトリウム水和物,３０ｍｇ１錠,"加算1,2",,5.7,,,,
内用薬,3321003F2ZZZ,【般】アドレノクロムモノアミノグアニジンメシル酸塩錠３０ｍｇ,アドレノクロムモノアミノグアニジンメシル酸塩水和物,３０ｍｇ１錠,"加算1,2",,5.7,該当する後発品の経過措置期限が令和2年3月31日であることから、同年4月1日以降は一般名処方マスタから削除される予定,,,
内用薬,3323001C1ZZZ,【般】トロンビン細粒１０，０００単位,トロンビン,１０，０００単位１ｇ１包,"加算1,2",,454.5,,,,
内用薬,3323001C2ZZZ,【般】トロンビン細粒２０，０００単位,トロンビン,２０，０００単位２ｇ１包,加算1,,733.5,,,,
内用薬,3323001C3ZZZ,【般】トロンビン細粒５，０００単位,トロンビン,５，０００単位０．５ｇ１包,"加算1,2",,380.2,,,,
内用薬,3327002B1ZZZ,【般】トラネキサム酸散５０％,トラネキサム酸,５０％１ｇ,"加算1,2",,7.3,,,,
内用薬,3327002C1ZZZ,【般】トラネキサム酸細粒５０％,トラネキサム酸,５０％１ｇ,加算1,,7.3,,,,
内用薬,3327002F1ZZZ,【般】トラネキサム酸錠２５０ｍｇ,トラネキサム酸,２５０ｍｇ１錠,加算1,,10.1,,,,
内用薬,3327002F2ZZZ,【般】トラネキサム酸錠５００ｍｇ,トラネキサム酸,５００ｍｇ１錠,"加算1,2",,9.5,,,,
内用薬,3327002M1ZZZ,【般】トラネキサム酸カプセル２５０ｍｇ,トラネキサム酸,２５０ｍｇ１カプセル,加算1,,10.1,,,,
内用薬,3327002Q1ZZZ,【般】トラネキサム酸シロップ５％,トラネキサム酸,５％１ｍＬ,"加算1,2",,3.5,,,,
内用薬,3332001C1ZZZ,【般】ワルファリンＫ細粒０．２％,ワルファリンカリウム,０．２％１ｇ,加算1,,7.8,,,,
内用薬,3332001D1ZZZ,【般】ワルファリンＫ顆粒０．２％,ワルファリンカリウム,０．２％１ｇ,"加算1,2",,7.8,,,,
内用薬,3399001C1ZZZ,【般】チクロピジン塩酸塩細粒１０％,チクロピジン塩酸塩,１０％１ｇ,"加算1,2",,18,,,,
内用薬,3399001F1ZZZ,【般】チクロピジン塩酸塩錠１００ｍｇ,チクロピジン塩酸塩,１００ｍｇ１錠,"加算1,2",,5.9,,,,
内用薬,3399002F1ZZZ,【般】シロスタゾール錠５０ｍｇ,シロスタゾール,５０ｍｇ１錠,加算1,,10.7,,,,
内用薬,3399002F2ZZZ,【般】シロスタゾール錠１００ｍｇ,シロスタゾール,１００ｍｇ１錠,加算1,,20,,,,
内用薬,3399002F3ZZZ,【般】シロスタゾール口腔内崩壊錠５０ｍｇ,シロスタゾール,５０ｍｇ１錠,"加算1,2",,10.7,,,,
内用薬,3399002F4ZZZ,【般】シロスタゾール口腔内崩壊錠１００ｍｇ,シロスタゾール,１００ｍｇ１錠,"加算1,2",,20,,,,
内用薬,3399002Q1ZZZ,【般】シロスタゾール経口ゼリー５０ｍｇ,シロスタゾール,５０ｍｇ１包,加算1,,53,,,,
内用薬,3399002Q2ZZZ,【般】シロスタゾール経口ゼリー１００ｍｇ,シロスタゾール,１００ｍｇ１包,加算1,,64.1,,,,
内用薬,3399003F1ZZZ,【般】リマプロストアルファデクス錠５μｇ,リマプロスト　アルファデクス,５μｇ１錠,"加算1,2",,18,,,,
内用薬,3399004M1ZZZ,【般】イコサペント酸エチルカプセル３００ｍｇ,イコサペント酸エチル,３００ｍｇ１カプセル,"加算1,2",,14.6,,,,
内用薬,3399004M2ZZZ,【般】イコサペント酸エチル粒状カプセル３００ｍｇ,イコサペント酸エチル,３００ｍｇ１包,"加算1,2",,10.1,,,,
内用薬,3399004M3ZZZ,【般】イコサペント酸エチル粒状カプセル６００ｍｇ,イコサペント酸エチル,６００ｍｇ１包,"加算1,2",,27.1,,,,
内用薬,3399004M4ZZZ,【般】イコサペント酸エチル粒状カプセル９００ｍｇ,イコサペント酸エチル,９００ｍｇ１包,"加算1,2",,38.4,,,,
内用薬,3399005F1ZZZ,【般】ベラプロストＮａ錠２０μｇ,ベラプロストナトリウム,２０μｇ１錠,"加算1,2",,17.7,,,,
内用薬,3399005F2ZZZ,【般】ベラプロストＮａ錠４０μｇ,ベラプロストナトリウム,４０μｇ１錠,加算1,,44.9,,,,
内用薬,3399006F1ZZZ,【般】サルポグレラート塩酸塩錠５０ｍｇ,サルポグレラート塩酸塩,５０ｍｇ１錠,"加算1,2",,25.5,,,,
内用薬,3399006F2ZZZ,【般】サルポグレラート塩酸塩錠１００ｍｇ,サルポグレラート塩酸塩,１００ｍｇ１錠,"加算1,2",,45.8,,,,
内用薬,3399007H1ZZZ,【般】アスピリン腸溶錠１００ｍｇ,アスピリン,１００ｍｇ１錠,加算1,,5.7,,,,
内用薬,3399008F1ZZZ,【般】クロピドグレル錠２５ｍｇ,クロピドグレル硫酸塩,２５ｍｇ１錠,"加算1,2",,15.8,,,,
内用薬,3399008F2ZZZ,【般】クロピドグレル錠７５ｍｇ,クロピドグレル硫酸塩,７５ｍｇ１錠,"加算1,2",,42.3,,,,
内用薬,3399008F3ZZZ,【般】クロピドグレル錠５０ｍｇ,クロピドグレル硫酸塩,５０ｍｇ１錠,加算1,,35.3,,,,
内用薬,3399100F1ZZZ,【般】アスピリン８１ｍｇ・ダイアルミネート配合錠,アスピリン・ダイアルミネート,８１ｍｇ１錠,加算1,,5.7,,,,
内用薬,3919001F2ZZZ,【般】プロトポルフィリン二ナトリウム錠２０ｍｇ,プロトポルフィリン二ナトリウム,２０ｍｇ１錠,加算1,,5.7,,,,
内用薬,3919300F1ZZZ,【般】肝臓加水分解物腸溶錠１００ｍｇ,肝臓加水分解物,１００ｍｇ１錠,加算1,,5.7,,,,
内用薬,3921001F1ZZZ,【般】エデト酸カルシウム二ナトリウム錠５００ｍｇ,エデト酸カルシウム二ナトリウム水和物,５００ｍｇ１錠,加算1,,90.2,,,,
内用薬,3922001F2ZZZ,【般】グルタチオン錠１００ｍｇ,グルタチオン,１００ｍｇ１錠,"加算1,2",,7.4,,,,
内用薬,3929003C1ZZZ,【般】球形吸着炭細粒,球形吸着炭,１ｇ,"加算1,2",,55.8,,,,
内用薬,3929003M1ZZZ,【般】球形吸着炭カプセル２００ｍｇ,球形吸着炭,２００ｍｇ１カプセル,"加算1,2",,11.8,,,,
内用薬,3929003M2ZZZ,【般】球形吸着炭カプセル２８６ｍｇ,球形吸着炭,２８６ｍｇ１カプセル,加算1,,17,,,,
内用薬,3929004F2ZZZ,【般】ホリナート錠２５ｍｇ,ホリナートカルシウム,２５ｍｇ１錠,"加算1,2",,773,,,,
内用薬,3943001F1ZZZ,【般】アロプリノール錠１００ｍｇ,アロプリノール,１００ｍｇ１錠,"加算1,2",,7.8,,,,
内用薬,3943001F2ZZZ,【般】アロプリノール錠５０ｍｇ,アロプリノール,５０ｍｇ１錠,"加算1,2",,6.1,,,,
内用薬,3949002C1ZZZ,【般】ベンズブロマロン細粒１０％,ベンズブロマロン,１０％１ｇ,加算1,,36.6,,,,
内用薬,3949002F1ZZZ,【般】ベンズブロマロン錠２５ｍｇ,ベンズブロマロン,２５ｍｇ１錠,"加算1,2",,5.9,,,,
内用薬,3949002F2ZZZ,【般】ベンズブロマロン錠５０ｍｇ,ベンズブロマロン,５０ｍｇ１錠,"加算1,2",,6,,,,
内用薬,3949101A1ZZZ,【般】クエン酸カリウム・クエン酸ナトリウム配合散,クエン酸カリウム・クエン酸ナトリウム水和物,１ｇ,"加算1,2",,7.7,先発品はウラリット－Ｕ配合散,,,
内用薬,3949101F1ZZZ,【般】クエン酸カリウム・クエン酸ナトリウム配合錠,クエン酸カリウム・クエン酸ナトリウム水和物,１錠,"加算1,2",,5.9,先発品はウラリット配合錠,,,
内用薬,3961003F1ZZZ,【般】グリベンクラミド錠１．２５ｍｇ,グリベンクラミド,１．２５ｍｇ１錠,"加算1,2",,5.7,,,,
内用薬,3961003F2ZZZ,【般】グリベンクラミド錠２．５ｍｇ,グリベンクラミド,２．５ｍｇ１錠,"加算1,2",,5.7,,,,
内用薬,3961007F1ZZZ,【般】グリクラジド錠４０ｍｇ,グリクラジド,４０ｍｇ１錠,"加算1,2",,5.9,,,,
内用薬,3961007F2ZZZ,【般】グリクラジド錠２０ｍｇ,グリクラジド,２０ｍｇ１錠,"加算1,2",,5.7,,,,
内用薬,3961008F1ZZZ,【般】グリメピリド錠１ｍｇ,グリメピリド,１ｍｇ１錠,"加算1,2",,10.1,,,,
内用薬,3961008F2ZZZ,【般】グリメピリド錠３ｍｇ,グリメピリド,３ｍｇ１錠,"加算1,2",,13.9,,,,
内用薬,3961008F3ZZZ,【般】グリメピリド錠０．５ｍｇ,グリメピリド,０．５ｍｇ１錠,"加算1,2",,9.8,,,,
内用薬,3961008F4ZZZ,【般】グリメピリド口腔内崩壊錠１ｍｇ,グリメピリド,１ｍｇ１錠,"加算1,2",,10.1,,,,
内用薬,3961008F5ZZZ,【般】グリメピリド口腔内崩壊錠３ｍｇ,グリメピリド,３ｍｇ１錠,"加算1,2",,13.9,,,,
内用薬,3961008F6ZZZ,【般】グリメピリド口腔内崩壊錠０．５ｍｇ,グリメピリド,０．５ｍｇ１錠,"加算1,2",,9.8,,,,
内用薬,3962001F1ZZZ,【般】ブホルミン塩酸塩錠５０ｍｇ,ブホルミン塩酸塩,５０ｍｇ１錠,加算1,,9.8,,,,
内用薬,3962002F1ZZZ,【般】メトホルミン塩酸塩錠２５０ｍｇ：ＧＬ,メトホルミン塩酸塩,２５０ｍｇ１錠,加算1,,9.8,,,,
内用薬,3962002F3ZZZ,【般】メトホルミン塩酸塩錠５００ｍｇ：ＭＴ,メトホルミン塩酸塩,５００ｍｇ１錠,"加算1,2",,10.1,先発品はメトグルコ錠５００ｍｇ,,,
内用薬,3969003F1ZZZ,【般】アカルボース錠５０ｍｇ,アカルボース,５０ｍｇ１錠,"加算1,2",,10.3,,,,
内用薬,3969003F2ZZZ,【般】アカルボース錠１００ｍｇ,アカルボース,１００ｍｇ１錠,"加算1,2",,18.3,,,,
内用薬,3969003F3ZZZ,【般】アカルボース口腔内崩壊錠５０ｍｇ,アカルボース,５０ｍｇ１錠,"加算1,2",,10.3,,,,
内用薬,3969003F4ZZZ,【般】アカルボース口腔内崩壊錠１００ｍｇ,アカルボース,１００ｍｇ１錠,"加算1,2",,18.3,,,,
内用薬,3969004F1ZZZ,【般】ボグリボース錠０．２ｍｇ,ボグリボース,０．２ｍｇ１錠,"加算1,2",,10.9,,,,
内用薬,3969004F2ZZZ,【般】ボグリボース錠０．３ｍｇ,ボグリボース,０．３ｍｇ１錠,"加算1,2",,15,,,,
内用薬,3969004F3ZZZ,【般】ボグリボース口腔内崩壊錠０．２ｍｇ,ボグリボース,０．２ｍｇ１錠,"加算1,2",,10.9,,,,
内用薬,3969004F4ZZZ,【般】ボグリボース口腔内崩壊錠０．３ｍｇ,ボグリボース,０．３ｍｇ１錠,"加算1,2",,15,,,,
内用薬,3969006F1ZZZ,【般】ナテグリニド錠３０ｍｇ,ナテグリニド,３０ｍｇ１錠,"加算1,2",,10.1,,,,
内用薬,3969006F2ZZZ,【般】ナテグリニド錠９０ｍｇ,ナテグリニド,９０ｍｇ１錠,"加算1,2",,21.9,,,,
内用薬,3969007F1ZZZ,【般】ピオグリタゾン錠１５ｍｇ,ピオグリタゾン塩酸塩,１５ｍｇ１錠,"加算1,2",,17.4,,,,
内用薬,3969007F2ZZZ,【般】ピオグリタゾン錠３０ｍｇ,ピオグリタゾン塩酸塩,３０ｍｇ１錠,"加算1,2",,30.9,,,,
内用薬,3969007F3ZZZ,【般】ピオグリタゾン口腔内崩壊錠１５ｍｇ,ピオグリタゾン塩酸塩,１５ｍｇ１錠,"加算1,2",,17.4,,,,
内用薬,3969007F4ZZZ,【般】ピオグリタゾン口腔内崩壊錠３０ｍｇ,ピオグリタゾン塩酸塩,３０ｍｇ１錠,"加算1,2",,30.9,,,,
内用薬,3969008F1ZZZ,【般】ミチグリニドＣａ錠５ｍｇ,ミチグリニドカルシウム水和物,５ｍｇ１錠,"加算1,2",,8.9,,,,
内用薬,3969008F2ZZZ,【般】ミチグリニドＣａ錠１０ｍｇ,ミチグリニドカルシウム水和物,１０ｍｇ１錠,"加算1,2",,15.3,,,,
内用薬,3969008F3ZZZ,【般】ミチグリニドＣａ口腔内崩壊錠５ｍｇ,ミチグリニドカルシウム水和物,５ｍｇ１錠,"加算1,2",,8.9,,,,
内用薬,3969008F4ZZZ,【般】ミチグリニドＣａ口腔内崩壊錠１０ｍｇ,ミチグリニドカルシウム水和物,１０ｍｇ１錠,"加算1,2",,15.3,,,,
内用薬,3969009F1ZZZ,【般】ミグリトール錠２５ｍｇ,ミグリトール,２５ｍｇ１錠,"加算1,2",,8.5,,,,
内用薬,3969009F2ZZZ,【般】ミグリトール錠５０ｍｇ,ミグリトール,５０ｍｇ１錠,"加算1,2",,15.2,,,,
内用薬,3969009F3ZZZ,【般】ミグリトール錠７５ｍｇ,ミグリトール,７５ｍｇ１錠,"加算1,2",,19.3,,,,
内用薬,3969009F4ZZZ,【般】ミグリトール口腔内崩壊錠５０ｍｇ,ミグリトール,５０ｍｇ１錠,"加算1,2",,15.2,,,,
内用薬,3969009F5ZZZ,【般】ミグリトール口腔内崩壊錠７５ｍｇ,ミグリトール,７５ｍｇ１錠,"加算1,2",,19.3,,,,
内用薬,3969009F6ZZZ,【般】ミグリトール口腔内崩壊錠２５ｍｇ,ミグリトール,２５ｍｇ１錠,"加算1,2",,8.5,,,,
内用薬,3992001F1ZZZ,【般】ＡＴＰ錠２０ｍｇ,アデノシン三リン酸二ナトリウム水和物,２０ｍｇ１錠,"加算1,2",,5.5,,,,
内用薬,3999001Q2ZZZ,【般】ラクツロースシロップ６５％,ラクツロース,６５％１ｍＬ,"加算1,2",,4.9,,,,
内用薬,3999001Q3ZZZ,【般】ラクツロース経口ゼリー４０．４９６％,ラクツロース,４０．４９６％１ｇ,加算1,,2.8,,,,
内用薬,3999001Q6ZZZ,【般】ラクツロース経口ゼリー５４．１６７％,ラクツロース,５４．１６７％１２ｇ１包,加算1,,45.5,,,,
内用薬,3999002F1ZZZ,【般】ミゾリビン錠２５ｍｇ,ミゾリビン,２５ｍｇ１錠,"加算1,2",,60.2,,,,
内用薬,3999002F2ZZZ,【般】ミゾリビン錠５０ｍｇ,ミゾリビン,５０ｍｇ１錠,"加算1,2",,92.2,,,,
内用薬,3999002F3ZZZ,【般】ミゾリビン口腔内崩壊錠２５ｍｇ,ミゾリビン,２５ｍｇ１錠,"加算1,2",,60.2,,,,
内用薬,3999002F4ZZZ,【般】ミゾリビン口腔内崩壊錠５０ｍｇ,ミゾリビン,５０ｍｇ１錠,"加算1,2",,92.2,,,,
内用薬,3999003F1ZZZ,【般】カモスタットメシル酸塩錠１００ｍｇ,カモスタットメシル酸塩,１００ｍｇ１錠,"加算1,2",,8.8,,,,
内用薬,3999004C1ZZZ,【般】シクロスポリン細粒１７％,シクロスポリン,１７％１ｇ,加算1,,720.3,,,,
内用薬,3999004M3ZZZ,【般】シクロスポリンカプセル１０ｍｇ：ＮＥ,シクロスポリン,１０ｍｇ１カプセル,"加算1,2",,39.3,先発品はネオーラル１０ｍｇカプセル,,,
内用薬,3999004M4ZZZ,【般】シクロスポリンカプセル２５ｍｇ：ＮＥ,シクロスポリン,２５ｍｇ１カプセル,"加算1,2",,78.5,先発品はネオーラル２５ｍｇカプセル（同一成分のサンディミュンカプセル２５ｍｇとは、バイオアベイラビリティ、適応等が異なる）,,,
内用薬,3999004M5ZZZ,【般】シクロスポリンカプセル５０ｍｇ：ＮＥ,シクロスポリン,５０ｍｇ１カプセル,"加算1,2",,129.6,先発品はネオーラル５０ｍｇカプセル（同一成分のサンディミュンカプセル５０ｍｇとは、バイオアベイラビリティ、適応等が異なる）,,,
内用薬,3999006A1ZZZ,【般】Ｌ－システイン散３２％,Ｌ－システイン,３２％１ｇ,加算1,,11.3,,,,
内用薬,3999006F1ZZZ,【般】Ｌ－システイン錠４０ｍｇ,Ｌ－システイン,４０ｍｇ１錠,加算1,,5.7,,,,
内用薬,3999006F2ZZZ,【般】Ｌ－システイン錠８０ｍｇ,Ｌ－システイン,８０ｍｇ１錠,加算1,,5.7,,,,
内用薬,3999008F1ZZZ,【般】イプリフラボン錠２００ｍｇ,イプリフラボン,２００ｍｇ１錠,"加算1,2",,9.7,,,,
内用薬,3999009F1ZZZ,【般】レボカルニチン塩化物錠１００ｍｇ,レボカルニチン塩化物,１００ｍｇ１錠,加算1,,34.6,,,,
内用薬,3999009F2ZZZ,【般】レボカルニチン塩化物錠３００ｍｇ,レボカルニチン塩化物,３００ｍｇ１錠,加算1,,101.5,,,,
内用薬,3999013F1ZZZ,【般】エパルレスタット錠５０ｍｇ,エパルレスタット,５０ｍｇ１錠,"加算1,2",,23.1,,,,
内用薬,3999014F1ZZZ,【般】タクロリムス錠０．５ｍｇ,タクロリムス水和物,０．５ｍｇ１錠,加算1,,172,,,,
内用薬,3999014F2ZZZ,【般】タクロリムス錠１ｍｇ,タクロリムス水和物,１ｍｇ１錠,加算1,,309.8,,,,
内用薬,3999014F3ZZZ,【般】タクロリムス錠１．５ｍｇ,タクロリムス水和物,１．５ｍｇ１錠,加算1,,469.9,,,,
内用薬,3999014F4ZZZ,【般】タクロリムス錠３ｍｇ,タクロリムス水和物,３ｍｇ１錠,加算1,,806.2,,,,
内用薬,3999014F5ZZZ,【般】タクロリムス錠５ｍｇ,タクロリムス水和物,５ｍｇ１錠,加算1,,1100.6,,,,
内用薬,3999014F6ZZZ,【般】タクロリムス錠２ｍｇ,タクロリムス水和物,２ｍｇ１錠,加算1,,580,,,,
内用薬,3999014M1ZZZ,【般】タクロリムスカプセル１ｍｇ,タクロリムス水和物,１ｍｇ１カプセル,"加算1,2",,309.8,,,,
内用薬,3999014M2ZZZ,【般】タクロリムスカプセル０．５ｍｇ,タクロリムス水和物,０．５ｍｇ１カプセル,"加算1,2",,172,,,,
内用薬,3999014M3ZZZ,【般】タクロリムスカプセル５ｍｇ,タクロリムス水和物,５ｍｇ１カプセル,"加算1,2",,1100.6,,,,
内用薬,3999016F1ZZZ,【般】メトトレキサート錠２ｍｇ,メトトレキサート,２ｍｇ１錠,加算1,,89.8,,,,
内用薬,3999016M1ZZZ,【般】メトトレキサートカプセル２ｍｇ,メトトレキサート,２ｍｇ１カプセル,"加算1,2",,89.8,,,,
内用薬,3999017M1ZZZ,【般】ミコフェノール酸モフェチルカプセル２５０ｍｇ,ミコフェノール酸　モフェチル,２５０ｍｇ１カプセル,"加算1,2",,102.8,,,,
内用薬,3999018F1ZZZ,【般】アレンドロン酸錠５ｍｇ,アレンドロン酸ナトリウム水和物,５ｍｇ１錠,"加算1,2",,28.9,,,,
内用薬,3999018F2ZZZ,【般】アレンドロン酸錠３５ｍｇ,アレンドロン酸ナトリウム水和物,３５ｍｇ１錠,"加算1,2",,177.7,,,,
内用薬,3999019F1ZZZ,【般】リセドロン酸Ｎａ錠２．５ｍｇ,リセドロン酸ナトリウム水和物,２．５ｍｇ１錠,"加算1,2",,36,,,,
内用薬,3999019F2ZZZ,【般】リセドロン酸Ｎａ錠１７．５ｍｇ,リセドロン酸ナトリウム水和物,１７．５ｍｇ１錠,"加算1,2",,144.6,,,,
内用薬,3999021F1ZZZ,【般】ラロキシフェン塩酸塩錠６０ｍｇ,ラロキシフェン塩酸塩,６０ｍｇ１錠,"加算1,2",,41.3,,,,
内用薬,3999026F1ZZZ,【般】ミノドロン酸錠１ｍｇ,ミノドロン酸水和物,１ｍｇ１錠,"加算1,2",,40.7,先発品はボノテオ錠１ｍｇ／リカルボン錠１ｍｇ,,,
内用薬,3999026F2ZZZ,【般】ミノドロン酸錠５０ｍｇ,ミノドロン酸水和物,５０ｍｇ１錠,"加算1,2",,1069.7,先発品はボノテオ錠５０ｍｇ／リカルボン錠５０ｍｇ,,,
内用薬,4219004F1ZZZ,【般】テモゾロミド錠２０ｍｇ,テモゾロミド,２０ｍｇ１錠,加算1,,1255.9,,,,
内用薬,4219004F2ZZZ,【般】テモゾロミド錠１００ｍｇ,テモゾロミド,１００ｍｇ１錠,加算1,,6257.2,,,,
内用薬,4219004M1ZZZ,【般】テモゾロミドカプセル２０ｍｇ,テモゾロミド,２０ｍｇ１カプセル,"加算1,2",,1255.9,,,,
内用薬,4219004M2ZZZ,【般】テモゾロミドカプセル１００ｍｇ,テモゾロミド,１００ｍｇ１カプセル,"加算1,2",,6257.2,,,,
内用薬,4223005F1ZZZ,【般】カペシタビン錠３００ｍｇ,カペシタビン,３００ｍｇ１錠,"加算1,2",,131.8,,,,
内用薬,4229101D1ZZZ,【般】テガフール２０ｍｇ・ギメラシル・オテラシル配合顆粒,テガフール・ギメラシル・オテラシルカリウム配合剤,２０ｍｇ１包（テガフール相当量）,"加算1,2",,253,先発品はティーエスワン配合顆粒Ｔ２０,,,
内用薬,4229101D2ZZZ,【般】テガフール２５ｍｇ・ギメラシル・オテラシル配合顆粒,テガフール・ギメラシル・オテラシルカリウム配合剤,２５ｍｇ１包（テガフール相当量）,"加算1,2",,336.3,先発品はティーエスワン配合顆粒Ｔ２５,,,
内用薬,4229101F1ZZZ,【般】テガフール２０ｍｇ・ギメラシル・オテラシル配合口腔内崩壊錠,テガフール・ギメラシル・オテラシルカリウム配合剤,２０ｍｇ１錠（テガフール相当量）,"加算1,2",,229.5,先発品はティーエスワン配合ＯＤ錠Ｔ２０,,,
内用薬,4229101F2ZZZ,【般】テガフール２５ｍｇ・ギメラシル・オテラシル配合口腔内崩壊錠,テガフール・ギメラシル・オテラシルカリウム配合剤,２５ｍｇ１錠（テガフール相当量）,"加算1,2",,239.7,先発品はティーエスワン配合ＯＤ錠Ｔ２５,,,
内用薬,4229101F3ZZZ,【般】テガフール２０ｍｇ・ギメラシル・オテラシル配合錠,テガフール・ギメラシル・オテラシルカリウム配合剤,２０ｍｇ１錠（テガフール相当量）,加算1,,229.5,,,,
内用薬,4229101F4ZZZ,【般】テガフール２５ｍｇ・ギメラシル・オテラシル配合錠,テガフール・ギメラシル・オテラシルカリウム配合剤,２５ｍｇ１錠（テガフール相当量）,加算1,,239.7,,,,
内用薬,4229101M1ZZZ,【般】テガフール２０ｍｇ・ギメラシル・オテラシル配合カプセル,テガフール・ギメラシル・オテラシルカリウム配合剤,２０ｍｇ１カプセル（テガフール相当量）,"加算1,2",,229.5,先発品はティーエスワン配合カプセルＴ２０,,,
内用薬,4229101M2ZZZ,【般】テガフール２５ｍｇ・ギメラシル・オテラシル配合カプセル,テガフール・ギメラシル・オテラシルカリウム配合剤,２５ｍｇ１カプセル（テガフール相当量）,"加算1,2",,239.7,先発品はティーエスワン配合カプセルＴ２５,,,
内用薬,4291003F1ZZZ,【般】タモキシフェン錠１０ｍｇ,タモキシフェンクエン酸塩,１０ｍｇ１錠,"加算1,2",,29.1,,,,
内用薬,4291003F2ZZZ,【般】タモキシフェン錠２０ｍｇ,タモキシフェンクエン酸塩,２０ｍｇ１錠,"加算1,2",,51.5,,,,
内用薬,4291005F1ZZZ,【般】フルタミド錠１２５ｍｇ,フルタミド,１２５ｍｇ１錠,"加算1,2",,114.5,,,,
内用薬,4291007F1ZZZ,【般】トレミフェン錠４０ｍｇ,トレミフェンクエン酸塩,４０ｍｇ１錠,"加算1,2",,136.1,,,,
内用薬,4291007F2ZZZ,【般】トレミフェン錠６０ｍｇ,トレミフェンクエン酸塩,６０ｍｇ１錠,"加算1,2",,207.2,,,,
内用薬,4291009F1ZZZ,【般】ビカルタミド錠８０ｍｇ,ビカルタミド,８０ｍｇ１錠,"加算1,2",,247.1,,,,
内用薬,4291009F2ZZZ,【般】ビカルタミド口腔内崩壊錠８０ｍｇ,ビカルタミド,８０ｍｇ１錠,"加算1,2",,247.1,,,,
内用薬,4291010F1ZZZ,【般】アナストロゾール錠１ｍｇ,アナストロゾール,１ｍｇ１錠,"加算1,2",,105.5,,,,
内用薬,4291011F1ZZZ,【般】イマチニブ錠１００ｍｇ,イマチニブメシル酸塩,１００ｍｇ１錠,"加算1,2",,378.5,,,,
内用薬,4291011F2ZZZ,【般】イマチニブ錠２００ｍｇ,イマチニブメシル酸塩,２００ｍｇ１錠,加算1,,1797.5,,,,
内用薬,4291012F1ZZZ,【般】エキセメスタン錠２５ｍｇ,エキセメスタン,２５ｍｇ１錠,"加算1,2",,205.7,,,,
内用薬,4291013F1ZZZ,【般】ゲフィチニブ錠２５０ｍｇ,ゲフィチニブ,２５０ｍｇ１錠,"加算1,2",,2232.2,,,,
内用薬,4291015F1ZZZ,【般】レトロゾール錠２．５ｍｇ,レトロゾール,２．５ｍｇ１錠,"加算1,2",,133.2,,,,
内用薬,4413004C2ZZZ,【般】メキタジン小児用細粒０．６％,メキタジン,０．６％１ｇ,"加算1,2",,11.2,先発品はゼスラン小児用細粒０．６％／ニポラジン小児用細粒０．６％,,,
内用薬,4413004F1ZZZ,【般】メキタジン錠３ｍｇ,メキタジン,３ｍｇ１錠,"加算1,2",,5.7,,,,
内用薬,4413004R1ZZZ,【般】メキタジンシロップ用０．６％,メキタジン,０．６％１ｇ,加算1,,11.2,,,,
内用薬,4419001Q1ZZZ,【般】クロルフェニラミンマレイン酸塩シロップ０．０５％,ｄｌ－クロルフェニラミンマレイン酸塩,０．０５％１０ｍＬ,"加算1,2",,6.7,,,,
内用薬,4419002F1ZZZ,【般】ｄ－クロルフェニラミンマレイン酸塩錠２ｍｇ,ｄ－クロルフェニラミンマレイン酸塩,２ｍｇ１錠,加算1,,5.7,,,,
内用薬,4419002G1ZZZ,【般】ｄ－クロルフェニラミンマレイン酸塩徐放錠６ｍｇ,ｄ－クロルフェニラミンマレイン酸塩,６ｍｇ１錠,加算1,,5.7,,,,
内用薬,4419002Q1ZZZ,【般】ｄ－クロルフェニラミンマレイン酸塩シロップ０．０４％,ｄ－クロルフェニラミンマレイン酸塩,０．０４％１０ｍＬ,"加算1,2",,10.4,準先発品はポララミンシロップ０．０４％,,,
内用薬,4419005Q1ZZZ,【般】シプロヘプタジン塩酸塩シロップ０．０４％,シプロヘプタジン塩酸塩水和物,０．０４％１０ｍＬ,"加算1,2",,8.7,,,,
内用薬,4419006F1ZZZ,【般】ホモクロルシクリジン塩酸塩錠１０ｍｇ,ホモクロルシクリジン塩酸塩,１０ｍｇ１錠,加算1,,5.5,,,,
内用薬,4419008F1ZZZ,【般】クレマスチン錠１ｍｇ,クレマスチンフマル酸塩,１ｍｇ１錠,"加算1,2",,5.1,,,,
内用薬,4419008Q1ZZZ,【般】クレマスチンシロップ０．０１％,クレマスチンフマル酸塩,０．０１％１０ｍＬ,"加算1,2",,15.2,,,,
内用薬,4419008R1ZZZ,【般】クレマスチンシロップ用０．１％,クレマスチンフマル酸塩,０．１％１ｇ,加算1,,8.5,,,,
内用薬,4420001F1ZZZ,【般】オーラノフィン錠３ｍｇ,オーラノフィン,３ｍｇ１錠,加算1,,31.4,,,,
内用薬,4420002F1ZZZ,【般】ブシラミン錠１００ｍｇ,ブシラミン,１００ｍｇ１錠,"加算1,2",,22.1,,,,
内用薬,4420002F2ZZZ,【般】ブシラミン錠５０ｍｇ,ブシラミン,５０ｍｇ１錠,"加算1,2",,15.9,,,,
内用薬,4490001C1ZZZ,【般】クロモグリク酸Ｎａ細粒１０％,クロモグリク酸ナトリウム,１０％１ｇ,"加算1,2",,25.8,,,,
内用薬,4490002C1ZZZ,【般】トラニラスト細粒１０％,トラニラスト,１０％１ｇ,"加算1,2",,7.5,,,,
内用薬,4490002M1ZZZ,【般】トラニラストカプセル１００ｍｇ,トラニラスト,１００ｍｇ１カプセル,"加算1,2",,7.8,,,,
内用薬,4490002R1ZZZ,【般】トラニラストシロップ用５％,トラニラスト,５％１ｇ,"加算1,2",,8.3,,,,
内用薬,4490003M1ZZZ,【般】ケトチフェンカプセル１ｍｇ,ケトチフェンフマル酸塩,１ｍｇ１カプセル,"加算1,2",,5.9,,,,
内用薬,4490003Q1ZZZ,【般】ケトチフェンシロップ０．０２％,ケトチフェンフマル酸塩,０．０２％１ｍＬ,"加算1,2",,6.5,,,,
内用薬,4490003R1ZZZ,【般】ケトチフェンシロップ用０．１％,ケトチフェンフマル酸塩,０．１％１ｇ,"加算1,2",,6.5,,,,
内用薬,4490004F1ZZZ,【般】アゼラスチン塩酸塩錠０．５ｍｇ,アゼラスチン塩酸塩,０．５ｍｇ１錠,"加算1,2",,5.7,,,,
内用薬,4490004F2ZZZ,【般】アゼラスチン塩酸塩錠１ｍｇ,アゼラスチン塩酸塩,１ｍｇ１錠,"加算1,2",,5.9,,,,
内用薬,4490005F1ZZZ,【般】オキサトミド錠３０ｍｇ,オキサトミド,３０ｍｇ１錠,加算1,,5.9,,,,
内用薬,4490005Q1ZZZ,【般】オキサトミドシロップ０．２％,オキサトミド,０．２％１ｍＬ,加算1,,7.2,,,,
内用薬,4490005R1ZZZ,【般】オキサトミドシロップ用２％,オキサトミド,２％１ｇ,加算1,,8.1,,,,
内用薬,4490011F1ZZZ,【般】ペミロラストＫ錠１０ｍｇ,ペミロラストカリウム,１０ｍｇ１錠,"加算1,2",,19.9,,,,
内用薬,4490011F2ZZZ,【般】ペミロラストＫ錠５ｍｇ,ペミロラストカリウム,５ｍｇ１錠,"加算1,2",,16.5,,,,
内用薬,4490011R1ZZZ,【般】ペミロラストＫシロップ用０．５％,ペミロラストカリウム,０．５％１ｇ,"加算1,2",,30.1,,,,
内用薬,4490012F1ZZZ,【般】オザグレル塩酸塩錠１００ｍｇ,オザグレル塩酸塩水和物,１００ｍｇ１錠,"加算1,2",,30.2,,,,
内用薬,4490012F2ZZZ,【般】オザグレル塩酸塩錠２００ｍｇ,オザグレル塩酸塩水和物,２００ｍｇ１錠,"加算1,2",,48.6,,,,
内用薬,4490013M1ZZZ,【般】エメダスチンフマル酸塩カプセル１ｍｇ,エメダスチンフマル酸塩,１ｍｇ１カプセル,"加算1,2",,26.2,,,,
内用薬,4490013M2ZZZ,【般】エメダスチンフマル酸塩カプセル２ｍｇ,エメダスチンフマル酸塩,２ｍｇ１カプセル,"加算1,2",,31.9,,,,
内用薬,4490014F1ZZZ,【般】エピナスチン塩酸塩錠１０ｍｇ,エピナスチン塩酸塩,１０ｍｇ１錠,"加算1,2",,15.6,,,,
内用薬,4490014F2ZZZ,【般】エピナスチン塩酸塩錠２０ｍｇ,エピナスチン塩酸塩,２０ｍｇ１錠,"加算1,2",,23.9,,,,
内用薬,4490014R1ZZZ,【般】エピナスチン塩酸塩シロップ用１％,エピナスチン塩酸塩,１％１ｇ,"加算1,2",,23.9,,,,
内用薬,4490014S1ZZZ,【般】エピナスチン塩酸塩経口液０．２％,エピナスチン塩酸塩,０．２％１ｍＬ,加算1,,20.7,,,,
内用薬,4490016M1ZZZ,【般】スプラタストトシル酸塩カプセル５０ｍｇ,スプラタストトシル酸塩,５０ｍｇ１カプセル,"加算1,2",,22.8,,,,
内用薬,4490016M2ZZZ,【般】スプラタストトシル酸塩カプセル１００ｍｇ,スプラタストトシル酸塩,１００ｍｇ１カプセル,"加算1,2",,23,,,,
内用薬,4490017F1ZZZ,【般】プランルカスト錠１１２．５ｍｇ,プランルカスト水和物,１１２．５ｍｇ１錠,加算1,,21.7,,,,
内用薬,4490017F2ZZZ,【般】プランルカスト錠２２５ｍｇ,プランルカスト水和物,２２５ｍｇ１錠,加算1,,41.3,,,,
内用薬,4490017M1ZZZ,【般】プランルカストカプセル１１２．５ｍｇ,プランルカスト水和物,１１２．５ｍｇ１カプセル,"加算1,2",,21.7,,,,
内用薬,4490017M2ZZZ,【般】プランルカストカプセル２２５ｍｇ,プランルカスト水和物,２２５ｍｇ１カプセル,加算1,,41.3,,,,
内用薬,4490017R1ZZZ,【般】プランルカストシロップ用１０％,プランルカスト水和物,１０％１ｇ,"加算1,2",,29.8,,,,
内用薬,4490019F1ZZZ,【般】エバスチン錠５ｍｇ,エバスチン,５ｍｇ１錠,"加算1,2",,23.6,,,,
内用薬,4490019F2ZZZ,【般】エバスチン錠１０ｍｇ,エバスチン,１０ｍｇ１錠,"加算1,2",,34.4,,,,
内用薬,4490019F3ZZZ,【般】エバスチン口腔内崩壊錠５ｍｇ,エバスチン,５ｍｇ１錠,"加算1,2",,23.6,,,,
内用薬,4490019F4ZZZ,【般】エバスチン口腔内崩壊錠１０ｍｇ,エバスチン,１０ｍｇ１錠,"加算1,2",,34.4,,,,
内用薬,4490020F1ZZZ,【般】セチリジン塩酸塩錠５ｍｇ,セチリジン塩酸塩,５ｍｇ１錠,"加算1,2",,12.1,,,,
内用薬,4490020F2ZZZ,【般】セチリジン塩酸塩錠１０ｍｇ,セチリジン塩酸塩,１０ｍｇ１錠,"加算1,2",,16.5,,,,
内用薬,4490020F3ZZZ,【般】セチリジン塩酸塩口腔内崩壊錠５ｍｇ,セチリジン塩酸塩,５ｍｇ１錠,加算1,,12.1,,,,
内用薬,4490020F4ZZZ,【般】セチリジン塩酸塩口腔内崩壊錠１０ｍｇ,セチリジン塩酸塩,１０ｍｇ１錠,加算1,,16.5,,,,
内用薬,4490020R1ZZZ,【般】セチリジン塩酸塩シロップ用１．２５％,セチリジン塩酸塩,１．２５％１ｇ,"加算1,2",,111.2,,,,
内用薬,4490021F1ZZZ,【般】ラマトロバン錠５０ｍｇ,ラマトロバン,５０ｍｇ１錠,"加算1,2",,36.1,,,,
内用薬,4490021F2ZZZ,【般】ラマトロバン錠７５ｍｇ,ラマトロバン,７５ｍｇ１錠,"加算1,2",,46,,,,
内用薬,4490022F1ZZZ,【般】ベポタスチンベシル酸塩錠５ｍｇ,ベポタスチンベシル酸塩,５ｍｇ１錠,"加算1,2",,15.5,,,,
内用薬,4490022F2ZZZ,【般】ベポタスチンベシル酸塩錠１０ｍｇ,ベポタスチンベシル酸塩,１０ｍｇ１錠,"加算1,2",,11.6,,,,
内用薬,4490022F3ZZZ,【般】ベポタスチンベシル酸塩口腔内崩壊錠５ｍｇ,ベポタスチンベシル酸塩,５ｍｇ１錠,"加算1,2",,15.5,,,,
内用薬,4490022F4ZZZ,【般】ベポタスチンベシル酸塩口腔内崩壊錠１０ｍｇ,ベポタスチンベシル酸塩,１０ｍｇ１錠,"加算1,2",,11.6,,,,
内用薬,4490023F1ZZZ,【般】フェキソフェナジン塩酸塩錠６０ｍｇ,フェキソフェナジン塩酸塩,６０ｍｇ１錠,"加算1,2",,16.1,,,,
内用薬,4490023F2ZZZ,【般】フェキソフェナジン塩酸塩錠３０ｍｇ,フェキソフェナジン塩酸塩,３０ｍｇ１錠,"加算1,2",,10.1,,,,
内用薬,4490023F3ZZZ,【般】フェキソフェナジン塩酸塩口腔内崩壊錠６０ｍｇ,フェキソフェナジン塩酸塩,６０ｍｇ１錠,"加算1,2",,16.1,,,,
内用薬,4490023F4ZZZ,【般】フェキソフェナジン塩酸塩口腔内崩壊錠３０ｍｇ,フェキソフェナジン塩酸塩,３０ｍｇ１錠,加算1,,10.1,,,,
内用薬,4490023R1ZZZ,【般】フェキソフェナジン塩酸塩シロップ用６％,フェキソフェナジン塩酸塩,６％１ｇ,加算1,,52.4,,,,
内用薬,4490023R2ZZZ,【般】フェキソフェナジン塩酸塩シロップ用５％,フェキソフェナジン塩酸塩,５％１ｇ,"加算1,2",,42.5,,,,
内用薬,4490025D1ZZZ,【般】オロパタジン塩酸塩顆粒０．５％,オロパタジン塩酸塩,０．５％１ｇ,"加算1,2",,22.1,,,,
内用薬,4490025F1ZZZ,【般】オロパタジン塩酸塩錠２．５ｍｇ,オロパタジン塩酸塩,２．５ｍｇ１錠,"加算1,2",,10.1,,,,
内用薬,4490025F2ZZZ,【般】オロパタジン塩酸塩錠５ｍｇ,オロパタジン塩酸塩,５ｍｇ１錠,"加算1,2",,10.1,,,,
内用薬,4490025F3ZZZ,【般】オロパタジン塩酸塩口腔内崩壊錠２．５ｍｇ,オロパタジン塩酸塩,２．５ｍｇ１錠,"加算1,2",,10.1,,,,
内用薬,4490025F4ZZZ,【般】オロパタジン塩酸塩口腔内崩壊錠５ｍｇ,オロパタジン塩酸塩,５ｍｇ１錠,"加算1,2",,10.1,,,,
内用薬,4490025R1ZZZ,【般】オロパタジン塩酸塩シロップ用１％,オロパタジン塩酸塩,１％１ｇ,加算1,,65.3,,,,
内用薬,4490026C1ZZZ,【般】モンテルカスト細粒４ｍｇ,モンテルカストナトリウム,４ｍｇ１包,"加算1,2",,37.2,,,,
内用薬,4490026F1ZZZ,【般】モンテルカストチュアブル錠５ｍｇ,モンテルカストナトリウム,５ｍｇ１錠,"加算1,2",,36.9,,,,
内用薬,4490026F2ZZZ,【般】モンテルカスト錠１０ｍｇ,モンテルカストナトリウム,１０ｍｇ１錠,"加算1,2",,31.8,,,,
内用薬,4490026F3ZZZ,【般】モンテルカスト錠５ｍｇ,モンテルカストナトリウム,５ｍｇ１錠,"加算1,2",,25.3,,,,
内用薬,4490026F4ZZZ,【般】モンテルカスト口腔内崩壊錠１０ｍｇ,モンテルカストナトリウム,１０ｍｇ１錠,"加算1,2",,31.8,,,,
内用薬,4490026F5ZZZ,【般】モンテルカスト口腔内崩壊錠５ｍｇ,モンテルカストナトリウム,５ｍｇ１錠,加算1,,25.3,,,,
内用薬,4490027F1ZZZ,【般】ロラタジン錠１０ｍｇ,ロラタジン,１０ｍｇ１錠,"加算1,2",,19.7,,,,
内用薬,4490027F2ZZZ,【般】ロラタジン口腔内崩壊錠１０ｍｇ,ロラタジン,１０ｍｇ１錠,"加算1,2",,19.7,,,,
内用薬,4490027R1ZZZ,【般】ロラタジンシロップ用１％,ロラタジン,１％１ｇ,"加算1,2",,60.4,,,,
内用薬,6113001B1ZZZ,【般】バンコマイシン塩酸塩散５００ｍｇ,バンコマイシン塩酸塩,５００ｍｇ１瓶,"加算1,2",,1044.4,,,,
内用薬,6131001C1ZZZ,【般】アモキシシリン細粒１０％,アモキシシリン水和物,１００ｍｇ１ｇ,"加算1,2",,7.5,,,,
内用薬,6131001C2ZZZ,【般】アモキシシリン細粒２０％,アモキシシリン水和物,２００ｍｇ１ｇ,加算1,,12.6,,,,
内用薬,6131001F2ZZZ,【般】アモキシシリン錠２５０ｍｇ,アモキシシリン水和物,２５０ｍｇ１錠,"加算1,2",,8.8,,,,
内用薬,6131001M1ZZZ,【般】アモキシシリンカプセル１２５ｍｇ,アモキシシリン水和物,１２５ｍｇ１カプセル,"加算1,2",,10.1,,,,
内用薬,6131001M2ZZZ,【般】アモキシシリンカプセル２５０ｍｇ,アモキシシリン水和物,２５０ｍｇ１カプセル,"加算1,2",,8.8,,,,
内用薬,6132008C2ZZZ,【般】セフィキシム細粒１０％,セフィキシム,１００ｍｇ１ｇ,加算1,,57.8,,,,
内用薬,6132011F1ZZZ,【般】セフポドキシムプロキセチル錠１００ｍｇ,セフポドキシム　プロキセチル,１００ｍｇ１錠,"加算1,2",,34.8,,,,
内用薬,6132011R1ZZZ,【般】セフポドキシムプロキセチルシロップ用５％,セフポドキシム　プロキセチル,５０ｍｇ１ｇ,"加算1,2",,30,,,,
内用薬,6132013C1ZZZ,【般】セフジニル細粒１０％,セフジニル,１００ｍｇ１ｇ,"加算1,2",,41.7,,,,
内用薬,6132015C1ZZZ,【般】セフジトレンピボキシル細粒１０％,セフジトレン　ピボキシル,１００ｍｇ１ｇ,"加算1,2",,73.8,,,,
内用薬,6132015F1ZZZ,【般】セフジトレンピボキシル錠１００ｍｇ,セフジトレン　ピボキシル,１００ｍｇ１錠,"加算1,2",,31.1,,,,
内用薬,6132016C1ZZZ,【般】セフカペンピボキシル塩酸塩細粒１０％,セフカペン　ピボキシル塩酸塩水和物,１００ｍｇ１ｇ,"加算1,2",,92.1,,,,
内用薬,6132016F1ZZZ,【般】セフカペンピボキシル塩酸塩錠７５ｍｇ,セフカペン　ピボキシル塩酸塩水和物,７５ｍｇ１錠,"加算1,2",,27.3,,,,
内用薬,6132016F2ZZZ,【般】セフカペンピボキシル塩酸塩錠１００ｍｇ,セフカペン　ピボキシル塩酸塩水和物,１００ｍｇ１錠,"加算1,2",,26.9,,,,
内用薬,6141002F2ZZZ,【般】エリスロマイシン錠２００ｍｇ,エリスロマイシン,２００ｍｇ１錠,加算1,,8.8,,,,
内用薬,6149002F1ZZZ,【般】ロキシスロマイシン錠１５０ｍｇ,ロキシスロマイシン,１５０ｍｇ１錠,"加算1,2",,19.9,,,,
内用薬,6149003F1ZZZ,【般】クラリスロマイシン錠５０ｍｇ,クラリスロマイシン,５０ｍｇ１錠,"加算1,2",,18.6,,,,
内用薬,6149003F2ZZZ,【般】クラリスロマイシン錠２００ｍｇ,クラリスロマイシン,２００ｍｇ１錠,"加算1,2",,27.7,,,,
内用薬,6149003R1ZZZ,【般】クラリスロマイシンシロップ用１０％,クラリスロマイシン,１００ｍｇ１ｇ,"加算1,2",,30.2,,,,
内用薬,6149004C1ZZZ,【般】アジスロマイシン細粒１０％,アジスロマイシン水和物,１００ｍｇ１ｇ,"加算1,2",,97.7,,,,
内用薬,6149004F1ZZZ,【般】アジスロマイシン錠２５０ｍｇ,アジスロマイシン水和物,２５０ｍｇ１錠,"加算1,2",,81,,,,
内用薬,6149004F3ZZZ,【般】アジスロマイシン錠１００ｍｇ,アジスロマイシン水和物,１００ｍｇ１錠,加算1,,67.4,,,,
内用薬,6149004F4ZZZ,【般】アジスロマイシン錠５００ｍｇ,アジスロマイシン水和物,５００ｍｇ１錠,加算1,,192.7,,,,
内用薬,6149004M1ZZZ,【般】アジスロマイシンカプセル１００ｍｇ,アジスロマイシン水和物,１００ｍｇ１カプセル,"加算1,2",,67.4,,,,
内用薬,6152005F1ZZZ,【般】ミノサイクリン塩酸塩錠５０ｍｇ,ミノサイクリン塩酸塩,５０ｍｇ１錠,"加算1,2",,13,,,,
内用薬,6152005F2ZZZ,【般】ミノサイクリン塩酸塩錠１００ｍｇ,ミノサイクリン塩酸塩,１００ｍｇ１錠,加算1,,24.1,,,,
内用薬,6152005M1ZZZ,【般】ミノサイクリン塩酸塩カプセル５０ｍｇ,ミノサイクリン塩酸塩,５０ｍｇ１カプセル,"加算1,2",,13,,,,
内用薬,6152005M2ZZZ,【般】ミノサイクリン塩酸塩カプセル１００ｍｇ,ミノサイクリン塩酸塩,１００ｍｇ１カプセル,"加算1,2",,24.1,,,,
内用薬,6164001M1ZZZ,【般】リファンピシンカプセル１５０ｍｇ,リファンピシン,１５０ｍｇ１カプセル,"加算1,2",,14.2,,,,
内用薬,6179001F1ZZZ,【般】ボリコナゾール錠５０ｍｇ,ボリコナゾール,５０ｍｇ１錠,"加算1,2",,325.1,,,,
内用薬,6179001F2ZZZ,【般】ボリコナゾール錠２００ｍｇ,ボリコナゾール,２００ｍｇ１錠,"加算1,2",,996,,,,
内用薬,6179001F3ZZZ,【般】ボリコナゾール錠１００ｍｇ,ボリコナゾール,１００ｍｇ１錠,加算1,,510.7,,,,
内用薬,6191001F1ZZZ,【般】アンピシリン・クロキサシリンＮａ配合錠,アンピシリン水和物・クロキサシリンナトリウム水和物,（２５０ｍｇ）１錠,加算1,,24.8,,,,
内用薬,6219001F1ZZZ,【般】サラゾスルファピリジン錠５００ｍｇ,サラゾスルファピリジン,５００ｍｇ１錠,"加算1,2",,8.5,先発品はサラゾピリン錠５００ｍｇ,,,
内用薬,6219001H1ZZZ,【般】サラゾスルファピリジン腸溶錠５００ｍｇ,サラゾスルファピリジン,５００ｍｇ１錠,"加算1,2",,21.1,先発品はアザルフィジンＥＮ錠５００ｍｇ,,,
内用薬,6219001H2ZZZ,【般】サラゾスルファピリジン腸溶錠２５０ｍｇ,サラゾスルファピリジン,２５０ｍｇ１錠,"加算1,2",,13.4,先発品はアザルフィジンＥＮ錠２５０ｍｇ,,,
内用薬,6241002F1ZZZ,【般】ピペミド酸錠２５０ｍｇ,ピペミド酸水和物,２５０ｍｇ１錠,"加算1,2",,6.8,,,,
内用薬,6241008F1ZZZ,【般】シプロフロキサシン錠１００ｍｇ,シプロフロキサシン塩酸塩,１００ｍｇ１錠,"加算1,2",,10.6,,,,
内用薬,6241008F2ZZZ,【般】シプロフロキサシン錠２００ｍｇ,シプロフロキサシン塩酸塩,２００ｍｇ１錠,"加算1,2",,12.6,,,,
内用薬,6241010C1ZZZ,【般】トスフロキサシントシル酸塩細粒１５％,トスフロキサシントシル酸塩水和物,１５０ｍｇ１ｇ,"加算1,2",,180.4,,,,
内用薬,6241010F1ZZZ,【般】トスフロキサシントシル酸塩錠７５ｍｇ,トスフロキサシントシル酸塩水和物,７５ｍｇ１錠,"加算1,2",,31,,,,
内用薬,6241010F2ZZZ,【般】トスフロキサシントシル酸塩錠１５０ｍｇ,トスフロキサシントシル酸塩水和物,１５０ｍｇ１錠,"加算1,2",,33.6,,,,
内用薬,6241013C2ZZZ,【般】レボフロキサシン細粒１０％,レボフロキサシン水和物,１００ｍｇ１ｇ（レボフロキサシンとして）,"加算1,2",,45.5,,,,
内用薬,6241013F2ZZZ,【般】レボフロキサシン錠２５０ｍｇ,レボフロキサシン水和物,２５０ｍｇ１錠（レボフロキサシンとして）,"加算1,2",,45.5,,,,
内用薬,6241013F3ZZZ,【般】レボフロキサシン錠５００ｍｇ,レボフロキサシン水和物,５００ｍｇ１錠（レボフロキサシンとして）,"加算1,2",,78.5,,,,
内用薬,6241013F4ZZZ,【般】レボフロキサシン口腔内崩壊錠２５０ｍｇ,レボフロキサシン水和物,２５０ｍｇ１錠（レボフロキサシンとして）,加算1,,45.5,,,,
内用薬,6241013F5ZZZ,【般】レボフロキサシン口腔内崩壊錠５００ｍｇ,レボフロキサシン水和物,５００ｍｇ１錠（レボフロキサシンとして）,加算1,,78.5,,,,
内用薬,6241013F6ZZZ,【般】レボフロキサシン粒状錠２５０ｍｇ,レボフロキサシン水和物,２５０ｍｇ１包（レボフロキサシンとして）,加算1,,45.5,,,,
内用薬,6241013F7ZZZ,【般】レボフロキサシン粒状錠５００ｍｇ,レボフロキサシン水和物,５００ｍｇ１包（レボフロキサシンとして）,加算1,,78.5,,,,
内用薬,6241013S2ZZZ,【般】レボフロキサシン経口液２５０ｍｇ１０ｍＬ,レボフロキサシン水和物,２５０ｍｇ１０ｍＬ１包（レボフロキサシンとして）,加算1,,139.3,,,,
内用薬,6241018F1ZZZ,【般】シタフロキサシン錠５０ｍｇ,シタフロキサシン水和物,５０ｍｇ１錠,"加算1,2",,79.9,,,,
内用薬,6249002F1ZZZ,【般】リネゾリド錠６００ｍｇ,リネゾリド,６００ｍｇ１錠,"加算1,2",,5975.4,,,,
内用薬,6250002D1ZZZ,【般】アシクロビル顆粒４０％,アシクロビル,４０％１ｇ,"加算1,2",,56.9,,,,
内用薬,6250002F1ZZZ,【般】アシクロビル錠２００ｍｇ,アシクロビル,２００ｍｇ１錠,"加算1,2",,32.3,,,,
内用薬,6250002F2ZZZ,【般】アシクロビル錠４００ｍｇ,アシクロビル,４００ｍｇ１錠,"加算1,2",,46.3,,,,
内用薬,6250002Q1ZZZ,【般】アシクロビル経口ゼリー２００ｍｇ,アシクロビル,２００ｍｇ１包,加算1,,158.9,,,,
内用薬,6250002Q2ZZZ,【般】アシクロビル経口ゼリー８００ｍｇ,アシクロビル,８００ｍｇ１包,加算1,,465.1,,,,
内用薬,6250002Q3ZZZ,【般】アシクロビルシロップ８％,アシクロビル,８％１ｍＬ,加算1,,26.6,,,,
内用薬,6250002R1ZZZ,【般】アシクロビルシロップ用８０％,アシクロビル,８０％１ｇ,加算1,,176.8,,,,
内用薬,6250019D1ZZZ,【般】バラシクロビル顆粒５０％,バラシクロビル塩酸塩,５０％１ｇ,"加算1,2",,174.2,,,,
内用薬,6250019F1ZZZ,【般】バラシクロビル錠５００ｍｇ,バラシクロビル塩酸塩,５００ｍｇ１錠,"加算1,2",,107.4,,,,
内用薬,6250019F2ZZZ,【般】バラシクロビル粒状錠５００ｍｇ,バラシクロビル塩酸塩,５００ｍｇ１包,加算1,,107.4,,,,
内用薬,6250021M1ZZZ,【般】オセルタミビルカプセル７５ｍｇ,オセルタミビルリン酸塩,７５ｍｇ１カプセル,"加算1,2",,129.7,,,,
内用薬,6250021R1ZZZ,【般】オセルタミビルシロップ用３％,オセルタミビルリン酸塩,３％１ｇ,"加算1,2",,95.5,,,,
内用薬,6250022FAZZZ,【般】リバビリン錠２００ｍｇ：ＲＥ,リバビリン,２００ｍｇ１錠,加算1,例外コード,298.2,該当する後発品の適応等が異なることから、一般名コードを例外コードへ変更,6250022F1030,リバビリン錠２００ｍｇＲＥ「マイラン」,
内用薬,6250022M1ZZZ,【般】リバビリンカプセル２００ｍｇ：ＲＥ,リバビリン,２００ｍｇ１カプセル,"加算1,2",,298.2,先発品はレベトールカプセル２００ｍｇ（同一成分の「コペガス錠２００ｍｇ」とは適応等が異なる）,,,
内用薬,6250029F1ZZZ,【般】エンテカビル錠０．５ｍｇ,エンテカビル水和物,０．５ｍｇ１錠,"加算1,2",,191.4,,,,
内用薬,6250029F2ZZZ,【般】エンテカビル口腔内崩壊錠０．５ｍｇ,エンテカビル水和物,０．５ｍｇ１錠,加算1,,191.4,,,,
内用薬,6250031F1ZZZ,【般】ファムシクロビル錠２５０ｍｇ,ファムシクロビル,２５０ｍｇ１錠,"加算1,2",,150.4,,,,
内用薬,6250031F2ZZZ,【般】ファムシクロビル錠５００ｍｇ,ファムシクロビル,５００ｍｇ１錠,加算1,,215.5,,,,
内用薬,6290002M1ZZZ,【般】フルコナゾールカプセル５０ｍｇ,フルコナゾール,５０ｍｇ１カプセル,"加算1,2",,160.8,,,,
内用薬,6290002M2ZZZ,【般】フルコナゾールカプセル１００ｍｇ,フルコナゾール,１００ｍｇ１カプセル,"加算1,2",,272.2,,,,
内用薬,6290004F1ZZZ,【般】イトラコナゾール錠５０ｍｇ,イトラコナゾール,５０ｍｇ１錠,加算1,,118.6,,,,
内用薬,6290004F2ZZZ,【般】イトラコナゾール錠１００ｍｇ,イトラコナゾール,１００ｍｇ１錠,加算1,,225.8,,,,
内用薬,6290004F3ZZZ,【般】イトラコナゾール錠２００ｍｇ,イトラコナゾール,２００ｍｇ１錠,加算1,,512.9,,,,
内用薬,6290004M1ZZZ,【般】イトラコナゾールカプセル５０ｍｇ,イトラコナゾール,５０ｍｇ１カプセル,"加算1,2",,118.6,,,,
内用薬,6290004S1ZZZ,【般】イトラコナゾール経口液１％,イトラコナゾール,１％１ｍＬ,"加算1,2",,36.6,,,,
内用薬,6290005F1ZZZ,【般】テルビナフィン錠１２５ｍｇ,テルビナフィン塩酸塩,１２５ｍｇ１錠,"加算1,2",,54,,,,
内用薬,8114004C1ZZZ,【般】モルヒネ硫酸塩徐放細粒２％（１２時間持続）,モルヒネ硫酸塩水和物,２％１ｇ,加算1,,403.7,,,,
内用薬,8114004C2ZZZ,【般】モルヒネ硫酸塩徐放細粒６％（１２時間持続）,モルヒネ硫酸塩水和物,６％１ｇ,加算1,,1065.5,,,,
内用薬,8119002F1ZZZ,【般】オキシコドン錠２．５ｍｇ,オキシコドン塩酸塩水和物,２．５ｍｇ１錠,加算1,,53.7,,,,
内用薬,8119002F2ZZZ,【般】オキシコドン錠５ｍｇ,オキシコドン塩酸塩水和物,５ｍｇ１錠,加算1,,99.3,,,,
内用薬,8119002F3ZZZ,【般】オキシコドン錠１０ｍｇ,オキシコドン塩酸塩水和物,１０ｍｇ１錠,加算1,,182.2,,,,
内用薬,8119002F4ZZZ,【般】オキシコドン錠２０ｍｇ,オキシコドン塩酸塩水和物,２０ｍｇ１錠,加算1,,337.2,,,,
内用薬,8119002G1ZZZ,【般】オキシコドン徐放錠５ｍｇ,オキシコドン塩酸塩水和物,５ｍｇ１錠,"加算1,2",,97,先発品はオキシコンチン錠５ｍｇ／該当する先発品の経過措置期限が令和2年3月31日であることから、同年4月1日以降は一般名処方加算対象が１のみとなる予定,,,
内用薬,8119002G2ZZZ,【般】オキシコドン徐放錠１０ｍｇ,オキシコドン塩酸塩水和物,１０ｍｇ１錠,"加算1,2",,180.1,先発品はオキシコンチン錠１０ｍｇ／該当する先発品の経過措置期限が令和2年3月31日であることから、同年4月1日以降は一般名処方加算対象が１のみとなる予定,,,
内用薬,8119002G3ZZZ,【般】オキシコドン徐放錠２０ｍｇ,オキシコドン塩酸塩水和物,２０ｍｇ１錠,"加算1,2",,327.9,先発品はオキシコンチン錠２０ｍｇ／該当する先発品の経過措置期限が令和2年3月31日であることから、同年4月1日以降は一般名処方加算対象が１のみとなる予定,,,
内用薬,8119002G4ZZZ,【般】オキシコドン徐放錠４０ｍｇ,オキシコドン塩酸塩水和物,４０ｍｇ１錠,"加算1,2",,599.3,先発品はオキシコンチン錠４０ｍｇ／該当する先発品の経過措置期限が令和2年3月31日であることから、同年4月1日以降は一般名処方加算対象が１のみとなる予定,,,
内用薬,8119002G5ZZZ,【般】オキシコドン徐放錠５ｍｇ（乱用防止製剤）,オキシコドン塩酸塩水和物,５ｍｇ１錠,"加算1,2",,97,先発品はオキシコンチンＴＲ錠５ｍｇ,,,
内用薬,8119002G6ZZZ,【般】オキシコドン徐放錠１０ｍｇ（乱用防止製剤）,オキシコドン塩酸塩水和物,１０ｍｇ１錠,"加算1,2",,180.1,先発品はオキシコンチンＴＲ錠１０ｍｇ,,,
内用薬,8119002G7ZZZ,【般】オキシコドン徐放錠２０ｍｇ（乱用防止製剤）,オキシコドン塩酸塩水和物,２０ｍｇ１錠,"加算1,2",,327.9,先発品はオキシコンチンＴＲ錠２０ｍｇ,,,
内用薬,8119002G8ZZZ,【般】オキシコドン徐放錠４０ｍｇ（乱用防止製剤）,オキシコドン塩酸塩水和物,４０ｍｇ１錠,"加算1,2",,599.3,先発品はオキシコンチンＴＲ錠４０ｍｇ,,,
内用薬,8119002N1ZZZ,【般】オキシコドン徐放カプセル５ｍｇ,オキシコドン塩酸塩水和物,５ｍｇ１カプセル,加算1,,97,,,,
内用薬,8119002N2ZZZ,【般】オキシコドン徐放カプセル１０ｍｇ,オキシコドン塩酸塩水和物,１０ｍｇ１カプセル,加算1,,180.1,,,,
内用薬,8119002N3ZZZ,【般】オキシコドン徐放カプセル２０ｍｇ,オキシコドン塩酸塩水和物,２０ｍｇ１カプセル,加算1,,327.9,,,,
内用薬,8119002N4ZZZ,【般】オキシコドン徐放カプセル４０ｍｇ,オキシコドン塩酸塩水和物,４０ｍｇ１カプセル,加算1,,599.3,,,,
外用薬,1141700J3ZZZ,【般】アセトアミノフェン坐剤２００ｍｇ,アセトアミノフェン,２００ｍｇ１個,"加算1,2",,20.3,,,,
外用薬,1147700J1ZZZ,【般】ジクロフェナクＮａ坐剤１２．５ｍｇ,ジクロフェナクナトリウム,１２．５ｍｇ１個,"加算1,2",,19.7,,,,
外用薬,1147700J2ZZZ,【般】ジクロフェナクＮａ坐剤２５ｍｇ,ジクロフェナクナトリウム,２５ｍｇ１個,"加算1,2",,20.3,,,,
外用薬,1147700J3ZZZ,【般】ジクロフェナクＮａ坐剤５０ｍｇ,ジクロフェナクナトリウム,５０ｍｇ１個,"加算1,2",,20.3,,,,
外用薬,1147700J4ZZZ,【般】ジクロフェナクＮａ注腸剤２５ｍｇ,ジクロフェナクナトリウム,２５ｍｇ１筒,加算1,,93.1,,,,
外用薬,1147700J5ZZZ,【般】ジクロフェナクＮａ注腸剤５０ｍｇ,ジクロフェナクナトリウム,５０ｍｇ１筒,加算1,,93.9,,,,
外用薬,1149700J1ZZZ,【般】ケトプロフェン坐剤５０ｍｇ,ケトプロフェン,５０ｍｇ１個,加算1,,20.3,,,,
外用薬,1149700J2ZZZ,【般】ケトプロフェン坐剤７５ｍｇ,ケトプロフェン,７５ｍｇ１個,加算1,,23,,,,
外用薬,1149701J1ZZZ,【般】ピロキシカム坐剤２０ｍｇ,ピロキシカム,２０ｍｇ１個,"加算1,2",,20.3,該当する先発品及び後発品の経過措置期限が令和2年3月31日であることから、同年4月1日以降は一般名処方マスタから削除される予定,,,
外用薬,1214701S1ZZZ,【般】リドカインテープ１８ｍｇ（３０．５×５０．０ｍｍ）,リドカイン,（１８ｍｇ）３０．５ｍｍ×５０．０ｍｍ１枚,"加算1,2",,32.4,,,,
外用薬,1315700M1ZZZ,【般】デキサメタゾン眼軟膏０．０５％,デキサメタゾン,０．０５％１ｇ,加算1,,61.5,,,,
外用薬,1315700M2ZZZ,【般】デキサメタゾン眼軟膏０．１％,デキサメタゾン,０．１％１ｇ,加算1,,44.3,,,,
外用薬,1315701Q1ZZZ,【般】メタスルホ安息香酸デキサメタゾンＮａ点眼液０．０２％,デキサメタゾンメタスルホ安息香酸エステルナトリウム,０．０２％１ｍＬ,加算1,,12.8,,,,
外用薬,1315701Q2ZZZ,【般】メタスルホ安息香酸デキサメタゾンＮａ点眼液０．０５％,デキサメタゾンメタスルホ安息香酸エステルナトリウム,０．０５％１ｍＬ,加算1,,20.6,,,,
外用薬,1315701Q3ZZZ,【般】メタスルホ安息香酸デキサメタゾンＮａ点眼液０．１％,デキサメタゾンメタスルホ安息香酸エステルナトリウム,０．１％１ｍＬ,"加算1,2",,17.9,,,,
外用薬,1315701Q4ZZZ,【般】メタスルホ安息香酸デキサメタゾンＮａ点眼点耳点鼻液０．１％,デキサメタゾンメタスルホ安息香酸エステルナトリウム,０．１％１ｍＬ,加算1,,36.9,,,,
外用薬,1315702Q1ZZZ,【般】デキサメタゾンリン酸エステルＮａ点眼点耳点鼻液０．１％,デキサメタゾンリン酸エステルナトリウム,０．１％１ｍＬ,"加算1,2",,17.6,,,,
外用薬,1315704Q1ZZZ,【般】フルオロメトロン点眼液０．０２％,フルオロメトロン,０．０２％１ｍＬ,"加算1,2",,17.9,,,,
外用薬,1315704Q2ZZZ,【般】フルオロメトロン点眼液０．０５％,フルオロメトロン,０．０５％１ｍＬ,加算1,,19,,,,
外用薬,1315704Q3ZZZ,【般】フルオロメトロン点眼液０．１％,フルオロメトロン,０．１％１ｍＬ,"加算1,2",,19.1,,,,
外用薬,1315705M1ZZZ,【般】プレドニゾロン酢酸エステル眼軟膏０．２５％,プレドニゾロン酢酸エステル,０．２５％１ｇ,"加算1,2",,35.3,,,,
外用薬,1315706Q2ZZZ,【般】ベタメタゾンリン酸エステルＮａ点眼点耳点鼻液０．１％,ベタメタゾンリン酸エステルナトリウム,０．１％１ｍＬ,"加算1,2",,21.1,,,,
外用薬,1317706Q1ZZZ,【般】ゲンタマイシン硫酸塩点眼液０．３％,ゲンタマイシン硫酸塩,３ｍｇ１ｍＬ,加算1,,17.9,,,,
外用薬,1319701Q1ZZZ,【般】カルテオロール塩酸塩点眼液１％（非持続性）,カルテオロール塩酸塩,１％１ｍＬ,"加算1,2",,83.3,先発品はミケラン点眼液１％,,,
外用薬,1319701Q2ZZZ,【般】カルテオロール塩酸塩点眼液２％（非持続性）,カルテオロール塩酸塩,２％１ｍＬ,"加算1,2",,111.1,先発品はミケラン点眼液２％,,,
外用薬,1319701Q3ZZZ,【般】カルテオロール塩酸塩点眼液１％（持続性）,カルテオロール塩酸塩,１％１ｍＬ,"加算1,2",,209.7,先発品はミケランＬＡ点眼液１％,,,
外用薬,1319701Q4ZZZ,【般】カルテオロール塩酸塩点眼液２％（持続性）,カルテオロール塩酸塩,２％１ｍＬ,"加算1,2",,279.4,先発品はミケランＬＡ点眼液２％,,,
外用薬,1319702Q1ZZZ,【般】チモロール点眼液０．２５％（非持続性）,チモロールマレイン酸塩,０．２５％１ｍＬ,"加算1,2",,57.2,先発品はチモプトール点眼液０．２５％,,,
外用薬,1319702Q2ZZZ,【般】チモロール点眼液０．５％（非持続性）,チモロールマレイン酸塩,０．５％１ｍＬ,"加算1,2",,81.9,先発品はチモプトール点眼液０．５％,,,
外用薬,1319702Q3ZZZ,【般】チモロール点眼液０．２５％（持続性）,チモロールマレイン酸塩,０．２５％１ｍＬ,"加算1,2",,36.3,先発品はチモプトールＸＥ点眼液０．２５％／リズモンＴＧ点眼液０．２５％,,,
外用薬,1319702Q4ZZZ,【般】チモロール点眼液０．５％（持続性）,チモロールマレイン酸塩,０．５％１ｍＬ,"加算1,2",,285.8,先発品はチモプトールＸＥ点眼液０．５％／リズモンＴＧ点眼液０．５％,,,
外用薬,1319703Q2ZZZ,【般】アズレンスルホン酸Ｎａ点眼液０．０２％５ｍＬ,アズレン,０．０２％５ｍＬ１瓶,加算1,,88.8,,,,
外用薬,1319706Q3ZZZ,【般】ピレノキシン点眼液０．００５％５ｍＬ,ピレノキシン,０．００５％５ｍＬ１瓶,加算1,,64.9,,,,
外用薬,1319709Q3ZZZ,【般】コンドロイチン硫酸エステルＮａ点眼液１％５ｍＬ,コンドロイチン硫酸エステルナトリウム,１％５ｍＬ１瓶,加算1,,86.4,,,,
外用薬,1319709Q4ZZZ,【般】コンドロイチン硫酸エステルＮａ点眼液３％５ｍＬ,コンドロイチン硫酸エステルナトリウム,３％５ｍＬ１瓶,加算1,,88.8,,,,
外用薬,1319710Q2ZZZ,【般】シアノコバラミン点眼液０．０２％,シアノコバラミン,０．０２％５ｍＬ１瓶,"加算1,2",,86.4,,,,
外用薬,1319714Q3ZZZ,【般】ＦＡＤ点眼液０．０５％,フラビンアデニンジヌクレオチド,０．０５％５ｍＬ１瓶,"加算1,2",,86.4,,,,
外用薬,1319716Q4ZZZ,【般】硫酸亜鉛点眼液０．２％５ｍＬ,硫酸亜鉛水和物,０．２％５ｍＬ１瓶,加算1,,88.2,,,,
外用薬,1319717Q1ZZZ,【般】クロモグリク酸Ｎａ点眼液２％５ｍＬ,クロモグリク酸ナトリウム,１００ｍｇ５ｍＬ１瓶,"加算1,2",,148.2,,,,
外用薬,1319718Q1ZZZ,【般】リゾチーム塩酸塩点眼液０．５％,リゾチーム塩酸塩,０．５％１ｍＬ,加算1,,20,,,,
外用薬,1319720Q3ZZZ,【般】ヒアルロン酸Ｎａ点眼液０．１％５ｍＬ,精製ヒアルロン酸ナトリウム,０．１％５ｍＬ１瓶,"加算1,2",,142.9,,,,
外用薬,1319720Q5ZZZ,【般】ヒアルロン酸Ｎａ点眼液０．３％０．４ｍＬ,精製ヒアルロン酸ナトリウム,０．３％０．４ｍＬ１個,"加算1,2",,13.4,,,,
外用薬,1319720Y2ZZZ,【般】ヒアルロン酸Ｎａ点眼液０．３％５ｍＬ,精製ヒアルロン酸ナトリウム,０．３％５ｍＬ１瓶,"加算1,2",,183.7,,,,
外用薬,1319724Q1ZZZ,【般】プラノプロフェン点眼液０．１％,プラノプロフェン,０．１％１ｍＬ,"加算1,2",,18.9,,,,
外用薬,1319726Q1ZZZ,【般】ジクロフェナクＮａ点眼液０．１％,ジクロフェナクナトリウム,０．１％１ｍＬ,"加算1,2",,33.6,,,,
外用薬,1319730Q1ZZZ,【般】ケトチフェン点眼液０．０５％５ｍＬ,ケトチフェンフマル酸塩,３．４５ｍｇ５ｍＬ１瓶,"加算1,2",,144.4,,,,
外用薬,1319732Q1ZZZ,【般】イソプロピルウノプロストン点眼液０．１２％,イソプロピルウノプロストン,０．１２％１ｍＬ,"加算1,2",,174.5,,,,
外用薬,1319733Q1ZZZ,【般】ベタキソロール塩酸塩点眼液０．５％,ベタキソロール塩酸塩,０．５％１ｍＬ,"加算1,2",,156,,,,
外用薬,1319735Q1ZZZ,【般】ペミロラストＫ点眼液０．１％,ペミロラストカリウム,５ｍｇ５ｍＬ１瓶,"加算1,2",,320.1,,,,
外用薬,1319736Q1ZZZ,【般】トラニラスト点眼液０．５％,トラニラスト,２５ｍｇ５ｍＬ１瓶,"加算1,2",,332.8,,,,
外用薬,1319739Q1ZZZ,【般】ラタノプロスト点眼液０．００５％,ラタノプロスト,０．００５％１ｍＬ,"加算1,2",,243.2,,,,
外用薬,1319740Q1ZZZ,【般】ニプラジロール点眼液０．２５％,ニプラジロール,０．２５％１ｍＬ,"加算1,2",,193.8,,,,
外用薬,1319742Q1ZZZ,【般】レボフロキサシン点眼液０．５％,レボフロキサシン水和物,０．５％１ｍＬ,"加算1,2",,42.2,,,,
外用薬,1319742Q2ZZZ,【般】レボフロキサシン点眼液１．５％,レボフロキサシン水和物,１．５％１ｍＬ,"加算1,2",,24.1,,,,
外用薬,1319743Q1ZZZ,【般】ブロムフェナクＮａ点眼液０．１％,ブロムフェナクナトリウム水和物,０．１％１ｍＬ,"加算1,2",,51.8,,,,
外用薬,1319744Q1ZZZ,【般】レボブノロール塩酸塩点眼液０．５％,レボブノロール塩酸塩,０．５％１ｍＬ,"加算1,2",,257.5,該当する先発品の経過措置期限が令和2年3月31日であることから、同年4月1日以降は一般名処方加算対象が1のみとなる予定,,,
外用薬,1319746Q1ZZZ,【般】レボカバスチン塩酸塩点眼液０．０２５％,レボカバスチン塩酸塩,０．０２５％１ｍＬ,"加算1,2",,73.4,,,,
外用薬,1319748Q1ZZZ,【般】ブリンゾラミド点眼液１％,ブリンゾラミド,１％１ｍＬ,"加算1,2",,158.6,,,,
外用薬,1319754Q1ZZZ,【般】トラボプロスト点眼液０．００４％,トラボプロスト,０．００４％１ｍＬ,"加算1,2",,367.4,,,,
外用薬,1319757Q1ZZZ,【般】ビマトプロスト点眼液０．０３％,ビマトプロスト,０．０３％１ｍＬ,"加算1,2",,358.9,,,,
外用薬,1319802Q2ZZZ,【般】クロラムフェニコール・コリスチン配合点眼液,クロラムフェニコール・コリスチンメタンスルホン酸ナトリウム,５ｍＬ１瓶,加算1,,86.4,,,,
外用薬,1319811Q2ZZZ,【般】ＦＡＤ・コンドロイチン配合点眼液,フラビンアデニンジヌクレオチドナトリウム・コンドロイチン硫酸エステルナトリウム,５ｍＬ１瓶,加算1,,86.4,,,,
外用薬,1319817Q1ZZZ,【般】ラタノプロスト・チモロール配合点眼液,ラタノプロスト・チモロールマレイン酸塩,１ｍＬ,"加算1,2",,478.6,先発品はザラカム配合点眼液,,,
外用薬,1319819Q1ZZZ,【般】ドルゾラミド・チモロール配合点眼液,ドルゾラミド塩酸塩・チモロールマレイン酸塩,１ｍＬ,"加算1,2",,237.7,先発品はコソプト配合点眼液,,,
外用薬,1319820Q1ZZZ,【般】トラボプロスト・チモロール配合点眼液,トラボプロスト・チモロールマレイン酸塩,１ｍＬ,"加算1,2",,548.2,先発品はデュオトラバ配合点眼液,,,
外用薬,1329700Q1ZZZ,【般】クロモグリク酸Ｎａ点鼻液２％,クロモグリク酸ナトリウム,１９０ｍｇ９．５ｍＬ１瓶,"加算1,2",,276.6,,,,
外用薬,1329701Q1ZZZ,【般】ジオクチルソジウムスルホサクシネート点耳液５％,ジオクチルソジウムスルホサクシネート,５％１ｍＬ,加算1,,51.7,,,,
外用薬,1329702R3ZZZ,【般】ベクロメタゾンプロピオン酸エステル点鼻液５０μｇ８．５ｇ,ベクロメタゾンプロピオン酸エステル,８．５ｍｇ８．５ｇ１瓶,加算1,,422.3,,,,
外用薬,1329702R5ZZZ,【般】ベクロメタゾンプロピオン酸エステル点鼻液５０μｇ７．５ｇ,ベクロメタゾンプロピオン酸エステル,９．３７５ｍｇ７．５ｇ１瓶,加算1,,406.3,,,,
外用薬,1329702R7ZZZ,【般】ベクロメタゾンプロピオン酸エステル点鼻粉末２５μｇ,ベクロメタゾンプロピオン酸エステル,１．５０ｍｇ０．９０８７ｇ１瓶,"加算1,2",,638.8,,,,
外用薬,1329705Q1ZZZ,【般】ケトチフェン点鼻液０．０５％,ケトチフェンフマル酸塩,６．０４８ｍｇ８ｍＬ１瓶,"加算1,2",,286.3,,,,
外用薬,1329707Q1ZZZ,【般】フルチカゾンプロピオン酸エステル点鼻液５０μｇ２８噴霧用,フルチカゾンプロピオン酸エステル,２．０４ｍｇ４ｍＬ１瓶,"加算1,2",,394.4,,,,
外用薬,1329707Q2ZZZ,【般】フルチカゾンプロピオン酸エステル点鼻液２５μｇ５６噴霧用,フルチカゾンプロピオン酸エステル,２．０４ｍｇ４ｍＬ１瓶,"加算1,2",,380.5,,,,
外用薬,1329707Q3ZZZ,【般】フルチカゾンプロピオン酸エステル点鼻液５０μｇ５６噴霧用,フルチカゾンプロピオン酸エステル,４．０８ｍｇ８ｍＬ１瓶,"加算1,2",,526.3,,,,
外用薬,1329707Q4ZZZ,【般】フルチカゾンプロピオン酸エステル点鼻液５０μｇ１１２噴霧用,フルチカゾンプロピオン酸エステル,８．１６ｍｇ１６ｍＬ１瓶,加算1,,1409.8,,,,
外用薬,1329710Q1ZZZ,【般】モメタゾン点鼻液５０μｇ１０ｇ,モメタゾンフランカルボン酸エステル水和物,５ｍｇ１０ｇ１瓶,"加算1,2",,710.5,,,,
外用薬,1329710Q2ZZZ,【般】モメタゾン点鼻液５０μｇ１８ｇ,モメタゾンフランカルボン酸エステル水和物,９ｍｇ１８ｇ１瓶,"加算1,2",,1421,,,,
外用薬,1329710Q3ZZZ,【般】モメタゾン点鼻液５０μｇ７ｇ,モメタゾンフランカルボン酸エステル水和物,３．５ｍｇ７ｇ１瓶,加算1,,710.5,,,,
外用薬,1329710Q4ZZZ,【般】モメタゾン点鼻液５０μｇ１３ｇ,モメタゾンフランカルボン酸エステル水和物,６．５ｍｇ１３ｇ１瓶,加算1,,1421,,,,
外用薬,2171700SAZZZ,【般】硝酸イソソルビドテープ４０ｍｇ,硝酸イソソルビド,４０ｍｇ１枚,"加算1,2",例外コード,31.9,,2171700S1095,フランドルテープ４０ｍｇ,
外用薬,2171700SAZZZ,【般】硝酸イソソルビドテープ４０ｍｇ,硝酸イソソルビド,４０ｍｇ１枚,"加算1,2",例外コード,31.9,,2171700S1109,ニトラステープ４０ｍｇ,
外用薬,2171700SAZZZ,【般】硝酸イソソルビドテープ４０ｍｇ,硝酸イソソルビド,４０ｍｇ１枚,"加算1,2",例外コード,31.9,,2171700S1133,硝酸イソソルビドテープ４０ｍｇ「ＥＭＥＣ」,
外用薬,2171700SAZZZ,【般】硝酸イソソルビドテープ４０ｍｇ,硝酸イソソルビド,４０ｍｇ１枚,"加算1,2",例外コード,31.9,,2171700S1150,硝酸イソソルビドテープ４０ｍｇ「サワイ」,
外用薬,2171700SAZZZ,【般】硝酸イソソルビドテープ４０ｍｇ,硝酸イソソルビド,４０ｍｇ１枚,"加算1,2",例外コード,31.9,,2171700S1168,硝酸イソソルビドテープ４０ｍｇ「テイコク」,
外用薬,2171700SAZZZ,【般】硝酸イソソルビドテープ４０ｍｇ,硝酸イソソルビド,４０ｍｇ１枚,"加算1,2",例外コード,31.9,,2171700S1176,硝酸イソソルビドテープ４０ｍｇ「東光」,
外用薬,2171700SAZZZ,【般】硝酸イソソルビドテープ４０ｍｇ,硝酸イソソルビド,４０ｍｇ１枚,"加算1,2",例外コード,31.9,,2171700S1184,硝酸イソソルビドテープ４０ｍｇ「モチダ」,
外用薬,2171700SAZZZ,【般】硝酸イソソルビドテープ４０ｍｇ,硝酸イソソルビド,４０ｍｇ１枚,"加算1,2",例外コード,31.9,,2171700S2091,リファタックテープ４０ｍｇ,
外用薬,2171701S6ZZZ,【般】ニトログリセリンテープ２７ｍｇ（９．６ｃｍ２）,ニトログリセリン,（２７ｍｇ）９．６ｃ㎡１枚,加算1,,57.1,,,,
外用薬,2234700G1ZZZ,【般】ブロムヘキシン塩酸塩吸入液０．２％,ブロムヘキシン塩酸塩,０．２％１ｍＬ,"加算1,2",,7.6,,,,
外用薬,2259701G1ZZZ,【般】クロモグリク酸Ｎａ吸入液１％,クロモグリク酸ナトリウム,１％２ｍＬ１管,"加算1,2",,32.9,,,,
外用薬,2259707S1ZZZ,【般】ツロブテロールテープ０．５ｍｇ,ツロブテロール,０．５ｍｇ１枚,"加算1,2",,15.7,,,,
外用薬,2259707S2ZZZ,【般】ツロブテロールテープ１ｍｇ,ツロブテロール,１ｍｇ１枚,"加算1,2",,20.2,,,,
外用薬,2259707S3ZZZ,【般】ツロブテロールテープ２ｍｇ,ツロブテロール,２ｍｇ１枚,"加算1,2",,30.8,,,,
外用薬,2260700B1ZZZ,【般】アズレンスルホン酸Ｎａ含嗽用散０．４％,アズレンスルホン酸ナトリウム水和物,０．４％１ｇ,加算1,,6.3,,,,
外用薬,2260700C1ZZZ,【般】アズレンスルホン酸Ｎａ含嗽用顆粒０．４％,アズレンスルホン酸ナトリウム水和物,０．４％１ｇ,加算1,,6.3,,,,
外用薬,2260700F1ZZZ,【般】アズレンスルホン酸Ｎａ含嗽用液４％,アズレンスルホン酸ナトリウム水和物,４％１ｍＬ,加算1,,38.6,,,,
外用薬,2260700F2ZZZ,【般】アズレンスルホン酸Ｎａ含嗽用液１％,アズレンスルホン酸ナトリウム水和物,１％１ｍＬ,加算1,,10.3,,,,
外用薬,2260701F1ZZZ,【般】ポビドンヨード含嗽用液７％,ポビドンヨード,７％１ｍＬ,"加算1,2",,2.2,準先発品はイソジンガーグル液７％,,,
外用薬,2260702F1ZZZ,【般】アズレンスルホン酸Ｎａ・炭酸水素ナトリウム配合含嗽剤,アズレンスルホン酸ナトリウム水和物・炭酸水素ナトリウム,０．１％１ｇ,加算1,,6.1,,,,
外用薬,2357701K1ZZZ,【般】グリセリン浣腸液５０％１０ｍＬ,グリセリン,５０％１０ｍＬ,"加算1,2",,10.3,,,,
外用薬,2357701K3ZZZ,【般】グリセリン浣腸液５０％３０ｍＬ,グリセリン,５０％３０ｍＬ１個,加算1,,98.5,,,,
外用薬,2357701K4ZZZ,【般】グリセリン浣腸液５０％４０ｍＬ,グリセリン,５０％４０ｍＬ１個,加算1,,106.1,,,,
外用薬,2357701K5ZZZ,【般】グリセリン浣腸液５０％５０ｍＬ,グリセリン,５０％５０ｍＬ１個,加算1,,105.4,,,,
外用薬,2357701K6ZZZ,【般】グリセリン浣腸液５０％６０ｍＬ,グリセリン,５０％６０ｍＬ１個,加算1,,106.3,,,,
外用薬,2357701K8ZZZ,【般】グリセリン浣腸液５０％１２０ｍＬ,グリセリン,５０％１２０ｍＬ１個,加算1,,139.2,,,,
外用薬,2357701K9ZZZ,【般】グリセリン浣腸液５０％１５０ｍＬ,グリセリン,５０％１５０ｍＬ１個,加算1,,164.9,,,,
外用薬,2357701Y1ZZZ,【般】グリセリン浣腸液５０％９０ｍＬ,グリセリン,５０％９０ｍＬ１個,加算1,,110.5,,,,
外用薬,2399706M1ZZZ,【般】デキサメタゾン口腔用軟膏０．１％,デキサメタゾン,０．１％１ｇ,"加算1,2",,51,,,,
外用薬,2399707M1ZZZ,【般】トリアムシノロンアセトニド口腔用軟膏０．１％,トリアムシノロンアセトニド,０．１％１ｇ,加算1,,64.3,,,,
外用薬,2399709E1ZZZ,【般】セチルピリジニウム塩化物トローチ２ｍｇ,セチルピリジニウム塩化物水和物,２ｍｇ１錠,加算1,,5.7,,,,
外用薬,2399710E1ZZZ,【般】デカリニウム塩化物トローチ０．２５ｍｇ,デカリニウム塩化物,０．２５ｍｇ１錠,加算1,,5.7,,,,
外用薬,2399714J1ZZZ,【般】ドンペリドン坐剤１０ｍｇ,ドンペリドン,１０ｍｇ１個,"加算1,2",,29.7,,,,
外用薬,2399714J2ZZZ,【般】ドンペリドン坐剤３０ｍｇ,ドンペリドン,３０ｍｇ１個,"加算1,2",,42.5,,,,
外用薬,2399715X1ZZZ,【般】メサラジン注腸剤１ｇ,メサラジン,１ｇ１個,"加算1,2",,467.7,,,,
外用薬,2419700R2ZZZ,【般】デスモプレシン点鼻スプレー０．０１％,デスモプレシン酢酸塩水和物,５００μｇ１瓶,"加算1,2",,3117.7,先発品はデスモプレシン・スプレー１０協和,,,
外用薬,2454701X1ZZZ,【般】ベタメタゾンリン酸エステルＮａ注腸剤３．９５ｍｇ,ベタメタゾンリン酸エステルナトリウム,３．９５ｍｇ１個,加算1,,569.5,,,,
外用薬,2454701X2ZZZ,【般】ベタメタゾンリン酸エステルＮａ注腸剤１．９７５ｍｇ,ベタメタゾンリン酸エステルナトリウム,１．９７５ｍｇ１個,加算1,,400.1,,,,
外用薬,2456700X1ZZZ,【般】プレドニゾロンリン酸エステルＮａ注腸剤２０ｍｇ,プレドニゾロンリン酸エステルナトリウム,２０ｍｇ１個,加算1,,606.7,,,,
外用薬,2499701R1ZZZ,【般】ブセレリン酢酸塩点鼻液０．１５％,ブセレリン酢酸塩,１５．７５ｍｇ１０ｍＬ１瓶,"加算1,2",,5372.6,,,,
外用薬,2499702Q1ZZZ,【般】酢酸ナファレリン点鼻液０．２％,ナファレリン酢酸塩水和物,１０ｍｇ５ｍＬ１瓶,"加算1,2",,5906.2,,,,
外用薬,2529702H1ZZZ,【般】クロトリマゾール腟錠１００ｍｇ,クロトリマゾール,１００ｍｇ１錠,"加算1,2",,29.9,,,,
外用薬,2529706H1ZZZ,【般】チニダゾール腟錠２００ｍｇ,チニダゾール,２００ｍｇ１個,加算1,,50.5,,,,
外用薬,2529708J1ZZZ,【般】イソコナゾール硝酸塩腟錠１００ｍｇ,イソコナゾール硝酸塩,１００ｍｇ１個,加算1,,48.7,,,,
外用薬,2529708J2ZZZ,【般】イソコナゾール硝酸塩腟錠３００ｍｇ,イソコナゾール硝酸塩,３００ｍｇ１個,"加算1,2",,146,,,,
外用薬,2529709H1ZZZ,【般】オキシコナゾール硝酸塩腟錠１００ｍｇ,オキシコナゾール硝酸塩,１００ｍｇ１錠,"加算1,2",,47.5,,,,
外用薬,2529709H2ZZZ,【般】オキシコナゾール硝酸塩腟錠６００ｍｇ,オキシコナゾール硝酸塩,６００ｍｇ１錠,"加算1,2",,247.9,,,,
外用薬,2559806M1ZZZ,【般】ヒドロコルチゾン・フラジオマイシン等配合軟膏,ヒドロコルチゾン・フラジオマイシン配合剤,１ｇ,"加算1,2",,15,準先発品はプロクトセディル軟膏,,,
外用薬,2559808M1ZZZ,【般】大腸菌死菌・ヒドロコルチゾン配合軟膏,大腸菌死菌・ヒドロコルチゾン,１ｇ,"加算1,2",,14.2,準先発品は強力ポステリザン（軟膏）,,,
外用薬,2559814J1ZZZ,【般】ジフルコルトロン・リドカイン配合坐剤,ジフルコルトロン吉草酸エステル・リドカイン,１個,"加算1,2",,20.3,先発品はネリプロクト坐剤,,,
外用薬,2559814M1ZZZ,【般】ジフルコルトロン・リドカイン配合軟膏,ジフルコルトロン吉草酸エステル・リドカイン,１ｇ,"加算1,2",,17.8,先発品はネリプロクト軟膏,,,
外用薬,2612701Q1ZZZ,【般】ポビドンヨード外用液７．５％,ポビドンヨード,７．５％１０ｍＬ,"加算1,2",,20.5,準先発品はイソジンスクラブ液７．５％,,,
外用薬,2612701Q2ZZZ,【般】ポビドンヨードゲル１０％,ポビドンヨード,１０％１０ｇ,"加算1,2",,40,準先発品はイソジンゲル１０％,,,
外用薬,2612701Q3ZZZ,【般】ポビドンヨード外用液１０％（エタノール非含有）,ポビドンヨード,１０％１０ｍＬ,"加算1,2",,11.4,準先発品はイソジン液１０％,,,
外用薬,2612704Q1ZZZ,【般】希ヨードチンキ外用液,希ヨードチンキ,１０ｍＬ,加算1,,7.6,,,,
外用薬,2612705X1ZZZ,【般】ヨードチンキ外用液,ヨードチンキ,１０ｍＬ,加算1,,6.4,,,,
外用薬,2612706Q1ZZZ,【般】ヨウ素外用液０．７５％,ヨウ素,１０ｍＬ,加算1,,21.9,,,,
外用薬,2612706Q2ZZZ,【般】ヨウ素外用液１％,ヨウ素,１０ｍＬ,加算1,,21.5,,,,
外用薬,2615701Q1ZZZ,【般】イソプロパノール外用液５０％,イソプロパノール,５０％１０ｍＬ,"加算1,2",,3.8,,,,
外用薬,2615701Q2ZZZ,【般】イソプロパノール外用液７０％,イソプロパノール,７０％１０ｍＬ,加算1,,4.5,,,,
外用薬,2615705Q1ZZZ,【般】エタノール外用液,エタノール,１０ｍＬ,"加算1,2",,6.4,,,,
外用薬,2616707Q1ZZZ,【般】ベンザルコニウム塩化物外用液０．０２％,ベンザルコニウム塩化物,０．０２％１０ｍＬ,加算1,,5.7,,,,
外用薬,2616707Q2ZZZ,【般】ベンザルコニウム塩化物外用液０．０５％,ベンザルコニウム塩化物,０．０５％１０ｍＬ,加算1,,5.7,,,,
外用薬,2616707Q3ZZZ,【般】ベンザルコニウム塩化物外用液０．１％,ベンザルコニウム塩化物,０．１％１０ｍＬ,加算1,,5.7,,,,
外用薬,2616707Q4ZZZ,【般】ベンザルコニウム塩化物外用液１０％,ベンザルコニウム塩化物,１０％１０ｍＬ,加算1,,6.4,,,,
外用薬,2619700Q1ZZZ,【般】アクリノール外用液０．１％,アクリノール水和物,０．１％１０ｍＬ,"加算1,2",,6.6,,,,
外用薬,2619700Q2ZZZ,【般】アクリノール外用液０．２％,アクリノール水和物,０．２％１０ｍＬ,"加算1,2",,6.6,該当する準先発品の経過措置期限が令和2年3月31日であることから、同年4月1日以降は一般名処方加算対象が1のみとなる予定,,,
外用薬,2619702Q8ZZZ,【般】クロルヘキシジングルコン酸塩外用液０．０２％,クロルヘキシジングルコン酸塩,０．０２％１０ｍＬ,加算1,,5.8,,,,
外用薬,2619702QAZZZ,【般】クロルヘキシジングルコン酸塩外用液５％,クロルヘキシジングルコン酸塩,５％１０ｍＬ,"加算1,2",例外コード,9.5,,2619702Q3020,「エビス」クリゲン液,
外用薬,2619702QAZZZ,【般】クロルヘキシジングルコン酸塩外用液５％,クロルヘキシジングルコン酸塩,５％１０ｍＬ,"加算1,2",例外コード,9.5,,2619702Q3054,クロヘキシン液５％,
外用薬,2619702QAZZZ,【般】クロルヘキシジングルコン酸塩外用液５％,クロルヘキシジングルコン酸塩,５％１０ｍＬ,"加算1,2",例外コード,9.5,,2619702Q3070,グルコン酸クロルヘキシジン５％液「メタル」,
外用薬,2619702QAZZZ,【般】クロルヘキシジングルコン酸塩外用液５％,クロルヘキシジングルコン酸塩,５％１０ｍＬ,"加算1,2",例外コード,9.5,,2619702Q3097,５％ヘキザック液,
外用薬,2619702QAZZZ,【般】クロルヘキシジングルコン酸塩外用液５％,クロルヘキシジングルコン酸塩,５％１０ｍＬ,"加算1,2",例外コード,9.5,,2619702Q3100,５％クロルヘキシジン液「ヤマゼン」,
外用薬,2619702QAZZZ,【般】クロルヘキシジングルコン酸塩外用液５％,クロルヘキシジングルコン酸塩,５％１０ｍＬ,"加算1,2",例外コード,9.5,,2619702Q3119,５％グルコン酸クロルヘキシジン液「東海」,
外用薬,2619702QAZZZ,【般】クロルヘキシジングルコン酸塩外用液５％,クロルヘキシジングルコン酸塩,５％１０ｍＬ,"加算1,2",例外コード,9.5,,2619702Q3135,５％ヒビテン液,
外用薬,2619702QAZZZ,【般】クロルヘキシジングルコン酸塩外用液５％,クロルヘキシジングルコン酸塩,５％１０ｍＬ,"加算1,2",例外コード,9.5,,2619702Q3143,５％フェルマジン液,
外用薬,2619702QAZZZ,【般】クロルヘキシジングルコン酸塩外用液５％,クロルヘキシジングルコン酸塩,５％１０ｍＬ,"加算1,2",例外コード,9.5,,2619702Q3160,マスキン液（５Ｗ／Ｖ％）,
外用薬,2619702QAZZZ,【般】クロルヘキシジングルコン酸塩外用液５％,クロルヘキシジングルコン酸塩,５％１０ｍＬ,"加算1,2",例外コード,9.5,,2619702Q3194,ステリクロン液５,
外用薬,2619702QAZZZ,【般】クロルヘキシジングルコン酸塩外用液５％,クロルヘキシジングルコン酸塩,５％１０ｍＬ,"加算1,2",例外コード,9.5,,2619702Q3216,ラポテック消毒液５％,
外用薬,2619702QAZZZ,【般】クロルヘキシジングルコン酸塩外用液５％,クロルヘキシジングルコン酸塩,５％１０ｍＬ,"加算1,2",例外コード,9.5,,2619702Q3224,５％グルコン酸クロルヘキシジン液「日医工」,
外用薬,2619702QAZZZ,【般】クロルヘキシジングルコン酸塩外用液５％,クロルヘキシジングルコン酸塩,５％１０ｍＬ,"加算1,2",例外コード,9.5,,2619702Q3232,クロルヘキシジングルコン酸塩消毒用液５％「ＮＰ」,
外用薬,2619702QAZZZ,【般】クロルヘキシジングルコン酸塩外用液５％,クロルヘキシジングルコン酸塩,５％１０ｍＬ,"加算1,2",例外コード,9.5,,2619702Q5030,５％グルクロ液,
外用薬,2619702QAZZZ,【般】クロルヘキシジングルコン酸塩外用液５％,クロルヘキシジングルコン酸塩,５％１０ｍＬ,"加算1,2",例外コード,9.5,,2619702Q5049,ネオクレミール消毒液５％,
外用薬,2619702QBZZZ,【般】クロルヘキシジングルコン酸塩外用液０．０５％,クロルヘキシジングルコン酸塩,０．０５％１０ｍＬ,加算1,例外コード,5.8,,2619702Q6029,ステリクロンＲ液０．０５,
外用薬,2619702QBZZZ,【般】クロルヘキシジングルコン酸塩外用液０．０５％,クロルヘキシジングルコン酸塩,０．０５％１０ｍＬ,加算1,例外コード,5.8,,2619702Q6045,０．０５Ｗ／Ｖ％マスキン水,
外用薬,2619702QBZZZ,【般】クロルヘキシジングルコン酸塩外用液０．０５％,クロルヘキシジングルコン酸塩,０．０５％１０ｍＬ,加算1,例外コード,5.8,,2619702Q6053,０．０５％グルコジンＲ水,
外用薬,2619702QBZZZ,【般】クロルヘキシジングルコン酸塩外用液０．０５％,クロルヘキシジングルコン酸塩,０．０５％１０ｍＬ,加算1,例外コード,5.8,,2619702Q6070,０．０５％ヘキザック水Ｒ,
外用薬,2619702QBZZZ,【般】クロルヘキシジングルコン酸塩外用液０．０５％,クロルヘキシジングルコン酸塩,０．０５％１０ｍＬ,加算1,例外コード,5.8,,2619702X2028,ステリクロンＷ液０．０５,
外用薬,2619702QBZZZ,【般】クロルヘキシジングルコン酸塩外用液０．０５％,クロルヘキシジングルコン酸塩,０．０５％１０ｍＬ,加算1,例外コード,5.8,,2619702X2036,０．０５％グルコジンＷ水,
外用薬,2619702QBZZZ,【般】クロルヘキシジングルコン酸塩外用液０．０５％,クロルヘキシジングルコン酸塩,０．０５％１０ｍＬ,加算1,例外コード,5.8,,2619702X2044,０．０５％ヘキザック水Ｗ,
外用薬,2619702QCZZZ,【般】クロルヘキシジングルコン酸塩外用液０．１％,クロルヘキシジングルコン酸塩,０．１％１０ｍＬ,加算1,例外コード,5.8,,2619702Q7025,ステリクロンＲ液０．１,
外用薬,2619702QCZZZ,【般】クロルヘキシジングルコン酸塩外用液０．１％,クロルヘキシジングルコン酸塩,０．１％１０ｍＬ,加算1,例外コード,5.8,,2619702Q7033,０．１％ヘキザック水Ｒ,
外用薬,2619702QCZZZ,【般】クロルヘキシジングルコン酸塩外用液０．１％,クロルヘキシジングルコン酸塩,０．１％１０ｍＬ,加算1,例外コード,5.8,,2619702Q7041,０．１％グルコジンＲ水,
外用薬,2619702QCZZZ,【般】クロルヘキシジングルコン酸塩外用液０．１％,クロルヘキシジングルコン酸塩,０．１％１０ｍＬ,加算1,例外コード,5.8,,2619702X1021,ステリクロンＷ液０．１,
外用薬,2619702QCZZZ,【般】クロルヘキシジングルコン酸塩外用液０．１％,クロルヘキシジングルコン酸塩,０．１％１０ｍＬ,加算1,例外コード,5.8,,2619702X1030,０．１％ヘキザック水Ｗ,
外用薬,2619702QCZZZ,【般】クロルヘキシジングルコン酸塩外用液０．１％,クロルヘキシジングルコン酸塩,０．１％１０ｍＬ,加算1,例外コード,5.8,,2619702X1048,０．１ｗ／ｖ％マスキン水,
外用薬,2619702QCZZZ,【般】クロルヘキシジングルコン酸塩外用液０．１％,クロルヘキシジングルコン酸塩,０．１％１０ｍＬ,加算1,例外コード,5.8,,2619702X1056,０．１％グルコジンＷ水,
外用薬,2619702QDZZZ,【般】クロルヘキシジングルコン酸塩外用液０．５％,クロルヘキシジングルコン酸塩,０．５％１０ｍＬ,加算1,例外コード,6.4,,2619702Q1035,ステリクロンＷエタノール液０．５,
外用薬,2619702QDZZZ,【般】クロルヘキシジングルコン酸塩外用液０．５％,クロルヘキシジングルコン酸塩,０．５％１０ｍＬ,加算1,例外コード,6.4,,2619702Q1060,マスキンＷ・エタノール液（０．５ｗ／ｖ％）,
外用薬,2619702QDZZZ,【般】クロルヘキシジングルコン酸塩外用液０．５％,クロルヘキシジングルコン酸塩,０．５％１０ｍＬ,加算1,例外コード,6.4,,2619702Q1078,０．５％ヘキザックアルコール液,
外用薬,2619702QDZZZ,【般】クロルヘキシジングルコン酸塩外用液０．５％,クロルヘキシジングルコン酸塩,０．５％１０ｍＬ,加算1,例外コード,6.4,,2619702Q1086,０．５％ラポテックアルコール液,
外用薬,2619702QDZZZ,【般】クロルヘキシジングルコン酸塩外用液０．５％,クロルヘキシジングルコン酸塩,０．５％１０ｍＬ,加算1,例外コード,6.4,,2619702Q1132,ステリクロンＷ液０．５,
外用薬,2619702QDZZZ,【般】クロルヘキシジングルコン酸塩外用液０．５％,クロルヘキシジングルコン酸塩,０．５％１０ｍＬ,加算1,例外コード,6.4,,2619702Q1159,０．５ｗ／ｖ％マスキン水,
外用薬,2619702QDZZZ,【般】クロルヘキシジングルコン酸塩外用液０．５％,クロルヘキシジングルコン酸塩,０．５％１０ｍＬ,加算1,例外コード,6.4,,2619702Q1167,０．５％ラポテックアルコール（Ｗ）液,
外用薬,2619702QDZZZ,【般】クロルヘキシジングルコン酸塩外用液０．５％,クロルヘキシジングルコン酸塩,０．５％１０ｍＬ,加算1,例外コード,6.4,,2619702Q1175,０．５％ヘキザック水Ｗ,
外用薬,2619702QDZZZ,【般】クロルヘキシジングルコン酸塩外用液０．５％,クロルヘキシジングルコン酸塩,０．５％１０ｍＬ,加算1,例外コード,6.4,,2619702Q1191,クロバインＡ,
外用薬,2619702QDZZZ,【般】クロルヘキシジングルコン酸塩外用液０．５％,クロルヘキシジングルコン酸塩,０．５％１０ｍＬ,加算1,例外コード,6.4,,2619702Q1213,０．５％グルコジンＷ水,
外用薬,2619702QDZZZ,【般】クロルヘキシジングルコン酸塩外用液０．５％,クロルヘキシジングルコン酸塩,０．５％１０ｍＬ,加算1,例外コード,6.4,,2619702Q1248,グルコジンＷ・エタノール液０．５％,
外用薬,2619702QDZZZ,【般】クロルヘキシジングルコン酸塩外用液０．５％,クロルヘキシジングルコン酸塩,０．５％１０ｍＬ,加算1,例外コード,6.4,,2619702Q1256,イワコールエタノール消毒液０．５％,
外用薬,2619702QDZZZ,【般】クロルヘキシジングルコン酸塩外用液０．５％,クロルヘキシジングルコン酸塩,０．５％１０ｍＬ,加算1,例外コード,6.4,,2619702Q1264,ヘヴィック消毒液０．５％,
外用薬,2619702QDZZZ,【般】クロルヘキシジングルコン酸塩外用液０．５％,クロルヘキシジングルコン酸塩,０．５％１０ｍＬ,加算1,例外コード,6.4,,2619702Q1272,クロルヘキシジングルコン酸塩消毒用液ＥＷ０．５％「ＮＰ」,
外用薬,2619702QDZZZ,【般】クロルヘキシジングルコン酸塩外用液０．５％,クロルヘキシジングルコン酸塩,０．５％１０ｍＬ,加算1,例外コード,6.4,,2619702Q2023,ステリクロンＲエタノール液０．５,
外用薬,2619702QDZZZ,【般】クロルヘキシジングルコン酸塩外用液０．５％,クロルヘキシジングルコン酸塩,０．５％１０ｍＬ,加算1,例外コード,6.4,,2619702Q2040,マスキンＲ・エタノール液（０．５ｗ／ｖ％）,
外用薬,2619702QDZZZ,【般】クロルヘキシジングルコン酸塩外用液０．５％,クロルヘキシジングルコン酸塩,０．５％１０ｍＬ,加算1,例外コード,6.4,,2619702Q2058,０．５％グルコン酸クロルヘキシジン・エタノール液「東海」,
外用薬,2619702QDZZZ,【般】クロルヘキシジングルコン酸塩外用液０．５％,クロルヘキシジングルコン酸塩,０．５％１０ｍＬ,加算1,例外コード,6.4,,2619702Q2066,クリゲンエタノール液０．５％（Ｒ）「エビス」,
外用薬,2619702QDZZZ,【般】クロルヘキシジングルコン酸塩外用液０．５％,クロルヘキシジングルコン酸塩,０．５％１０ｍＬ,加算1,例外コード,6.4,,2619702Q2082,ステリクロンＲ液０．５,
外用薬,2619702QDZZZ,【般】クロルヘキシジングルコン酸塩外用液０．５％,クロルヘキシジングルコン酸塩,０．５％１０ｍＬ,加算1,例外コード,6.4,,2619702Q2104,０．５％ヘキザック水Ｒ,
外用薬,2619702QDZZZ,【般】クロルヘキシジングルコン酸塩外用液０．５％,クロルヘキシジングルコン酸塩,０．５％１０ｍＬ,加算1,例外コード,6.4,,2619702Q2112,ステリクロンＢエタノール液０．５,
外用薬,2619702QDZZZ,【般】クロルヘキシジングルコン酸塩外用液０．５％,クロルヘキシジングルコン酸塩,０．５％１０ｍＬ,加算1,例外コード,6.4,,2619702Q2120,０．５％グルコジンＲ水,
外用薬,2619702QDZZZ,【般】クロルヘキシジングルコン酸塩外用液０．５％,クロルヘキシジングルコン酸塩,０．５％１０ｍＬ,加算1,例外コード,6.4,,2619702Q2139,０．５％ヘキザックアルコール液Ｎ,
外用薬,2619702QDZZZ,【般】クロルヘキシジングルコン酸塩外用液０．５％,クロルヘキシジングルコン酸塩,０．５％１０ｍＬ,加算1,例外コード,6.4,,2619702Q2171,グルコジンＢ・エタノール液０．５％,
外用薬,2619702QDZZZ,【般】クロルヘキシジングルコン酸塩外用液０．５％,クロルヘキシジングルコン酸塩,０．５％１０ｍＬ,加算1,例外コード,6.4,,2619702Q2180,グルコジンＲ・エタノール液０．５％,
外用薬,2619711X1ZZZ,【般】レゾルシン原末,レゾルシン,１０ｇ,加算1,,180.9,,,,
外用薬,2619716Q1ZZZ,【般】アルキルジアミノエチルグリシン塩酸塩外用液１０％,アルキルジアミノエチルグリシン塩酸塩,１０％１０ｍＬ,加算1,,6.6,,,,
外用薬,2619716Q3ZZZ,【般】アルキルジアミノエチルグリシン塩酸塩外用液０．０５％,アルキルジアミノエチルグリシン塩酸塩,０．０５％１０ｍＬ,加算1,,5.2,,,,
外用薬,2619716Q4ZZZ,【般】アルキルジアミノエチルグリシン塩酸塩外用液０．５％,アルキルジアミノエチルグリシン塩酸塩,０．５％１０ｍＬ,加算1,,5.5,,,,
外用薬,2619716Q5ZZZ,【般】アルキルジアミノエチルグリシン塩酸塩外用液０．１％,アルキルジアミノエチルグリシン塩酸塩,０．１％１０ｍＬ,加算1,,5.2,,,,
外用薬,2619716Q6ZZZ,【般】アルキルジアミノエチルグリシン塩酸塩外用液０．２％,アルキルジアミノエチルグリシン塩酸塩,０．２％１０ｍＬ,加算1,,5.2,,,,
外用薬,2619803XAZZZ,【般】消毒用アルコール配合外用液,エタノール,１０ｍＬ,加算1,例外コード,4.4,各品目により成分・含量が異なる,2619803X1024,山善消アル,
外用薬,2619803XAZZZ,【般】消毒用アルコール配合外用液,エタノール,１０ｍＬ,加算1,例外コード,4.4,各品目により成分・含量が異なる,2619805X1031,メタル消アル,
外用薬,2619803XAZZZ,【般】消毒用アルコール配合外用液,エタノール,１０ｍＬ,加算1,例外コード,4.4,各品目により成分・含量が異なる,2619805X1066,消毒用マルオアルコール,
外用薬,2619803XAZZZ,【般】消毒用アルコール配合外用液,エタノール,１０ｍＬ,加算1,例外コード,4.4,各品目により成分・含量が異なる,2619813X1028,ネオ兼一消アルＡ,
外用薬,2619803XAZZZ,【般】消毒用アルコール配合外用液,エタノール,１０ｍＬ,加算1,例外コード,4.4,各品目により成分・含量が異なる,2619815X1027,消毒用昭和アルコール,
外用薬,2619803XAZZZ,【般】消毒用アルコール配合外用液,エタノール,１０ｍＬ,加算1,例外コード,4.4,各品目により成分・含量が異なる,2619817X1026,ネオ消アル（山善）,
外用薬,2619803XAZZZ,【般】消毒用アルコール配合外用液,エタノール,１０ｍＬ,加算1,例外コード,4.4,各品目により成分・含量が異なる,2619820Q1031,ネオ消アル「ニッコー」,
外用薬,2619819X1ZZZ,【般】チオ硫酸ナトリウム・エタノール配合外用液,チオ硫酸ナトリウム水和物・エタノール,１０ｍＬ,加算1,,6.6,,,,
外用薬,2633701M1ZZZ,【般】スルファジアジン軟膏５％,スルファジアジン,５％１ｇ,加算1,,3.1,,,,
外用薬,2634710M1ZZZ,【般】ゲンタマイシン硫酸塩軟膏０．１％,ゲンタマイシン硫酸塩,１ｍｇ１ｇ,"加算1,2",,7,,,,
外用薬,2634713M1ZZZ,【般】クリンダマイシンリン酸エステルゲル１％,クリンダマイシンリン酸エステル,１％１ｇ,"加算1,2",,19.3,,,,
外用薬,2639700N1ZZZ,【般】ナジフロキサシンクリーム１％,ナジフロキサシン,１％１ｇ,"加算1,2",,27.3,,,,
外用薬,2639700Q1ZZZ,【般】ナジフロキサシン外用液１％,ナジフロキサシン,１％１ｍＬ,"加算1,2",,27.3,,,,
外用薬,2639802M1ZZZ,【般】クロラムフェニコール・フラジオマイシン等配合軟膏,クロラムフェニコール・フラジオマイシン配合剤,１ｇ,"加算1,2",,21.4,準先発品はクロマイ－Ｐ軟膏,,,
外用薬,2644700X1ZZZ,【般】酢酸鉛原末,酢酸鉛,１０ｇ,加算1,,26.6,,,,
外用薬,2645700Q1ZZZ,【般】カンフル外用液,カンフル,１０ｍＬ,"加算1,2",,15.2,,,,
外用薬,2646701M2ZZZ,【般】ベタメタゾン吉草酸エステル軟膏０．１２％,ベタメタゾン吉草酸エステル,０．１２％１ｇ,"加算1,2",,6.3,,,,
外用薬,2646701N2ZZZ,【般】ベタメタゾン吉草酸エステルクリーム０．１２％,ベタメタゾン吉草酸エステル,０．１２％１ｇ,"加算1,2",,6.3,,,,
外用薬,2646701Q1ZZZ,【般】ベタメタゾン吉草酸エステル外用液０．１２％,ベタメタゾン吉草酸エステル,０．１２％１ｍＬ,"加算1,2",,6.3,,,,
外用薬,2646703M1ZZZ,【般】ベタメタゾンジプロピオン酸エステル軟膏０．０６４％,ベタメタゾンジプロピオン酸エステル,０．０６４％１ｇ,"加算1,2",,5.9,,,,
外用薬,2646703N1ZZZ,【般】ベタメタゾンジプロピオン酸エステルクリーム０．０６４％,ベタメタゾンジプロピオン酸エステル,０．０６４％１ｇ,"加算1,2",,5.9,,,,
外用薬,2646703Q2ZZZ,【般】ベタメタゾンジプロピオン酸エステル外用液０．０６４％,ベタメタゾンジプロピオン酸エステル,０．０６４％１ｍＬ,加算1,,5.9,,,,
外用薬,2646704M2ZZZ,【般】デキサメタゾン軟膏０．１％,デキサメタゾン,０．１％１ｇ,加算1,,7.9,,,,
外用薬,2646704N1ZZZ,【般】デキサメタゾンクリーム０．１％,デキサメタゾン,０．１％１ｇ,加算1,,7.9,,,,
外用薬,2646704N2ZZZ,【般】デキサメタゾンクリーム０．０５％,デキサメタゾン,０．０５％１ｇ,加算1,,31.7,,,,
外用薬,2646704Q1ZZZ,【般】デキサメタゾン外用液０．１％,デキサメタゾン,０．１％１ｇ,加算1,,7.9,,,,
外用薬,2646705M1ZZZ,【般】トリアムシノロンアセトニド軟膏０．１％,トリアムシノロンアセトニド,０．１％１ｇ,加算1,,4.7,,,,
外用薬,2646705N1ZZZ,【般】トリアムシノロンアセトニドクリーム０．１％,トリアムシノロンアセトニド,０．１％１ｇ,加算1,,23.5,,,,
外用薬,2646708M1ZZZ,【般】フルオシノニド軟膏０．０５％,フルオシノニド,０．０５％１ｇ,"加算1,2",,8,,,,
外用薬,2646708N1ZZZ,【般】フルオシノニドクリーム０．０５％,フルオシノニド,０．０５％１ｇ,"加算1,2",,8,,,,
外用薬,2646709M1ZZZ,【般】フルオシノロンアセトニド軟膏０．０２５％,フルオシノロンアセトニド,０．０２５％１ｇ,"加算1,2",,7.7,,,,
外用薬,2646712M1ZZZ,【般】プレドニゾロン軟膏０．５％,プレドニゾロン,０．５％１ｇ,加算1,,6.6,,,,
外用薬,2646712N1ZZZ,【般】プレドニゾロンクリーム０．５％,プレドニゾロン,０．５％１ｇ,加算1,,4.6,該当する後発品の経過措置期限が令和2年3月31日であることから、同年4月1日以降は一般名処方マスタから削除される予定。,,,
外用薬,2646713M1ZZZ,【般】クロベタゾールプロピオン酸エステル軟膏０．０５％,クロベタゾールプロピオン酸エステル,０．０５％１ｇ,"加算1,2",,9.1,,,,
外用薬,2646713N1ZZZ,【般】クロベタゾールプロピオン酸エステルクリーム０．０５％,クロベタゾールプロピオン酸エステル,０．０５％１ｇ,"加算1,2",,9.1,,,,
外用薬,2646713Q1ZZZ,【般】クロベタゾールプロピオン酸エステル外用液０．０５％,クロベタゾールプロピオン酸エステル,０．０５％１ｇ,"加算1,2",,6.9,,,,
外用薬,2646714M1ZZZ,【般】ベクロメタゾンプロピオン酸エステル軟膏０．０２５％,ベクロメタゾンプロピオン酸エステル,０．０２５％１ｇ,加算1,,6.7,該当する後発品の経過措置期限が令和2年3月31日であることから、同年4月1日以降は一般名処方マスタから削除される予定,,,
外用薬,2646714N1ZZZ,【般】ベクロメタゾンプロピオン酸エステルクリーム０．０２５％,ベクロメタゾンプロピオン酸エステル,０．０２５％１ｇ,加算1,,6.7,該当する後発品の経過措置期限が令和2年3月31日であることから、同年4月1日以降は一般名処方マスタから削除される予定,,,
外用薬,2646720M1ZZZ,【般】プレドニゾロン吉草酸エステル酢酸エステル軟膏０．３％,プレドニゾロン吉草酸エステル酢酸エステル,０．３％１ｇ,"加算1,2",,6.9,,,,
外用薬,2646720N1ZZZ,【般】プレドニゾロン吉草酸エステル酢酸エステルクリーム０．３％,プレドニゾロン吉草酸エステル酢酸エステル,０．３％１ｇ,"加算1,2",,6.9,,,,
外用薬,2646720Q1ZZZ,【般】プレドニゾロン吉草酸エステル酢酸エステル外用液０．３％,プレドニゾロン吉草酸エステル酢酸エステル,０．３％１ｇ,"加算1,2",,6.9,,,,
外用薬,2646722M1ZZZ,【般】クロベタゾン酪酸エステル軟膏０．０５％,クロベタゾン酪酸エステル,０．０５％１ｇ,"加算1,2",,9.2,,,,
外用薬,2646722N1ZZZ,【般】クロベタゾン酪酸エステルクリーム０．０５％,クロベタゾン酪酸エステル,０．０５％１ｇ,加算1,,9.2,,,,
外用薬,2646722Q1ZZZ,【般】クロベタゾン酪酸エステル外用液０．０５％,クロベタゾン酪酸エステル,０．０５％１ｇ,加算1,,9.2,,,,
外用薬,2646723M1ZZZ,【般】ジフロラゾン酢酸エステル軟膏０．０５％,ジフロラゾン酢酸エステル,０．０５％１ｇ,"加算1,2",,8.7,,,,
外用薬,2646723N1ZZZ,【般】ジフロラゾン酢酸エステルクリーム０．０５％,ジフロラゾン酢酸エステル,０．０５％１ｇ,"加算1,2",,8.7,,,,
外用薬,2646725M1ZZZ,【般】ジフルプレドナート軟膏０．０５％,ジフルプレドナート,０．０５％１ｇ,"加算1,2",,6.9,,,,
外用薬,2646725N1ZZZ,【般】ジフルプレドナートクリーム０．０５％,ジフルプレドナート,０．０５％１ｇ,"加算1,2",,6.9,,,,
外用薬,2646725Q1ZZZ,【般】ジフルプレドナート外用液０．０５％,ジフルプレドナート,０．０５％１ｇ,加算1,,6.9,,,,
外用薬,2646726M1ZZZ,【般】デキサメタゾンプロピオン酸エステル軟膏０．１％,デキサメタゾンプロピオン酸エステル,０．１％１ｇ,"加算1,2",,11,,,,
外用薬,2646726N1ZZZ,【般】デキサメタゾンプロピオン酸エステルクリーム０．１％,デキサメタゾンプロピオン酸エステル,０．１％１ｇ,"加算1,2",,11,,,,
外用薬,2646726Q1ZZZ,【般】デキサメタゾンプロピオン酸エステル外用液０．１％,デキサメタゾンプロピオン酸エステル,０．１％１ｇ,"加算1,2",,11,,,,
外用薬,2646727M1ZZZ,【般】アルクロメタゾンプロピオン酸エステル軟膏０．１％,アルクロメタゾンプロピオン酸エステル,０．１％１ｇ,"加算1,2",,15.3,,,,
外用薬,2646729M1ZZZ,【般】デプロドンプロピオン酸エステル軟膏０．３％,デプロドンプロピオン酸エステル,０．３％１ｇ,"加算1,2",,9.9,,,,
外用薬,2646729N1ZZZ,【般】デプロドンプロピオン酸エステルクリーム０．３％,デプロドンプロピオン酸エステル,０．３％１ｇ,"加算1,2",,10,,,,
外用薬,2646730M1ZZZ,【般】ベタメタゾン酪酸プロピオン酸エステル軟膏０．０５％,ベタメタゾン酪酸エステルプロピオン酸エステル,０．０５％１ｇ,"加算1,2",,12,,,,
外用薬,2646730N1ZZZ,【般】ベタメタゾン酪酸プロピオン酸エステルクリーム０．０５％,ベタメタゾン酪酸エステルプロピオン酸エステル,０．０５％１ｇ,"加算1,2",,12,,,,
外用薬,2646730Q1ZZZ,【般】ベタメタゾン酪酸プロピオン酸エステル外用液０．０５％,ベタメタゾン酪酸エステルプロピオン酸エステル,０．０５％１ｇ,"加算1,2",,12,,,,
外用薬,2646731M1ZZZ,【般】モメタゾンフランカルボン酸エステル軟膏０．１％,モメタゾンフランカルボン酸エステル,０．１％１ｇ,"加算1,2",,15.1,,,,
外用薬,2646731N1ZZZ,【般】モメタゾンフランカルボン酸エステルクリーム０．１％,モメタゾンフランカルボン酸エステル,０．１％１ｇ,"加算1,2",,15.1,,,,
外用薬,2646731Q1ZZZ,【般】モメタゾンフランカルボン酸エステル外用液０．１％,モメタゾンフランカルボン酸エステル,０．１％１ｇ,"加算1,2",,15.1,,,,
外用薬,2649701Q1ZZZ,【般】水酸化カルシウム外用液,水酸化カルシウム,１０ｍＬ,加算1,,7.3,,,,
外用薬,2649706M1ZZZ,【般】酸化亜鉛・豚脂・硬化油・サラシミツロウ配合軟膏,酸化亜鉛・豚脂,１０ｇ,加算1,,33.3,該当する後発品の経過措置期限が令和2年3月31日であることから、同年4月1日以降は一般名処方マスタから削除される予定,,,
外用薬,2649710M1ZZZ,【般】亜鉛華単軟膏２０％,亜鉛華,１０ｇ,加算1,,27.1,,,,
外用薬,2649710M2ZZZ,【般】亜鉛華単軟膏１０％,亜鉛華,１０ｇ,加算1,,20.6,,,,
外用薬,2649710S1ZZZ,【般】亜鉛華軟膏貼付剤２０％,亜鉛華,５ｇ,加算1,,12.3,,,,
外用薬,2649711Q1ZZZ,【般】カンタリスチンキ外用液,カンタリスチンキ,１ｍＬ,加算1,,12.5,,,,
外用薬,2649718M1ZZZ,【般】アルクロキサ軟膏２％,アルクロキサ,２％１ｇ,加算1,,8,,,,
外用薬,2649719M1ZZZ,【般】インドメタシン軟膏１％,インドメタシン,１％１ｇ,"加算1,2",,2.4,,,,
外用薬,2649719N1ZZZ,【般】インドメタシンクリーム１％,インドメタシン,１％１ｇ,"加算1,2",,2.4,,,,
外用薬,2649719Q2ZZZ,【般】インドメタシン外用液１％,インドメタシン,１％１ｍＬ,"加算1,2",,2.4,,,,
外用薬,2649719SAZZZ,【般】インドメタシンパップ７０ｍｇ（１０×１４ｃｍ非温感）,インドメタシン,１０ｃｍ×１４ｃｍ１枚,加算1,例外コード,11.4,,2649719S1231,インテナシンパップ７０ｍｇ,
外用薬,2649719SAZZZ,【般】インドメタシンパップ７０ｍｇ（１０×１４ｃｍ非温感）,インドメタシン,１０ｃｍ×１４ｃｍ１枚,加算1,例外コード,11.4,,2649719S1258,インドメタシンパップ７０ｍｇ「日医工」,
外用薬,2649719SAZZZ,【般】インドメタシンパップ７０ｍｇ（１０×１４ｃｍ非温感）,インドメタシン,１０ｃｍ×１４ｃｍ１枚,加算1,例外コード,11.4,,2649719S1304,インドメタシンパップ７０ｍｇ「ＹＤ」,
外用薬,2649719SAZZZ,【般】インドメタシンパップ７０ｍｇ（１０×１４ｃｍ非温感）,インドメタシン,１０ｃｍ×１４ｃｍ１枚,加算1,例外コード,11.4,,2649719S1339,インドメタシンパップ７０ｍｇ「三友」,
外用薬,2649719SAZZZ,【般】インドメタシンパップ７０ｍｇ（１０×１４ｃｍ非温感）,インドメタシン,１０ｃｍ×１４ｃｍ１枚,加算1,例外コード,11.4,,2649719S1355,インドメタシンパップ７０ｍｇ「ＢＭＤ」,
外用薬,2649719SBZZZ,【般】インドメタシンテープ７０ｍｇ（１０×１４ｃｍ非温感）,インドメタシン,１０ｃｍ×１４ｃｍ１枚,加算1,例外コード,17.1,,2649719S1274,セラスターテープ７０,
外用薬,2649726M1ZZZ,【般】ベンダザック軟膏３％,ベンダザック,３％１ｇ,"加算1,2",,8.2,,,,
外用薬,2649729S2ZZZ,【般】ケトプロフェンテープ２０ｍｇ（７×１０ｃｍ非温感）,ケトプロフェン,７ｃｍ×１０ｃｍ１枚,"加算1,2",,12.3,,,,
外用薬,2649729S3ZZZ,【般】ケトプロフェンテープ４０ｍｇ（１０×１４ｃｍ非温感）,ケトプロフェン,１０ｃｍ×１４ｃｍ１枚,"加算1,2",,17.1,,,,
外用薬,2649729S4ZZZ,【般】ケトプロフェンパップ６０ｍｇ（２０×１４ｃｍ非温感）,ケトプロフェン,２０ｃｍ×１４ｃｍ１枚,"加算1,2",,17.5,,,,
外用薬,2649729S5ZZZ,【般】ケトプロフェンパップ１２０ｍｇ（１０×１４ｃｍ非温感）,ケトプロフェン,１０ｃｍ×１４ｃｍ１枚,"加算1,2",,17.1,,,,
外用薬,2649729SAZZZ,【般】ケトプロフェンパップ３０ｍｇ（１０×１４ｃｍ非温感）,ケトプロフェン,１０ｃｍ×１４ｃｍ１枚,"加算1,2",例外コード,9.5,,2649729S1146,パッペンＫパップ３０ｍｇ,
外用薬,2649729SAZZZ,【般】ケトプロフェンパップ３０ｍｇ（１０×１４ｃｍ非温感）,ケトプロフェン,１０ｃｍ×１４ｃｍ１枚,"加算1,2",例外コード,9.5,,2649729S1154,モーラスパップ３０ｍｇ,
外用薬,2649729SAZZZ,【般】ケトプロフェンパップ３０ｍｇ（１０×１４ｃｍ非温感）,ケトプロフェン,１０ｃｍ×１４ｃｍ１枚,"加算1,2",例外コード,9.5,,2649729S1162,ケトプロフェンパップ３０ｍｇ「ラクール」,
外用薬,2649729SAZZZ,【般】ケトプロフェンパップ３０ｍｇ（１０×１４ｃｍ非温感）,ケトプロフェン,１０ｃｍ×１４ｃｍ１枚,"加算1,2",例外コード,9.5,,2649729S1189,ミルタックスパップ３０ｍｇ,
外用薬,2649729SAZZZ,【般】ケトプロフェンパップ３０ｍｇ（１０×１４ｃｍ非温感）,ケトプロフェン,１０ｃｍ×１４ｃｍ１枚,"加算1,2",例外コード,9.5,,2649729S1197,ケトプロフェンパップ３０ｍｇ「日医工」,
外用薬,2649729SAZZZ,【般】ケトプロフェンパップ３０ｍｇ（１０×１４ｃｍ非温感）,ケトプロフェン,１０ｃｍ×１４ｃｍ１枚,"加算1,2",例外コード,9.5,,2649729S1227,ケトプロフェンパップ３０ｍｇ「三和」,
外用薬,2649731M1ZZZ,【般】フェルビナク軟膏３％,フェルビナク,３％１ｇ,"加算1,2",,6.6,,,,
外用薬,2649731Q1ZZZ,【般】フェルビナク外用液３％,フェルビナク,３％１ｍＬ,"加算1,2",,3.4,,,,
外用薬,2649731R1ZZZ,【般】フェルビナクスプレー３％,フェルビナク,３％１ｍＬ,加算1,,6.5,,,,
外用薬,2649731S3ZZZ,【般】フェルビナクパップ１４０ｍｇ（２０×１４ｃｍ非温感）,フェルビナク,２０ｃｍ×１４ｃｍ１枚,"加算1,2",,20.7,,,,
外用薬,2649731SAZZZ,【般】フェルビナクパップ７０ｍｇ（１０×１４ｃｍ非温感）,フェルビナク,１０ｃｍ×１４ｃｍ１枚,"加算1,2",例外コード,14,,2649731S1143,セルタッチパップ７０,
外用薬,2649731SAZZZ,【般】フェルビナクパップ７０ｍｇ（１０×１４ｃｍ非温感）,フェルビナク,１０ｃｍ×１４ｃｍ１枚,"加算1,2",例外コード,14,,2649731S1216,セルスポットパップ７０ｍｇ,
外用薬,2649731SAZZZ,【般】フェルビナクパップ７０ｍｇ（１０×１４ｃｍ非温感）,フェルビナク,１０ｃｍ×１４ｃｍ１枚,"加算1,2",例外コード,14,,2649731S1259,フェルビナクパップ７０ｍｇ「ＮＰ」,
外用薬,2649731SAZZZ,【般】フェルビナクパップ７０ｍｇ（１０×１４ｃｍ非温感）,フェルビナク,１０ｃｍ×１４ｃｍ１枚,"加算1,2",例外コード,14,,2649731S1267,フェルビナクパップ７０ｍｇ「ラクール」,
外用薬,2649731SAZZZ,【般】フェルビナクパップ７０ｍｇ（１０×１４ｃｍ非温感）,フェルビナク,１０ｃｍ×１４ｃｍ１枚,"加算1,2",例外コード,14,,2649731S1275,フェルビナクパップ７０ｍｇ「東光」,
外用薬,2649731SAZZZ,【般】フェルビナクパップ７０ｍｇ（１０×１４ｃｍ非温感）,フェルビナク,１０ｃｍ×１４ｃｍ１枚,"加算1,2",例外コード,14,,2649731S1283,フェルビナクパップ７０ｍｇ「サワイ」,
外用薬,2649731SAZZZ,【般】フェルビナクパップ７０ｍｇ（１０×１４ｃｍ非温感）,フェルビナク,１０ｃｍ×１４ｃｍ１枚,"加算1,2",例外コード,14,,2649731S1291,フェルビナクパップ７０ｍｇ「ユートク」,
外用薬,2649731SBZZZ,【般】フェルビナクテープ７０ｍｇ（１０×１４ｃｍ非温感）,フェルビナク,１０ｃｍ×１４ｃｍ１枚,"加算1,2",例外コード,14,,2649731S1127,フレックステープ７０ｍｇ,
外用薬,2649731SBZZZ,【般】フェルビナクテープ７０ｍｇ（１０×１４ｃｍ非温感）,フェルビナク,１０ｃｍ×１４ｃｍ１枚,"加算1,2",例外コード,14,,2649731S1151,ファルジーテープ７０ｍｇ,
外用薬,2649731SBZZZ,【般】フェルビナクテープ７０ｍｇ（１０×１４ｃｍ非温感）,フェルビナク,１０ｃｍ×１４ｃｍ１枚,"加算1,2",例外コード,14,,2649731S1178,フェルビナクテープ７０ｍｇ「ＥＭＥＣ」,
外用薬,2649731SBZZZ,【般】フェルビナクテープ７０ｍｇ（１０×１４ｃｍ非温感）,フェルビナク,１０ｃｍ×１４ｃｍ１枚,"加算1,2",例外コード,14,,2649731S1194,スミルテープ７０ｍｇ,
外用薬,2649731SBZZZ,【般】フェルビナクテープ７０ｍｇ（１０×１４ｃｍ非温感）,フェルビナク,１０ｃｍ×１４ｃｍ１枚,"加算1,2",例外コード,14,,2649731S1232,セルタッチテープ７０,
外用薬,2649731SCZZZ,【般】フェルビナクパップ７０ｍｇ（１０×１４ｃｍ温感）,フェルビナク,１０ｃｍ×１４ｃｍ１枚,加算1,例外コード,14,,2649731S1224,フェルナビオンパップ７０,
外用薬,2649731SEZZZ,【般】フェルビナクテープ３５ｍｇ（７×１０ｃｍ非温感）,フェルビナク,７ｃｍ×１０ｃｍ１枚,加算1,例外コード,9.9,,2649731S2034,スミルテープ３５ｍｇ,
外用薬,2649731SEZZZ,【般】フェルビナクテープ３５ｍｇ（７×１０ｃｍ非温感）,フェルビナク,７ｃｍ×１０ｃｍ１枚,加算1,例外コード,9.9,,2649731S2050,ファルジーテープ３５ｍｇ,
外用薬,2649732SAZZZ,【般】フルルビプロフェンテープ２０ｍｇ（７×１０ｃｍ非温感）,フルルビプロフェン,７ｃｍ×１０ｃｍ１枚,"加算1,2",例外コード,8.1,,2649732S3043,ゼポラステープ２０ｍｇ,
外用薬,2649732SAZZZ,【般】フルルビプロフェンテープ２０ｍｇ（７×１０ｃｍ非温感）,フルルビプロフェン,７ｃｍ×１０ｃｍ１枚,"加算1,2",例外コード,8.1,,2649732S3051,ヤクバンテープ２０ｍｇ,
外用薬,2649732SAZZZ,【般】フルルビプロフェンテープ２０ｍｇ（７×１０ｃｍ非温感）,フルルビプロフェン,７ｃｍ×１０ｃｍ１枚,"加算1,2",例外コード,8.1,,2649732S3060,フループテープ２０,
外用薬,2649732SAZZZ,【般】フルルビプロフェンテープ２０ｍｇ（７×１０ｃｍ非温感）,フルルビプロフェン,７ｃｍ×１０ｃｍ１枚,"加算1,2",例外コード,8.1,,2649732S3078,フルルビプロフェンテープ２０ｍｇ「ユートク」,
外用薬,2649732SBZZZ,【般】フルルビプロフェンテープ４０ｍｇ（１０×１４ｃｍ非温感）,フルルビプロフェン,１０ｃｍ×１４ｃｍ１枚,"加算1,2",例外コード,13.1,,2649732S1172,フループテープ４０,
外用薬,2649732SBZZZ,【般】フルルビプロフェンテープ４０ｍｇ（１０×１４ｃｍ非温感）,フルルビプロフェン,１０ｃｍ×１４ｃｍ１枚,"加算1,2",例外コード,13.1,,2649732S2047,ゼポラステープ４０ｍｇ,
外用薬,2649732SBZZZ,【般】フルルビプロフェンテープ４０ｍｇ（１０×１４ｃｍ非温感）,フルルビプロフェン,１０ｃｍ×１４ｃｍ１枚,"加算1,2",例外コード,13.1,,2649732S2055,ヤクバンテープ４０ｍｇ,
外用薬,2649732SBZZZ,【般】フルルビプロフェンテープ４０ｍｇ（１０×１４ｃｍ非温感）,フルルビプロフェン,１０ｃｍ×１４ｃｍ１枚,"加算1,2",例外コード,13.1,,2649732S2063,フルルビプロフェンテープ４０ｍｇ「ユートク」,
外用薬,2649734N1ZZZ,【般】ジクロフェナクＮａクリーム１％,ジクロフェナクナトリウム,１％１ｇ,加算1,,4.5,,,,
外用薬,2649734Q1ZZZ,【般】ジクロフェナクＮａゲル１％,ジクロフェナクナトリウム,１％１ｇ,"加算1,2",,4.5,,,,
外用薬,2649734Q2ZZZ,【般】ジクロフェナクＮａ外用液１％,ジクロフェナクナトリウム,１％１ｇ,"加算1,2",,4.5,,,,
外用薬,2649734S1ZZZ,【般】ジクロフェナクＮａテープ１５ｍｇ（７×１０ｃｍ非温感）,ジクロフェナクナトリウム,７ｃｍ×１０ｃｍ１枚,"加算1,2",,11.1,,,,
外用薬,2649734S2ZZZ,【般】ジクロフェナクＮａテープ３０ｍｇ（１０×１４ｃｍ非温感）,ジクロフェナクナトリウム,１０ｃｍ×１４ｃｍ１枚,"加算1,2",,12.4,,,,
外用薬,2649734S3ZZZ,【般】ジクロフェナクＮａパップ７０ｍｇ（７×１０ｃｍ非温感）,ジクロフェナクナトリウム,７ｃｍ×１０ｃｍ１枚,"加算1,2",,11.1,,,,
外用薬,2649734S4ZZZ,【般】ジクロフェナクＮａパップ１４０ｍｇ（１０×１４ｃｍ非温感）,ジクロフェナクナトリウム,１０ｃｍ×１４ｃｍ１枚,"加算1,2",,17.1,,,,
外用薬,2649734S5ZZZ,【般】ジクロフェナクＮａパップ２８０ｍｇ（２０×１４ｃｍ非温感）,ジクロフェナクナトリウム,２０ｃｍ×１４ｃｍ１枚,加算1,,31.2,,,,
外用薬,2649735Q1ZZZ,【般】ロキソプロフェンＮａゲル１％,ロキソプロフェンナトリウム水和物,１％１ｇ,"加算1,2",,3.1,,,,
外用薬,2649735R1ZZZ,【般】ロキソプロフェンＮａスプレー１％,ロキソプロフェンナトリウム水和物,１％１ｇ,加算1,,6.6,,,,
外用薬,2649735S1ZZZ,【般】ロキソプロフェンＮａパップ１００ｍｇ（１０×１４ｃｍ非温）,ロキソプロフェンナトリウム水和物,１０ｃｍ×１４ｃｍ１枚,"加算1,2",,17.1,,,,
外用薬,2649735S4ZZZ,【般】ロキソプロフェンＮａパップ２００ｍｇ（２０×１４ｃｍ非温）,ロキソプロフェンナトリウム水和物,２０ｃｍ×１４ｃｍ１枚,加算1,,37.3,,,,
外用薬,2649735SAZZZ,【般】ロキソプロフェンＮａテープ５０ｍｇ（７×１０ｃｍ非温感）,ロキソプロフェンナトリウム水和物,７ｃｍ×１０ｃｍ１枚,"加算1,2",例外コード,12.3,,2649735S2024,ロキソニンテープ５０ｍｇ,
外用薬,2649735SAZZZ,【般】ロキソプロフェンＮａテープ５０ｍｇ（７×１０ｃｍ非温感）,ロキソプロフェンナトリウム水和物,７ｃｍ×１０ｃｍ１枚,"加算1,2",例外コード,12.3,,2649735S2032,ロキソプロフェンＮａテープ５０ｍｇ「ＤＫ」,
外用薬,2649735SAZZZ,【般】ロキソプロフェンＮａテープ５０ｍｇ（７×１０ｃｍ非温感）,ロキソプロフェンナトリウム水和物,７ｃｍ×１０ｃｍ１枚,"加算1,2",例外コード,12.3,,2649735S2040,ロキソプロフェンＮａテープ５０ｍｇ「ＥＥ」,
外用薬,2649735SAZZZ,【般】ロキソプロフェンＮａテープ５０ｍｇ（７×１０ｃｍ非温感）,ロキソプロフェンナトリウム水和物,７ｃｍ×１０ｃｍ１枚,"加算1,2",例外コード,12.3,,2649735S2059,ロキソプロフェンＮａテープ５０ｍｇ「ＦＦＰ」,
外用薬,2649735SAZZZ,【般】ロキソプロフェンＮａテープ５０ｍｇ（７×１０ｃｍ非温感）,ロキソプロフェンナトリウム水和物,７ｃｍ×１０ｃｍ１枚,"加算1,2",例外コード,12.3,,2649735S2067,ロキソプロフェンＮａテープ５０ｍｇ「ＪＧ」,
外用薬,2649735SAZZZ,【般】ロキソプロフェンＮａテープ５０ｍｇ（７×１０ｃｍ非温感）,ロキソプロフェンナトリウム水和物,７ｃｍ×１０ｃｍ１枚,"加算1,2",例外コード,12.3,,2649735S2083,ロキソプロフェンＮａテープ５０ｍｇ「ＮＰ」,
外用薬,2649735SAZZZ,【般】ロキソプロフェンＮａテープ５０ｍｇ（７×１０ｃｍ非温感）,ロキソプロフェンナトリウム水和物,７ｃｍ×１０ｃｍ１枚,"加算1,2",例外コード,12.3,,2649735S2091,ロキソプロフェンＮａテープ５０ｍｇ「ＳＮ」,
外用薬,2649735SAZZZ,【般】ロキソプロフェンＮａテープ５０ｍｇ（７×１０ｃｍ非温感）,ロキソプロフェンナトリウム水和物,７ｃｍ×１０ｃｍ１枚,"加算1,2",例外コード,12.3,,2649735S2113,ロキソプロフェンＮａテープ５０ｍｇ「ＹＤ」,
外用薬,2649735SAZZZ,【般】ロキソプロフェンＮａテープ５０ｍｇ（７×１０ｃｍ非温感）,ロキソプロフェンナトリウム水和物,７ｃｍ×１０ｃｍ１枚,"加算1,2",例外コード,12.3,,2649735S2121,ロキソプロフェンＮａテープ５０ｍｇ「アメル」,
外用薬,2649735SAZZZ,【般】ロキソプロフェンＮａテープ５０ｍｇ（７×１０ｃｍ非温感）,ロキソプロフェンナトリウム水和物,７ｃｍ×１０ｃｍ１枚,"加算1,2",例外コード,12.3,,2649735S2130,ロキソプロフェンＮａテープ５０ｍｇ「科研」,
外用薬,2649735SAZZZ,【般】ロキソプロフェンＮａテープ５０ｍｇ（７×１０ｃｍ非温感）,ロキソプロフェンナトリウム水和物,７ｃｍ×１０ｃｍ１枚,"加算1,2",例外コード,12.3,,2649735S2148,ロキソプロフェンＮａテープ５０ｍｇ「杏林」,
外用薬,2649735SAZZZ,【般】ロキソプロフェンＮａテープ５０ｍｇ（７×１０ｃｍ非温感）,ロキソプロフェンナトリウム水和物,７ｃｍ×１０ｃｍ１枚,"加算1,2",例外コード,12.3,,2649735S2156,ロキソプロフェンＮａテープ５０ｍｇ「三和」,
外用薬,2649735SAZZZ,【般】ロキソプロフェンＮａテープ５０ｍｇ（７×１０ｃｍ非温感）,ロキソプロフェンナトリウム水和物,７ｃｍ×１０ｃｍ１枚,"加算1,2",例外コード,12.3,,2649735S2164,ロキソプロフェンＮａテープ５０ｍｇ「タカタ」,
外用薬,2649735SAZZZ,【般】ロキソプロフェンＮａテープ５０ｍｇ（７×１０ｃｍ非温感）,ロキソプロフェンナトリウム水和物,７ｃｍ×１０ｃｍ１枚,"加算1,2",例外コード,12.3,,2649735S2172,ロキソプロフェンＮａテープ５０ｍｇ「トーワ」,
外用薬,2649735SAZZZ,【般】ロキソプロフェンＮａテープ５０ｍｇ（７×１０ｃｍ非温感）,ロキソプロフェンナトリウム水和物,７ｃｍ×１０ｃｍ１枚,"加算1,2",例外コード,12.3,,2649735S2180,ロキソプロフェンＮａテープ５０ｍｇ「日本臓器」,
外用薬,2649735SAZZZ,【般】ロキソプロフェンＮａテープ５０ｍｇ（７×１０ｃｍ非温感）,ロキソプロフェンナトリウム水和物,７ｃｍ×１０ｃｍ１枚,"加算1,2",例外コード,12.3,,2649735S2199,ロキソプロフェンＮａテープ５０ｍｇ「三笠」,
外用薬,2649735SAZZZ,【般】ロキソプロフェンＮａテープ５０ｍｇ（７×１０ｃｍ非温感）,ロキソプロフェンナトリウム水和物,７ｃｍ×１０ｃｍ１枚,"加算1,2",例外コード,12.3,,2649735S2202,ロキソプロフェンＮａテープ５０ｍｇ「ユートク」,
外用薬,2649735SAZZZ,【般】ロキソプロフェンＮａテープ５０ｍｇ（７×１０ｃｍ非温感）,ロキソプロフェンナトリウム水和物,７ｃｍ×１０ｃｍ１枚,"加算1,2",例外コード,12.3,,2649735S2210,ロキソプロフェンＮａテープ５０ｍｇ「ラクール」,
外用薬,2649735SAZZZ,【般】ロキソプロフェンＮａテープ５０ｍｇ（７×１０ｃｍ非温感）,ロキソプロフェンナトリウム水和物,７ｃｍ×１０ｃｍ１枚,"加算1,2",例外コード,12.3,,2649735S2229,ロキソプロフェンナトリウムテープ５０ｍｇ「ケミファ」,
外用薬,2649735SAZZZ,【般】ロキソプロフェンＮａテープ５０ｍｇ（７×１０ｃｍ非温感）,ロキソプロフェンナトリウム水和物,７ｃｍ×１０ｃｍ１枚,"加算1,2",例外コード,12.3,,2649735S2245,ロキソプロフェンナトリウムテープ５０ｍｇ「日医工」,
外用薬,2649735SAZZZ,【般】ロキソプロフェンＮａテープ５０ｍｇ（７×１０ｃｍ非温感）,ロキソプロフェンナトリウム水和物,７ｃｍ×１０ｃｍ１枚,"加算1,2",例外コード,12.3,,2649735S2253,ロキソプロフェンナトリウムテープ５０ｍｇ「ファイザー」,
外用薬,2649735SAZZZ,【般】ロキソプロフェンＮａテープ５０ｍｇ（７×１０ｃｍ非温感）,ロキソプロフェンナトリウム水和物,７ｃｍ×１０ｃｍ１枚,"加算1,2",例外コード,12.3,,2649735S2270,ロキソプロフェンＮａテープ５０ｍｇ「久光」,
外用薬,2649735SAZZZ,【般】ロキソプロフェンＮａテープ５０ｍｇ（７×１０ｃｍ非温感）,ロキソプロフェンナトリウム水和物,７ｃｍ×１０ｃｍ１枚,"加算1,2",例外コード,12.3,,2649735S2288,ロキソプロフェンＮａテープ５０ｍｇ「ＱＱ」,
外用薬,2649735SBZZZ,【般】ロキソプロフェンＮａテープ１００ｍｇ（１０×１４ｃｍ非温）,ロキソプロフェンナトリウム水和物,１０ｃｍ×１４ｃｍ１枚,"加算1,2",例外コード,17.1,,2649735S3020,ロキソニンテープ１００ｍｇ,
外用薬,2649735SBZZZ,【般】ロキソプロフェンＮａテープ１００ｍｇ（１０×１４ｃｍ非温）,ロキソプロフェンナトリウム水和物,１０ｃｍ×１４ｃｍ１枚,"加算1,2",例外コード,17.1,,2649735S3039,ロキソプロフェンＮａテープ１００ｍｇ「ＤＫ」,
外用薬,2649735SBZZZ,【般】ロキソプロフェンＮａテープ１００ｍｇ（１０×１４ｃｍ非温）,ロキソプロフェンナトリウム水和物,１０ｃｍ×１４ｃｍ１枚,"加算1,2",例外コード,17.1,,2649735S3047,ロキソプロフェンＮａテープ１００ｍｇ「ＥＥ」,
外用薬,2649735SBZZZ,【般】ロキソプロフェンＮａテープ１００ｍｇ（１０×１４ｃｍ非温）,ロキソプロフェンナトリウム水和物,１０ｃｍ×１４ｃｍ１枚,"加算1,2",例外コード,17.1,,2649735S3055,ロキソプロフェンＮａテープ１００ｍｇ「ＦＦＰ」,
外用薬,2649735SBZZZ,【般】ロキソプロフェンＮａテープ１００ｍｇ（１０×１４ｃｍ非温）,ロキソプロフェンナトリウム水和物,１０ｃｍ×１４ｃｍ１枚,"加算1,2",例外コード,17.1,,2649735S3063,ロキソプロフェンＮａテープ１００ｍｇ「ＪＧ」,
外用薬,2649735SBZZZ,【般】ロキソプロフェンＮａテープ１００ｍｇ（１０×１４ｃｍ非温）,ロキソプロフェンナトリウム水和物,１０ｃｍ×１４ｃｍ１枚,"加算1,2",例外コード,17.1,,2649735S3080,ロキソプロフェンＮａテープ１００ｍｇ「ＮＰ」,
外用薬,2649735SBZZZ,【般】ロキソプロフェンＮａテープ１００ｍｇ（１０×１４ｃｍ非温）,ロキソプロフェンナトリウム水和物,１０ｃｍ×１４ｃｍ１枚,"加算1,2",例外コード,17.1,,2649735S3098,ロキソプロフェンＮａテープ１００ｍｇ「ＳＮ」,
外用薬,2649735SBZZZ,【般】ロキソプロフェンＮａテープ１００ｍｇ（１０×１４ｃｍ非温）,ロキソプロフェンナトリウム水和物,１０ｃｍ×１４ｃｍ１枚,"加算1,2",例外コード,17.1,,2649735S3110,ロキソプロフェンＮａテープ１００ｍｇ「ＹＤ」,
外用薬,2649735SBZZZ,【般】ロキソプロフェンＮａテープ１００ｍｇ（１０×１４ｃｍ非温）,ロキソプロフェンナトリウム水和物,１０ｃｍ×１４ｃｍ１枚,"加算1,2",例外コード,17.1,,2649735S3128,ロキソプロフェンＮａテープ１００ｍｇ「アメル」,
外用薬,2649735SBZZZ,【般】ロキソプロフェンＮａテープ１００ｍｇ（１０×１４ｃｍ非温）,ロキソプロフェンナトリウム水和物,１０ｃｍ×１４ｃｍ１枚,"加算1,2",例外コード,17.1,,2649735S3136,ロキソプロフェンＮａテープ１００ｍｇ「科研」,
外用薬,2649735SBZZZ,【般】ロキソプロフェンＮａテープ１００ｍｇ（１０×１４ｃｍ非温）,ロキソプロフェンナトリウム水和物,１０ｃｍ×１４ｃｍ１枚,"加算1,2",例外コード,17.1,,2649735S3144,ロキソプロフェンＮａテープ１００ｍｇ「杏林」,
外用薬,2649735SBZZZ,【般】ロキソプロフェンＮａテープ１００ｍｇ（１０×１４ｃｍ非温）,ロキソプロフェンナトリウム水和物,１０ｃｍ×１４ｃｍ１枚,"加算1,2",例外コード,17.1,,2649735S3152,ロキソプロフェンＮａテープ１００ｍｇ「三和」,
外用薬,2649735SBZZZ,【般】ロキソプロフェンＮａテープ１００ｍｇ（１０×１４ｃｍ非温）,ロキソプロフェンナトリウム水和物,１０ｃｍ×１４ｃｍ１枚,"加算1,2",例外コード,17.1,,2649735S3160,ロキソプロフェンＮａテープ１００ｍｇ「タカタ」,
外用薬,2649735SBZZZ,【般】ロキソプロフェンＮａテープ１００ｍｇ（１０×１４ｃｍ非温）,ロキソプロフェンナトリウム水和物,１０ｃｍ×１４ｃｍ１枚,"加算1,2",例外コード,17.1,,2649735S3179,ロキソプロフェンＮａテープ１００ｍｇ「トーワ」,
外用薬,2649735SBZZZ,【般】ロキソプロフェンＮａテープ１００ｍｇ（１０×１４ｃｍ非温）,ロキソプロフェンナトリウム水和物,１０ｃｍ×１４ｃｍ１枚,"加算1,2",例外コード,17.1,,2649735S3187,ロキソプロフェンＮａテープ１００ｍｇ「日本臓器」,
外用薬,2649735SBZZZ,【般】ロキソプロフェンＮａテープ１００ｍｇ（１０×１４ｃｍ非温）,ロキソプロフェンナトリウム水和物,１０ｃｍ×１４ｃｍ１枚,"加算1,2",例外コード,17.1,,2649735S3195,ロキソプロフェンＮａテープ１００ｍｇ「三笠」,
外用薬,2649735SBZZZ,【般】ロキソプロフェンＮａテープ１００ｍｇ（１０×１４ｃｍ非温）,ロキソプロフェンナトリウム水和物,１０ｃｍ×１４ｃｍ１枚,"加算1,2",例外コード,17.1,,2649735S3209,ロキソプロフェンＮａテープ１００ｍｇ「ユートク」,
外用薬,2649735SBZZZ,【般】ロキソプロフェンＮａテープ１００ｍｇ（１０×１４ｃｍ非温）,ロキソプロフェンナトリウム水和物,１０ｃｍ×１４ｃｍ１枚,"加算1,2",例外コード,17.1,,2649735S3217,ロキソプロフェンＮａテープ１００ｍｇ「ラクール」,
外用薬,2649735SBZZZ,【般】ロキソプロフェンＮａテープ１００ｍｇ（１０×１４ｃｍ非温）,ロキソプロフェンナトリウム水和物,１０ｃｍ×１４ｃｍ１枚,"加算1,2",例外コード,17.1,,2649735S3225,ロキソプロフェンナトリウムテープ１００ｍｇ「ケミファ」,
外用薬,2649735SBZZZ,【般】ロキソプロフェンＮａテープ１００ｍｇ（１０×１４ｃｍ非温）,ロキソプロフェンナトリウム水和物,１０ｃｍ×１４ｃｍ１枚,"加算1,2",例外コード,17.1,,2649735S3241,ロキソプロフェンナトリウムテープ１００ｍｇ「日医工」,
外用薬,2649735SBZZZ,【般】ロキソプロフェンＮａテープ１００ｍｇ（１０×１４ｃｍ非温）,ロキソプロフェンナトリウム水和物,１０ｃｍ×１４ｃｍ１枚,"加算1,2",例外コード,17.1,,2649735S3250,ロキソプロフェンナトリウムテープ１００ｍｇ「ファイザー」,
外用薬,2649735SBZZZ,【般】ロキソプロフェンＮａテープ１００ｍｇ（１０×１４ｃｍ非温）,ロキソプロフェンナトリウム水和物,１０ｃｍ×１４ｃｍ１枚,"加算1,2",例外コード,17.1,,2649735S3276,ロキソプロフェンＮａテープ１００ｍｇ「久光」,
外用薬,2649735SBZZZ,【般】ロキソプロフェンＮａテープ１００ｍｇ（１０×１４ｃｍ非温）,ロキソプロフェンナトリウム水和物,１０ｃｍ×１４ｃｍ１枚,"加算1,2",例外コード,17.1,,2649735S3284,ロキソプロフェンＮａテープ１００ｍｇ「ＱＱ」,
外用薬,2649735SCZZZ,【般】ロキソプロフェンＮａテープ５０ｍｇ（７×１０ｃｍ温感）,ロキソプロフェンナトリウム水和物,７ｃｍ×１０ｃｍ１枚,加算1,例外コード,12.3,,2649735S2237,ロキソプロフェンナトリウムテープ５０ｍｇ「タイホウ」,
外用薬,2649735SCZZZ,【般】ロキソプロフェンＮａテープ５０ｍｇ（７×１０ｃｍ温感）,ロキソプロフェンナトリウム水和物,７ｃｍ×１０ｃｍ１枚,加算1,例外コード,12.3,,2649735S2261,ロキソプロフェンＮａテープ５０ｍｇ「三友」,
外用薬,2649735SDZZZ,【般】ロキソプロフェンＮａテープ１００ｍｇ（１０×１４ｃｍ温感）,ロキソプロフェンナトリウム水和物,１０ｃｍ×１４ｃｍ１枚,加算1,例外コード,18.3,,2649735S3233,ロキソプロフェンナトリウムテープ１００ｍｇ「タイホウ」,
外用薬,2649735SDZZZ,【般】ロキソプロフェンＮａテープ１００ｍｇ（１０×１４ｃｍ温感）,ロキソプロフェンナトリウム水和物,１０ｃｍ×１４ｃｍ１枚,加算1,例外コード,18.3,,2649735S3268,ロキソプロフェンＮａテープ１００ｍｇ「三友」,
外用薬,2649830XAZZZ,【般】サリチル酸メチル等配合パップ１０ｇ（非温感）,パップ剤,１０ｇ,加算1,例外コード,8.7,各品目により成分・含量が異なる,2649830X1039,パステルハップ,
外用薬,2649830XAZZZ,【般】サリチル酸メチル等配合パップ１０ｇ（非温感）,パップ剤,１０ｇ,加算1,例外コード,8.7,各品目により成分・含量が異なる,2649895S1028,ＭＳ冷シップ「タイホウ」,
外用薬,2649830XAZZZ,【般】サリチル酸メチル等配合パップ１０ｇ（非温感）,パップ剤,１０ｇ,加算1,例外コード,8.7,各品目により成分・含量が異なる,2649895S1044,ＭＳ冷シップ「タカミツ」,
外用薬,2649830XAZZZ,【般】サリチル酸メチル等配合パップ１０ｇ（非温感）,パップ剤,１０ｇ,加算1,例外コード,8.7,各品目により成分・含量が異なる,2649895S1052,ラクール冷シップ,
外用薬,2649831SAZZZ,【般】サリチル酸メチル等配合パップ１０ｇ（温感）,パップ剤,１０ｇ,加算1,例外コード,8.7,,2649831S1028,ハーネシップ,
外用薬,2649831SAZZZ,【般】サリチル酸メチル等配合パップ１０ｇ（温感）,パップ剤,１０ｇ,加算1,例外コード,8.7,,2649843S1039,ＭＳ温シップ「タイホウ」,
外用薬,2649831SAZZZ,【般】サリチル酸メチル等配合パップ１０ｇ（温感）,パップ剤,１０ｇ,加算1,例外コード,8.7,,2649843S1055,ＭＳ温シップ「タカミツ」,
外用薬,2649831SAZZZ,【般】サリチル酸メチル等配合パップ１０ｇ（温感）,パップ剤,１０ｇ,加算1,例外コード,8.7,,2649843S1071,ラクール温シップ,
外用薬,2649865N1ZZZ,【般】副腎エキス・ヘパリン類似物質・サリチル酸配合クリーム,副腎エキス・ヘパリン類似物質配合剤,１ｇ,加算1,,7,,,,
外用薬,2649893S1ZZZ,【般】サリチル酸メチル等配合テープ（７×１０ｃｍ非温感）,パップ剤,７ｃｍ×１０ｃｍ１枚,加算1,,8,,,,
外用薬,2649950M1ZZZ,【般】ヘパリン類似物質ゲル０．３％,ヘパリン類似物質,１ｇ,"加算1,2",,6.1,,,,
外用薬,2652701M1ZZZ,【般】サリチル酸軟膏５％,サリチル酸,５％１０ｇ,加算1,,25.7,,,,
外用薬,2652701M2ZZZ,【般】サリチル酸軟膏１０％,サリチル酸,１０％１０ｇ,加算1,,25.7,,,,
外用薬,2655700M1ZZZ,【般】クロトリマゾール軟膏１％,クロトリマゾール,１％１ｇ,加算1,,13.2,,,,
外用薬,2655700N1ZZZ,【般】クロトリマゾールクリーム１％,クロトリマゾール,１％１ｇ,"加算1,2",,6,,,,
外用薬,2655700Q2ZZZ,【般】クロトリマゾール外用液１％,クロトリマゾール,１％１ｍＬ,"加算1,2",,13.2,,,,
外用薬,2655702N1ZZZ,【般】ミコナゾール硝酸塩クリーム１％,ミコナゾール硝酸塩,１％１ｇ,"加算1,2",,6.6,,,,
外用薬,2655708N1ZZZ,【般】ビホナゾールクリーム１％,ビホナゾール,１％１ｇ,"加算1,2",,10.1,,,,
外用薬,2655708Q1ZZZ,【般】ビホナゾール外用液１％,ビホナゾール,１％１ｍＬ,"加算1,2",,10.1,,,,
外用薬,2655709N1ZZZ,【般】ケトコナゾールクリーム２％,ケトコナゾール,２％１ｇ,"加算1,2",,18.5,,,,
外用薬,2655709Q1ZZZ,【般】ケトコナゾール外用液２％,ケトコナゾール,２％１ｇ,"加算1,2",,18.5,,,,
外用薬,2655709R1ZZZ,【般】ケトコナゾールスプレー２％,ケトコナゾール,２％１ｇ,加算1,,40.8,,,,
外用薬,2655710M1ZZZ,【般】ラノコナゾール軟膏１％,ラノコナゾール,１％１ｇ,"加算1,2",,21.1,,,,
外用薬,2655710N1ZZZ,【般】ラノコナゾールクリーム１％,ラノコナゾール,１％１ｇ,"加算1,2",,21.1,,,,
外用薬,2655710Q1ZZZ,【般】ラノコナゾール外用液１％,ラノコナゾール,１％１ｍＬ,"加算1,2",,21.1,,,,
外用薬,2659708N1ZZZ,【般】ブテナフィン塩酸塩クリーム１％,ブテナフィン塩酸塩,１％１ｇ,"加算1,2",,22,,,,
外用薬,2659708Q1ZZZ,【般】ブテナフィン塩酸塩外用液１％,ブテナフィン塩酸塩,１％１ｍＬ,"加算1,2",,22,,,,
外用薬,2659708R1ZZZ,【般】ブテナフィン塩酸塩スプレー１％,ブテナフィン塩酸塩,１％１ｍＬ,"加算1,2",,40.7,該当する後発品の経過措置期限が令和2年3月31日であることから、同年4月1日以降は一般名処方マスタから削除される予定,,,
外用薬,2659710N1ZZZ,【般】テルビナフィン塩酸塩クリーム１％,テルビナフィン塩酸塩,１％１ｇ,"加算1,2",,13.3,,,,
外用薬,2659710Q1ZZZ,【般】テルビナフィン塩酸塩外用液１％,テルビナフィン塩酸塩,１％１ｇ,"加算1,2",,13.3,,,,
外用薬,2659710R1ZZZ,【般】テルビナフィン塩酸塩スプレー１％,テルビナフィン塩酸塩,１％１ｇ,"加算1,2",,35.8,該当する後発品の経過措置期限が令和2年3月31日であることから、同年4月1日以降は一般名処方マスタから削除される予定,,,
外用薬,2669701N1ZZZ,【般】尿素クリーム１０％,尿素,１０％１ｇ,"加算1,2",,4.5,,,,
外用薬,2669701N2ZZZ,【般】尿素クリーム２０％,尿素,２０％１ｇ,"加算1,2",,4.7,,,,
外用薬,2679701Q1ZZZ,【般】カルプロニウム塩化物外用液５％,カルプロニウム塩化物,５％１ｍＬ,加算1,,11.4,,,,
外用薬,2691700M1ZZZ,【般】タカルシトール軟膏０．０００２％,タカルシトール水和物,０．０００２％１ｇ,"加算1,2",,49.5,,,,
外用薬,2691700N1ZZZ,【般】タカルシトールクリーム０．０００２％,タカルシトール水和物,０．０００２％１ｇ,"加算1,2",,49.5,,,,
外用薬,2691702M1ZZZ,【般】マキサカルシトール軟膏０．００２５％,マキサカルシトール,０．００２５％１ｇ,"加算1,2",,55.8,,,,
外用薬,2699709M1ZZZ,【般】タクロリムス軟膏０．１％,タクロリムス水和物,０．１％１ｇ,"加算1,2",,51.5,,,,
外用薬,2699711N1ZZZ,【般】アダパレンクリーム０．１％,アダパレン,０．１％１ｇ,加算1,,38.4,,,,
外用薬,2699711Q1ZZZ,【般】アダパレンゲル０．１％,アダパレン,０．１％１ｇ,"加算1,2",,38.4,,,,
外用薬,2699801V1ZZZ,【般】精製白糖・ポビドンヨード配合軟膏,精製白糖・ポビドンヨード,１ｇ,"加算1,2",,10.5,先発品はユーパスタコーワ軟膏／ソアナース軟膏,,,
外用薬,3323702Q1ZZZ,【般】トロンビン経口局所用液５，０００単位５ｍＬ,トロンビン,５，０００単位５ｍＬ１瓶,加算1,,702.1,,,,
外用薬,3325700S1ZZZ,【般】酸化セルロース貼付剤（ニューニット２．５×８．９ｃｍ）,酸化セルロース,ニューニット２．５ｃｍ×８．９ｃｍ,加算1,,1964.1,,,,
外用薬,3325700S2ZZZ,【般】酸化セルロース貼付剤（ニューニット７．６×１０．２ｃｍ）,酸化セルロース,ニューニット７．６ｃｍ×１０．２ｃｍ,加算1,,2421.1,,,,
外用薬,3325700S3ZZZ,【般】酸化セルロース貼付剤（ニューニット１５．２×２２．９ｃｍ）,酸化セルロース,ニューニット１５．２ｃｍ×２２．９ｃｍ,加算1,,2939.1,,,,
外用薬,3325700X4ZZZ,【般】酸化セルロース貼付剤（１．３×５．１ｃｍ）,酸化セルロース,１．３ｃｍ×５．１ｃｍ１枚,加算1,,919.7,,,,
外用薬,3325700X5ZZZ,【般】酸化セルロース貼付剤（５．１×７．６ｃｍ）,酸化セルロース,５．１ｃｍ×７．６ｃｍ１枚,加算1,,1206.7,,,,
外用薬,3325700X6ZZZ,【般】酸化セルロース貼付剤（５．１×３５．６ｃｍ）,酸化セルロース,５．１ｃｍ×３５．６ｃｍ１枚,加算1,,1592.9,,,,
外用薬,3325700X7ZZZ,【般】酸化セルロース貼付剤（１０．２×２０．３ｃｍ）,酸化セルロース,１０．２ｃｍ×２０．３ｃｍ１枚,加算1,,1669,,,,
外用薬,3325700X8ZZZ,【般】酸化セルロース貼付剤（綿型５．１×２．５ｃｍ）,酸化セルロース,綿型５．１ｃｍ×２．５ｃｍ１枚,加算1,,1752.8,,,,
外用薬,3325700X9ZZZ,【般】酸化セルロース貼付剤（ニューニット２．５×２．５ｃｍ）,酸化セルロース,ニューニット２．５ｃｍ×２．５ｃｍ,加算1,,1561.3,,,,
外用薬,3339950M1ZZZ,【般】ヘパリン類似物質軟膏０．３％,ヘパリン類似物質,１ｇ,"加算1,2",,4.7,,,,
外用薬,3339950N1ZZZ,【般】ヘパリン類似物質クリーム０．３％,ヘパリン類似物質,１ｇ,"加算1,2",,4.7,,,,
外用薬,3339950Q1ZZZ,【般】ヘパリン類似物質外用液０．３％,ヘパリン類似物質,１ｇ,"加算1,2",,4.7,,,,
外用薬,3339950R1ZZZ,【般】ヘパリン類似物質スプレー０．３％,ヘパリン類似物質,１ｇ,"加算1,2",,13.5,,,,
外用薬,6250700M1ZZZ,【般】ビダラビン軟膏３％,ビダラビン,３％１ｇ,"加算1,2",,102,,,,
外用薬,6250700N1ZZZ,【般】ビダラビンクリーム３％,ビダラビン,３％１ｇ,"加算1,2",,102,,,,
外用薬,6250701M1ZZZ,【般】アシクロビル軟膏５％,アシクロビル,５％１ｇ,"加算1,2",,106,,,,
外用薬,6250701N1ZZZ,【般】アシクロビルクリーム５％,アシクロビル,５％１ｇ,"加算1,2",,106,,,,
外用薬,7190700X1ZZZ,【般】ウイテプゾール,ウイテプゾール,１０ｇ,加算1,,37.1,,,,
外用薬,7290703T1ZZZ,【般】フルオレセインＮａ試験紙０．７ｍｇ,フルオレセイン,１枚,加算1,,15.1,,,,
外用薬,7319700Q1ZZZ,【般】安息香チンキ外用液,安息香,１０ｍＬ,加算1,,22.1,,,,
外用薬,8219700S5ZZZ,【般】フェンタニルテープ２．１ｍｇ（３日用）,フェンタニル,２．１ｍｇ１枚,"加算1,2",,1222.8,先発品はデュロテップＭＴパッチ２．１ｍｇ,,,
外用薬,8219700S6ZZZ,【般】フェンタニルテープ４．２ｍｇ（３日用）,フェンタニル,４．２ｍｇ１枚,"加算1,2",,2260.8,先発品はデュロテップＭＴパッチ４．２ｍｇ,,,
外用薬,8219700S7ZZZ,【般】フェンタニルテープ８．４ｍｇ（３日用）,フェンタニル,８．４ｍｇ１枚,"加算1,2",,4201.9,先発品はデュロテップＭＴパッチ８．４ｍｇ,,,
外用薬,8219700S8ZZZ,【般】フェンタニルテープ１２．６ｍｇ（３日用）,フェンタニル,１２．６ｍｇ１枚,"加算1,2",,5855.1,先発品はデュロテップＭＴパッチ１２．６ｍｇ,,,
外用薬,8219700S9ZZZ,【般】フェンタニルテープ１６．８ｍｇ（３日用）,フェンタニル,１６．８ｍｇ１枚,"加算1,2",,7883.8,先発品はデュロテップＭＴパッチ１６．８ｍｇ,,,
外用薬,8219700T1ZZZ,【般】フェンタニルテープ０．８４ｍｇ（１日用）,フェンタニル,０．８４ｍｇ１枚,"加算1,2",,261.2,先発品はワンデュロパッチ０．８４ｍｇ,,,
外用薬,8219700T2ZZZ,【般】フェンタニルテープ１．７ｍｇ（１日用）,フェンタニル,１．７ｍｇ１枚,"加算1,2",,490.1,先発品はワンデュロパッチ１．７ｍｇ,,,
外用薬,8219700T3ZZZ,【般】フェンタニルテープ３．４ｍｇ（１日用）,フェンタニル,３．４ｍｇ１枚,"加算1,2",,909,先発品はワンデュロパッチ３．４ｍｇ,,,
外用薬,8219700T4ZZZ,【般】フェンタニルテープ５ｍｇ（１日用）,フェンタニル,５ｍｇ１枚,"加算1,2",,1356.3,先発品はワンデュロパッチ５ｍｇ,,,
外用薬,8219700T5ZZZ,【般】フェンタニルテープ６．７ｍｇ（１日用）,フェンタニル,６．７ｍｇ１枚,"加算1,2",,1685.4,先発品はワンデュロパッチ６．７ｍｇ,,,
外用薬,8219701S1ZZZ,【般】フェンタニルクエン酸塩テープ１ｍｇ（１日用）,フェンタニルクエン酸塩,１ｍｇ１枚,"加算1,2",,262.9,先発品はフェントステープ１ｍｇ,,,
外用薬,8219701S2ZZZ,【般】フェンタニルクエン酸塩テープ２ｍｇ（１日用）,フェンタニルクエン酸塩,２ｍｇ１枚,"加算1,2",,490.2,先発品はフェントステープ２ｍｇ,,,
外用薬,8219701S3ZZZ,【般】フェンタニルクエン酸塩テープ４ｍｇ（１日用）,フェンタニルクエン酸塩,４ｍｇ１枚,"加算1,2",,924,先発品はフェントステープ４ｍｇ,,,
外用薬,8219701S4ZZZ,【般】フェンタニルクエン酸塩テープ６ｍｇ（１日用）,フェンタニルクエン酸塩,６ｍｇ１枚,"加算1,2",,1324.9,先発品はフェントステープ６ｍｇ,,,
外用薬,8219701S5ZZZ,【般】フェンタニルクエン酸塩テープ８ｍｇ（１日用）,フェンタニルクエン酸塩,８ｍｇ１枚,"加算1,2",,1704.1,先発品はフェントステープ８ｍｇ,,,
